-- phpMyAdmin SQL Dump
-- version 5.2.0
-- https://www.phpmyadmin.net/
--
-- Servidor: localhost
-- Tiempo de generación: 29-11-2024 a las 15:03:02
-- Versión del servidor: 10.4.27-MariaDB
-- Versión de PHP: 7.4.33

SET SQL_MODE = "NO_AUTO_VALUE_ON_ZERO";
START TRANSACTION;
SET time_zone = "+00:00";


/*!40101 SET @OLD_CHARACTER_SET_CLIENT=@@CHARACTER_SET_CLIENT */;
/*!40101 SET @OLD_CHARACTER_SET_RESULTS=@@CHARACTER_SET_RESULTS */;
/*!40101 SET @OLD_COLLATION_CONNECTION=@@COLLATION_CONNECTION */;
/*!40101 SET NAMES utf8mb4 */;

--
-- Base de datos: `cicloVida_bd`
--

-- --------------------------------------------------------

--
-- Estructura de tabla para la tabla `agricultores`
--

CREATE TABLE `agricultores` (
  `id` int(11) NOT NULL,
  `id_usuario` int(11) NOT NULL,
  `referencia_junta` varchar(160) DEFAULT NULL,
  `telefono` varchar(25) DEFAULT NULL,
  `created_at` timestamp NOT NULL DEFAULT current_timestamp() ON UPDATE current_timestamp(),
  `updated_at` timestamp NULL DEFAULT NULL,
  `fecha_baja` timestamp NULL DEFAULT NULL
) ENGINE=InnoDB DEFAULT CHARSET=utf8mb4 COLLATE=utf8mb4_general_ci;

--
-- Volcado de datos para la tabla `agricultores`
--

INSERT INTO `agricultores` (`id`, `id_usuario`, `referencia_junta`, `telefono`, `created_at`, `updated_at`, `fecha_baja`) VALUES
(1, 2, NULL, '+34129191921', '2024-10-24 08:27:35', '2024-10-24 08:27:35', NULL),
(2, 8, 'meow', '+346371289381', '2024-11-05 07:38:50', '2024-11-05 07:38:50', NULL),
(3, 9, NULL, NULL, '2024-11-06 08:21:18', '2024-11-06 08:21:18', NULL),
(4, 10, NULL, '123', '2024-11-06 08:22:08', '2024-11-06 08:22:08', NULL),
(5, 11, NULL, '123', '2024-11-06 08:23:21', '2024-11-06 08:23:21', NULL),
(6, 12, NULL, '12123', '2024-11-06 08:24:00', '2024-11-06 08:24:00', NULL),
(7, 13, NULL, NULL, '2024-11-06 08:24:57', '2024-11-06 08:24:57', NULL),
(8, 14, NULL, NULL, '2024-11-06 08:26:51', '2024-11-06 08:26:51', NULL),
(9, 15, NULL, '123', '2024-11-06 08:28:28', '2024-11-06 08:28:28', NULL),
(10, 16, NULL, NULL, '2024-11-06 08:29:09', '2024-11-06 08:29:09', NULL);

-- --------------------------------------------------------

--
-- Estructura de tabla para la tabla `aperos`
--

CREATE TABLE `aperos` (
  `id` int(11) NOT NULL,
  `nombre` varchar(255) NOT NULL,
  `labores_simapro` varchar(255) NOT NULL,
  `tiempo_m_labor` decimal(3,2) NOT NULL,
  `rendimiento_simapro` decimal(3,2) NOT NULL,
  `unidad` varchar(4) NOT NULL,
  `vida` int(11) NOT NULL COMMENT 'vida util en horas',
  `peso` int(11) DEFAULT NULL,
  `consumo` int(11) NOT NULL COMMENT 'Esto en realidad es el rendimiento y se calcula multiplicando el numero de pases por el tiempo medio de labor en h/ha',
  `created_at` timestamp NOT NULL DEFAULT current_timestamp() ON UPDATE current_timestamp(),
  `updated_at` timestamp NULL DEFAULT NULL
) ENGINE=InnoDB DEFAULT CHARSET=utf8mb4 COLLATE=utf8mb4_general_ci;

--
-- Volcado de datos para la tabla `aperos`
--

INSERT INTO `aperos` (`id`, `nombre`, `labores_simapro`, `tiempo_m_labor`, `rendimiento_simapro`, `unidad`, `vida`, `peso`, `consumo`, `created_at`, `updated_at`) VALUES
(1, 'Abonadora', 'Fertilising, by broadcaster [CH]', '0.33', '1.50', 'ha', 1500, 160, 0, '2024-10-17 07:44:34', NULL),
(2, 'Arado', 'Tillage, ploughing [CH]', '1.50', '2.10', 'ha', 3000, 500, 0, '2024-10-17 07:44:34', NULL),
(3, 'Arado subsolador', 'Tillage, subsoiling, by subsoiler plow [RoW]', '2.00', '1.00', 'ha', 3000, 600, 0, '2024-10-17 07:44:34', NULL),
(4, 'Atomizador', 'Application of plant protection product, by field sprayer [CH]', '0.25', '0.70', 'ha', 1000, 1000, 0, '2024-10-17 07:44:34', NULL),
(5, 'Barra + cuba', 'Application of plant protection product, by field sprayer [CH]', '0.25', '0.70', 'ha', 1000, 1000, 0, '2024-10-17 07:44:34', NULL),
(6, 'Caliza/Yeso', 'Limestone and gypsum application, by spreader [RoW]', '0.50', '1.00', 'ha', 1500, 5000, 0, '2024-10-17 07:44:34', NULL),
(7, 'Chisel', 'Tillage, cultivating, chiselling [CH]', '1.50', '1.20', 'ha', 3000, 750, 0, '2024-10-17 07:44:34', NULL),
(8, 'Conformadora de camas', '*Podría ser similar al rotavato si lo lleva integrado, sino al rulo*', '2.00', '1.00', 'ha', 10000, 625, 0, '2024-10-17 07:44:34', NULL),
(9, 'Cosechadora', 'Combine harvesting [CH]', '3.50', '1.30', 'ha', 3500, 1000, 0, '2024-10-17 07:44:34', NULL),
(10, 'Cultivador', 'Tillage, cultivating, chiselling [CH]', '1.50', '1.20', 'ha', 3000, 400, 0, '2024-10-17 07:44:34', NULL),
(11, 'Cultivador con enmiendas', 'Tillage, field cultivator with ammendment [US]', '1.50', '1.50', 'ha', 3000, 400, 0, '2024-10-17 07:44:34', NULL),
(12, 'Cultivador con puas', 'Tillage, field cultivator [US]', '1.50', '1.50', 'ha', 3000, 400, 0, '2024-10-17 07:44:34', NULL),
(13, 'Cultivador por escardadora', 'Tillage, currying, by weeder [CH]', '1.50', '0.50', 'ha', 3000, 400, 0, '2024-10-17 07:44:34', NULL),
(14, 'Desbrozadora', 'Weed control, by brush cutter, pasture', '0.50', '0.30', 'ha', 1200, 170, 0, '2024-10-17 07:44:34', NULL),
(15, 'Estiercol líquido cisterna', 'Liquid manure spreading, by vacuum tanker [CH]', '0.25', '0.06', 'm3', 2500, 5000, 0, '2024-10-17 07:44:34', NULL),
(16, 'Formador de caballones', 'Tillage, ridge cultivator [US]', '2.00', '1.00', 'ha', 10000, 625, 0, '2024-10-17 07:44:34', NULL),
(17, 'Grada de discos de nivelación compensada', 'Tillage, harrowing, by offset leveling disc harrow [RoW]', '0.75', '1.00', 'ha', 3000, 1800, 0, '2024-10-17 07:44:34', NULL),
(18, 'Grada de discos rotativa', 'Tillage, harrowing, by rotary harrow [CH]', '0.75', '1.20', 'ha', 3000, 1800, 0, '2024-10-17 07:44:34', NULL),
(19, 'Grada de discos tandem', 'Tillage, harrowing, by tandem disk [US]', '0.75', '1.00', 'ha', 3000, 1800, 0, '2024-10-17 07:44:34', NULL),
(20, 'Grada de puas', 'Tillage, harrowing, by spring tine harrow [CH]', '0.33', '0.80', 'ha', 3000, 900, 0, '2024-10-17 07:44:34', NULL),
(21, 'Gradas de discos', 'Tillage, harrowing, by offset disc harrow [RoW]', '0.50', '1.00', 'ha', 3000, 1800, 0, '2024-10-17 07:44:34', NULL),
(22, 'Inyección de abono', 'Fertilising, by injection [CH]', '0.50', '1.50', 'ha', 1000, 0, 0, '2024-10-17 07:44:34', NULL),
(23, 'Laboreo de discos', 'Tillage, disking [US]', '2.00', '1.20', 'ha', 3000, 400, 0, '2024-10-17 07:44:34', NULL),
(24, 'Laboreo de discos con enmienda', 'Tillage, disking, with ammendment [US]', '2.00', '1.20', 'ha', 3000, 400, 0, '2024-10-17 07:44:34', NULL),
(25, 'Labrado en bandas', 'Tillage, cultivating, by strip tiller [US]', '2.00', '1.00', 'ha', 3000, 400, 0, '2024-10-17 07:44:34', NULL),
(26, 'Nivelación', 'Field leveling, sugarcane [RoW]', '2.50', '9.99', 'ha', 1000, 0, 0, '2024-10-17 07:44:34', NULL),
(27, 'Picado de maíz', 'Chopping, maize [CH]', '0.50', '7.00', 'ha', 1400, 210, 0, '2024-10-17 07:44:34', NULL),
(28, 'Picado de tallos', 'Stalk shredding [US]', '0.50', '1.00', 'ha', 1400, 210, 0, '2024-10-17 07:44:34', NULL),
(29, 'Picadora', 'Mulching [CH]', '0.50', '1.10', 'ha', 1200, 210, 0, '2024-10-17 07:44:34', NULL),
(30, 'Riego por goteo', 'Irrigation drip [ES]', '1.00', '1.00', 'm3', 1000, 0, 0, '2024-10-17 07:44:34', NULL),
(31, 'Riego por inundación', 'Irrigation surface [ES]', '1.00', '1.00', 'm3', 1000, 0, 0, '2024-10-17 07:44:34', NULL),
(32, 'Rotavator', 'Tillage, rotary cultivator [CH]', '1.00', '1.50', 'ha', 1200, 625, 0, '2024-10-17 07:44:34', NULL),
(33, 'Rulo', 'Tillage, rolling [CH]', '0.33', '0.90', 'ha', 1200, 1500, 0, '2024-10-17 07:44:34', NULL),
(34, 'Sembradora rotativa', 'Mowing, by rotary mower [CH]', '0.75', '0.90', 'ha', 1200, 960, 0, '2024-10-17 07:44:34', NULL),
(35, 'Sembradora con labranza (reja de pico)', 'Planting, by ridge planter [US]', '0.75', '1.00', 'ha', 1200, 960, 0, '2024-10-17 07:44:34', NULL),
(36, 'Sembradora en hilera', 'Planting, by row crop planter', '0.75', '1.00', 'ha', 1200, 960, 0, '2024-10-17 07:44:34', NULL),
(37, 'Sembradora neumática', 'Planting, by drill [US]', '0.75', '9.99', 'ha', 1200, 960, 0, '2024-10-17 07:44:34', NULL),
(38, 'Semi,chisel', '*Similar al chisel*', '1.50', '1.00', 'ha', 3000, 750, 0, '2024-10-17 07:44:34', NULL),
(39, 'Siembra', 'Sowing [CH]', '0.75', '1.30', 'ha', 1200, 1680, 0, '2024-10-17 07:44:34', NULL),
(40, 'Siembra a voleo sin laboreo', 'Planting with starter fertiliser, by no till planter [RoW]', '0.25', '0.21', 'ha', 1200, 160, 0, '2024-10-17 07:44:34', NULL),
(41, 'Siembra con abonado o enmienda SIN laboreo', 'Planting with starter fertiliser or ammendment, by no till planter [US]', '0.75', '0.21', 'ha', 1200, 600, 0, '2024-10-17 07:44:34', NULL),
(42, 'Siembra con abonado o enmienda y laboreo', 'Planting with starter fertiliser or ammendment, by drill [US]', '1.33', '1.30', 'ha', 1200, 600, 0, '2024-10-17 07:44:34', NULL),
(43, 'Siembra con abonado y laboreo con SUBSOLASOR', 'Planting with starter fertiliser or ammendment, by subsoiler/v,ripper planter [US]', '1.33', '0.23', 'ha', 1200, 600, 0, '2024-10-17 07:44:34', NULL),
(44, 'Siembra directa', 'Planting, by no till drill [US]', '0.75', '1.00', 'ha', 1200, 600, 0, '2024-10-17 07:44:34', NULL),
(45, 'Siembra en hilera con abonado y laboreo', 'Planting with starter fertiliser or ammendment, by row crop planter [US]', '1.33', '0.21', 'ha', 1200, 600, 0, '2024-10-17 07:44:34', NULL),
(46, 'Siembra sin labranza', 'Planting, by no till planter [US]', '0.75', '1.00', 'ha', 1200, 600, 0, '2024-10-17 07:44:34', NULL),
(47, 'Subsolador', 'Tillage, subsoiling, by subsoiler or v,ripper [US]', '2.50', '1.00', 'ha', 3000, 900, 0, '2024-10-17 07:44:34', NULL),
(48, 'Trasplantadora', 'Planting [CH]', '3.00', '9.99', 'ha', 1200, 1125, 0, '2024-10-17 07:44:34', NULL),
(49, 'Transplantadora de árboles', 'Planting tree [CH]', '3.50', '1.00', 'p', 1200, 1125, 0, '2024-10-17 07:44:34', NULL),
(50, 'Vertederas', 'Tillage, harrowing, by moldboard plow [US]', '1.50', '1.00', 'ha', 3000, 1000, 0, '2024-10-17 07:44:34', NULL);

-- --------------------------------------------------------

--
-- Estructura de tabla para la tabla `aperos_agricultor`
--

CREATE TABLE `aperos_agricultor` (
  `id_apero` int(11) NOT NULL,
  `id_agricultor` int(11) NOT NULL
) ENGINE=InnoDB DEFAULT CHARSET=utf8mb4 COLLATE=utf8mb4_general_ci;

--
-- Volcado de datos para la tabla `aperos_agricultor`
--

INSERT INTO `aperos_agricultor` (`id_apero`, `id_agricultor`) VALUES
(1, 1);

-- --------------------------------------------------------

--
-- Estructura de tabla para la tabla `aperos_cultivo`
--

CREATE TABLE `aperos_cultivo` (
  `id_cultivo_parcela` int(11) NOT NULL,
  `id_apero` int(11) NOT NULL,
  `fecha` timestamp NOT NULL DEFAULT current_timestamp() ON UPDATE current_timestamp(),
  `pases` int(11) NOT NULL,
  `id_maquina` int(11) DEFAULT NULL COMMENT 'referencia al identificador de la maquinaria/tractor que llevará el apero'
) ENGINE=InnoDB DEFAULT CHARSET=utf8mb4 COLLATE=utf8mb4_general_ci;

-- --------------------------------------------------------

--
-- Estructura de tabla para la tabla `cultivos`
--

CREATE TABLE `cultivos` (
  `id` int(11) NOT NULL,
  `nombre` varchar(255) NOT NULL,
  `created_at` timestamp NOT NULL DEFAULT current_timestamp() ON UPDATE current_timestamp(),
  `updated_at` timestamp NOT NULL DEFAULT '0000-00-00 00:00:00'
) ENGINE=InnoDB DEFAULT CHARSET=utf8mb4 COLLATE=utf8mb4_general_ci;

--
-- Volcado de datos para la tabla `cultivos`
--

INSERT INTO `cultivos` (`id`, `nombre`, `created_at`, `updated_at`) VALUES
(1, 'Olivo', '2024-10-18 08:32:33', '0000-00-00 00:00:00'),
(2, 'Viñedo', '2024-10-18 08:32:47', '0000-00-00 00:00:00'),
(3, 'Arroz', '2024-10-18 08:33:11', '0000-00-00 00:00:00'),
(4, 'Tomate', '2024-10-18 08:33:22', '0000-00-00 00:00:00'),
(5, 'Ciruelo', '2024-11-26 11:11:14', '0000-00-00 00:00:00'),
(6, 'Melocotonero', '2024-11-26 11:11:29', '0000-00-00 00:00:00');

-- --------------------------------------------------------

--
-- Estructura de tabla para la tabla `cultivo_parcela`
--

CREATE TABLE `cultivo_parcela` (
  `id` int(11) NOT NULL COMMENT 'Tiene un identificador unico ya que esto representa el cultivo hasta sobre el cual se va a calcular el ciclo de vida y puede cambiar cada año',
  `id_parcela` int(11) NOT NULL,
  `id_cultivo` int(11) NOT NULL,
  `created_at` timestamp NOT NULL DEFAULT current_timestamp() ON UPDATE current_timestamp(),
  `updated_at` timestamp NULL DEFAULT NULL,
  `fecha_baja` timestamp NULL DEFAULT NULL,
  `fecha_siembra` timestamp NULL DEFAULT NULL,
  `fecha_recoleccion` timestamp NULL DEFAULT NULL,
  `espaldera` tinyint(3) DEFAULT NULL COMMENT '0 por defecto los cultivos no tienen espalderas a no ser que se indique lo contrario',
  `n_pisos` tinyint(5) DEFAULT NULL COMMENT 'numero de pisos de la espaldera (solo en vid)',
  `sistema_riego` tinyint(5) DEFAULT NULL,
  `n_goteros_arbol` int(11) DEFAULT NULL COMMENT 'en caso de sitema de riego por goteros autocompensados',
  `bomba` int(11) DEFAULT NULL COMMENT 'el id correspondiente a la tabla de Grupos de bombeo (bombas)',
  `entre_arboles` decimal(5,2) DEFAULT NULL,
  `entre_calles` decimal(5,2) DEFAULT NULL,
  `superficie_cultivada` decimal(5,2) DEFAULT NULL COMMENT 'primer paso en hectareas',
  `agua` int(11) DEFAULT NULL COMMENT 'consumo de agua (m3/ha)',
  `produccion_t_ha` decimal(5,2) DEFAULT NULL,
  `dias_ciclo` int(11) DEFAULT NULL COMMENT 'dias hasta recoleccion',
  `cosecha` tinyint(1) NOT NULL DEFAULT 1 COMMENT 'booleano para indicar si la cosecha se hace mediante maquinaria, true (1) o si se hace a mano como en viña y olivo -> false(0)',
  `informe_impacto` longblob DEFAULT NULL COMMENT 'informe de simapro'
) ENGINE=InnoDB DEFAULT CHARSET=utf8mb4 COLLATE=utf8mb4_general_ci;

--
-- Volcado de datos para la tabla `cultivo_parcela`
--

INSERT INTO `cultivo_parcela` (`id`, `id_parcela`, `id_cultivo`, `created_at`, `updated_at`, `fecha_baja`, `fecha_siembra`, `fecha_recoleccion`, `espaldera`, `n_pisos`, `sistema_riego`, `n_goteros_arbol`, `bomba`, `entre_arboles`, `entre_calles`, `superficie_cultivada`, `agua`, `produccion_t_ha`, `dias_ciclo`, `cosecha`, `informe_impacto`) VALUES
(1, 1, 4, '2024-11-29 13:57:47', '2024-11-29 12:57:47', NULL, '2024-11-13 23:00:00', '2024-11-13 23:00:00', 2, 2, 1, 2, 13, '1.30', '3.00', '10.00', 5000, '11.00', 100, 0, NULL),
(2, 1, 2, '2024-11-18 06:17:48', '2024-11-18 06:17:48', NULL, '2024-11-17 23:00:00', '2024-11-17 23:00:00', NULL, NULL, NULL, NULL, NULL, NULL, NULL, NULL, NULL, NULL, NULL, 1, NULL),
(3, 2, 1, '2024-11-28 13:37:26', '2024-11-28 12:37:26', '2024-11-28 12:37:26', '2024-11-19 23:00:00', '2024-11-19 23:00:00', NULL, NULL, NULL, NULL, NULL, NULL, NULL, NULL, NULL, NULL, NULL, 1, NULL);

-- --------------------------------------------------------

--
-- Estructura de tabla para la tabla `espalderas`
--

CREATE TABLE `espalderas` (
  `id` tinyint(3) NOT NULL,
  `nombre` varchar(255) NOT NULL
) ENGINE=InnoDB DEFAULT CHARSET=utf8mb4 COLLATE=utf8mb4_general_ci;

--
-- Volcado de datos para la tabla `espalderas`
--

INSERT INTO `espalderas` (`id`, `nombre`) VALUES
(1, 'Espaldera en olivos'),
(2, 'Espaldera en vid');

-- --------------------------------------------------------

--
-- Estructura de tabla para la tabla `failed_jobs`
--

CREATE TABLE `failed_jobs` (
  `id` bigint(20) UNSIGNED NOT NULL,
  `uuid` varchar(255) NOT NULL,
  `connection` text NOT NULL,
  `queue` text NOT NULL,
  `payload` longtext NOT NULL,
  `exception` longtext NOT NULL,
  `failed_at` timestamp NOT NULL DEFAULT current_timestamp()
) ENGINE=InnoDB DEFAULT CHARSET=utf8mb4 COLLATE=utf8mb4_unicode_ci;

-- --------------------------------------------------------

--
-- Estructura de tabla para la tabla `fertilizantes_cultivo`
--

CREATE TABLE `fertilizantes_cultivo` (
  `id_cultivo_parcela` int(11) NOT NULL,
  `nombre_fertilizante` varchar(150) DEFAULT NULL,
  `uds_N` decimal(6,3) DEFAULT NULL,
  `uds_P` decimal(6,0) DEFAULT NULL,
  `uds_K` decimal(6,0) DEFAULT NULL,
  `porcentaje_N` decimal(5,2) DEFAULT NULL,
  `porcentaje_P` decimal(5,2) DEFAULT NULL,
  `porcentaje_K` decimal(5,2) DEFAULT NULL,
  `kg_ha` decimal(6,2) DEFAULT NULL,
  `km` decimal(5,2) DEFAULT NULL COMMENT 'kilometraje de transporte',
  `fecha` timestamp NOT NULL DEFAULT current_timestamp()
) ENGINE=InnoDB DEFAULT CHARSET=utf8mb4 COLLATE=utf8mb4_general_ci;

--
-- Volcado de datos para la tabla `fertilizantes_cultivo`
--

INSERT INTO `fertilizantes_cultivo` (`id_cultivo_parcela`, `nombre_fertilizante`, `uds_N`, `uds_P`, `uds_K`, `porcentaje_N`, `porcentaje_P`, `porcentaje_K`, `kg_ha`, `km`, `fecha`) VALUES
(1, NULL, NULL, NULL, NULL, '10.00', '5.00', '15.00', '300.00', '100.00', '2024-11-27 13:26:10');

-- --------------------------------------------------------

--
-- Estructura de tabla para la tabla `filtros`
--

CREATE TABLE `filtros` (
  `id` int(11) NOT NULL,
  `nombre` varchar(255) NOT NULL,
  `kg_acero` decimal(5,3) NOT NULL COMMENT 'kg de acero por filtro por 20 años de vida'
) ENGINE=InnoDB DEFAULT CHARSET=utf8mb4 COLLATE=utf8mb4_general_ci;

--
-- Volcado de datos para la tabla `filtros`
--

INSERT INTO `filtros` (`id`, `nombre`, `kg_acero`) VALUES
(1, 'Filtro de malla semiautomático 3(pulg) Brida', '1.350'),
(2, 'Filtro de malla semiautomático 4(pulg) Brida', '1.850'),
(3, 'Filtro de malla semiautomático 6(pulg) Brida', '2.350'),
(4, 'Filtro de malla automático electrico con programador 4(pulg) Brida', '7.000'),
(5, 'Filtro de malla automático electrico con programador 6(pulg) Brida', '8.000'),
(6, 'Filtro de malla automático electrico con programador 8(pulg) Brida', '12.950'),
(7, 'Filtro de malla automático electrico con programador 10(pulg) Brida', '14.250'),
(8, 'Filtro de malla automático electrico con programador 12(pulg) Brida', '16.100'),
(9, 'Filtro de malla automático electrico con programador 14(pulg) Brida', '26.250'),
(10, 'Filtro de malla hidráulico automatico con programador 3(pulg) Brida', '1.600'),
(11, 'Filtro de malla hidráulico automatico con programador 4(pulg) Brida', '1.650'),
(12, 'Filtro de malla hidráulico automatico con programador 6(pulg) Brida', '2.800'),
(13, 'Filtro de malla hidráulico automatico con programador 8(pulg) Brida', '5.500'),
(14, 'Filtro de malla hidráulico automatico con programador 10(pulg) Brida', '6.450'),
(15, 'Filtro de malla centrifugador 2(pulg) Rosca M', '0.800'),
(16, 'Filtro de malla centrifugador 3(pulg) Brida', '1.200'),
(17, 'Filtro de malla centrifugador 4(pulg) Brida', '1.675'),
(18, 'Filtro de malla centrifugador 5(pulg) Brida', '2.050'),
(19, 'Filtro de malla centrifugador 6(pulg) Brida', '3.525'),
(20, 'Filtro automático de anillas con válvula y acoplamientos', '0.150'),
(21, 'Filtro automático de anillas 4(pulg)', '0.148'),
(22, 'Filtro automático de anillas 3(pulg)', '0.150'),
(23, 'Filtro manual de anillas metálico de 2(pulg) Rosca H vertical', '0.625'),
(24, 'Filtro manual de anillas metálico de 3(pulg) Rosca H vertical', '0.775'),
(25, 'Filtro manual de anillas metálico de 2(pulg)Rosca M en Y', '0.675'),
(26, 'Filtro manual de anillas metálico de 3(pulg) Brida en Y', '1.075'),
(27, 'Filtro manual de anillas metálico de 4(pulg) Brida doble cuerpo', '1.900'),
(28, 'Filtro manual de anillas Filtro Senior 2(pulg) · Anillas · Rosca B.S.P. F', '0.055'),
(29, 'Filtro manual de anillas Filtro Senior 2(pulg) · Centrifugador anillas · Rosca B.S.P.', '0.055'),
(30, 'Filtro manual de anillas Filtro Senior 2(pulg)XL · Anillas · Rosca B.S.P.', '0.075'),
(31, 'Filtro manual de anillas Filtro Senior 3(pulg)XS · Anillas · Vic', '0.065'),
(32, 'Filtro manual de anillas Filtro Senior 3(pulg) · Anillas · Vic', '0.075'),
(33, 'Filtro manual de anillas Filtro Senior 3(pulg) · Anillas · Rosca B.S.P.', '0.075'),
(34, 'Filtro manual de anillas Filtro Senior 3(pulg) · Centrifugador de anillas · Vic', '0.075'),
(35, 'Filtro manual de anillas Filtro Senior 3(pulg) · Centrifugador anillas · Rosca B.S.P.', '0.075'),
(36, 'Filtro manual de anillas Filtro Senior 4(pulg) · anillas', '0.134'),
(37, 'Filtro de arena 1(pulg)', '1.125'),
(38, 'Filtro de arena  1½(pulg)', '2.000'),
(39, 'Filtro de arena 2(pulg)', '3.000'),
(40, 'Filtro de arena 3(pulg) (corto)', '3.925'),
(41, 'Filtro de arena 3(pulg)', '5.850'),
(42, 'Filtro de arena 4(pulg)', '10.800'),
(43, 'Filtro de arena 2(pulg) Doble cámara y crepinas', '4.250'),
(44, 'Filtro de arena 3(pulg) Doble cámara y crepinas', '8.250'),
(45, 'Filtro de arena 4(pulg) Doble cámara y crepinas', '16.050');

-- --------------------------------------------------------

--
-- Estructura de tabla para la tabla `filtros_parcela`
--

CREATE TABLE `filtros_parcela` (
  `id_parcela` int(11) NOT NULL,
  `id_filtro` int(11) NOT NULL,
  `fecha` timestamp NOT NULL DEFAULT current_timestamp()
) ENGINE=InnoDB DEFAULT CHARSET=utf8mb4 COLLATE=utf8mb4_general_ci;

--
-- Volcado de datos para la tabla `filtros_parcela`
--

INSERT INTO `filtros_parcela` (`id_parcela`, `id_filtro`, `fecha`) VALUES
(1, 4, '2024-11-14 08:11:25'),
(1, 6, '2024-11-14 08:11:25'),
(1, 8, '2024-11-14 08:11:25'),
(2, 6, '2024-11-20 09:23:34'),
(2, 8, '2024-11-20 09:23:34');

-- --------------------------------------------------------

--
-- Estructura de tabla para la tabla `fitosanitarios`
--

CREATE TABLE `fitosanitarios` (
  `id` int(11) NOT NULL,
  `nombre` varchar(255) NOT NULL,
  `materia_activa` varchar(255) NOT NULL,
  `clasificacion_simapro` varchar(255) NOT NULL,
  `porcentaje_ma` float NOT NULL,
  `densidad` float NOT NULL,
  `presion_vapor` float DEFAULT NULL COMMENT '(mPa)',
  `max_tomate_L_ha` float DEFAULT NULL,
  `max_tomate_ha` float DEFAULT NULL,
  `max_arroz_L_ha` float DEFAULT NULL,
  `max_arroz_ha` float DEFAULT NULL,
  `max_frutal_L_ha` float DEFAULT NULL,
  `max_frutal_ha` float DEFAULT NULL,
  `max_vid_L_ha` float DEFAULT NULL,
  `max_ha_vid` float DEFAULT NULL,
  `max_olivo_L_ha` float DEFAULT NULL,
  `max_olivo_ha` float DEFAULT NULL
) ENGINE=InnoDB DEFAULT CHARSET=utf8mb4 COLLATE=utf8mb4_general_ci;

--
-- Volcado de datos para la tabla `fitosanitarios`
--

INSERT INTO `fitosanitarios` (`id`, `nombre`, `materia_activa`, `clasificacion_simapro`, `porcentaje_ma`, `densidad`, `presion_vapor`, `max_tomate_L_ha`, `max_tomate_ha`, `max_arroz_L_ha`, `max_arroz_ha`, `max_frutal_L_ha`, `max_frutal_ha`, `max_vid_L_ha`, `max_ha_vid`, `max_olivo_L_ha`, `max_olivo_ha`) VALUES
(1, 'U46', '2,4-D', 'Phenoxy-compound {RER}| phenoxy-compound production', 60, 1.131, 0, 0, 0, 0, 0, 1.25, 1.25, 0, 0, 0, 0),
(2, 'APACHE', 'Abamectina', 'Pyrethroid-compound, unspecified {RER}| production', 1.8, 0.9764, 0.0002, 1, 3, 0, 0, 0, 0, 0, 0, 0, 0),
(3, 'ACEITE DE PARAFINA 83%', 'Aceite de parafina', 'Natural', 83, 0.845, 0.0001, 0, 0, 0, 0, 10, 10, 0, 0, 1, 1),
(4, 'ACETAMIPRID 20%', 'Acetamiprid', 'Acetamide-anillide-compound, unspecified {RER}| production', 20, 1.07, 0.000173, 0.5, 1, 0.15, 0.15, 0.3, 0.6, 0.14, 0.14, 0.3, 0.6),
(5, 'GAZEL', 'Acetamiprid', 'Acetamide-anillide-compound, unspecified {RER}| production', 20.2, 0.739, 0, 0.4, 0.4, 0, 0, 0.3, 0.6, 0.25, 0.25, 0.25, 0.5),
(6, 'CARBO ECO Algas', 'Ácido algínico ', 'Natural', 1.5, 1.15, 0, 3, 9, 0, 0, 3, 9, 4, 12, 5, 15),
(7, 'ENERVIN', 'Ametoctradin', ' Pyridine-compound {RER}|  pyridine-compound production', 20, 1.04, 0.00023, 1.2, 3.6, 0, 0, 0, 0, 1.5, 3, 0, 0),
(8, 'ECOVIGOR', 'Aminoácidos', 'Natural', 15, 1, 0, 5, 15, 5, 15, 5, 15, 5, 15, 5, 15),
(9, 'QUIKON', 'Aminoácidos', 'Natural', 20, 1.25, 0, 0.1, 0.2, 0.05, 0.05, 0.2, 0.6, 0.1, 0.3, 0.1, 0.2),
(10, 'AZAKA 25 SC', 'Azoxistrobin', 'Natural procedente es estrobilurinas', 25, 1.1, 0, 1, 2, 1, 2, 0, 0, 0, 0, 0, 0),
(11, 'AZUFRE EN POLVO 80%', 'Azufre', 'Natural', 80, 1.09, 0, 30, 90, 0, 0, 0, 0, 30, 150, 0, 0),
(12, 'BASAGRAN 60', 'Bentazona', 'Pesticice, unspecified {RER}| pesticice, unspecified production', 60, 1.23, 0.0023, 0, 0, 2, 2, 2.4, 2.4, 2.4, 2.4, 0, 0),
(13, 'COLLIS ', 'Boscalida y Kresoxim', 'Pesticice, unspecified {RER}| pesticice, unspecified production', 20, 1.11, 0.0023, 0, 0, 0, 0, 0, 0, 0.4, 1.2, 0, 0),
(14, 'CAPTANA', 'Captan', 'Captan {RER}| captan production', 80, 0.633, 0, 2.25, 4.5, 0, 0, 1.8, 7.2, 0, 0, 0, 0),
(15, 'NEALTA', 'Ciflumetofen', 'Nitrile-compound {RER}| nitrile-compound  production', 20, 1.07, 0.00234, 1, 1, 0, 0, 0, 0, 0, 0, 0, 0),
(16, 'SACRON', 'Cimoxanilo', 'Pesticice, unspecified {RER}| pesticice, unspecified production', 45, 1, 0, 0.27, 1.35, 0, 0, 0, 0, 0.27, 1.08, 0, 0),
(17, 'CYTHRIN 100 EC', 'Cipermetrina', 'Pyrethroid-compound, unspecified {RER}| production', 10, 0.95, 0, 0.5, 1, 0, 0, 0, 0, 0.3, 0.3, 0.3, 0.3),
(18, 'SADITRINA ULV MICRO', 'Cipermetrina', 'Pyrethroid-compound, unspecified {RER}| production', 0.35, 0.98, 0, 0, 0, 1.5, 1.5, 0, 0, 0, 0, 0.5, 1),
(19, 'SELEC ', 'Cletodim', 'Pesticice, unspecified {RER}| pesticice, unspecified production', 24, 0.927, 0, 1.5, 1.5, 0, 0, 0, 0, 2, 2, 0, 0),
(20, 'ALTACOR', 'Clorantraniliprol', 'Cyclic N-compound {RER}|  cyclic N-compound production', 35, 0.86, 0, 0.12, 0.24, 0, 0, 0, 0, 0.12, 0.24, 0, 0),
(21, 'CORAGEN', 'Clorantraniliprol', 'Cyclic N-compound {RER}|  cyclic N-compound production', 20, 1.09, 0, 0.2, 0.4, 0, 0, 0.3, 0.3, 0.21, 0.21, 0, 0),
(22, 'Hidróxido cúprico (50%)', 'Cobre', 'Natural', 50, 0.4, 0, 1.68, 5.04, 0, 0, 0, 0, 0, 0, 2.5, 5),
(23, 'OXICLORURO DE COBRE', 'Cobre', 'Natural', 50, 0.95, 0, 2, 10, 0, 0, 2, 8, 0, 0, 2, 10),
(24, 'COBRE 80%', 'Cobre ', 'Natural', 80, 0.99, 0, 1.05, 4.2, 0, 0, 0, 0, 1.5, 4.5, 1.5, 3),
(25, 'DECIS ', 'Deltametrina', 'Pyrethroid-compound, unspecified {RER}| production', 10.5, 0.95, 0, 0.125, 0.375, 0, 0, 0.175, 0.175, 0.125, 0.375, 0.125, 0.375),
(26, 'DELTAGRI EC', 'Deltametrina', 'Pyrethroid-compound, unspecified {RER}| production', 2.5, 0.903, 0.000987, 0.5, 1.5, 0, 0, 0, 0, 0.7, 2.1, 0.5, 0.5),
(27, 'DAGONIS', 'Difenoconazol', 'Pesticice, unspecified {RER}| pesticice, unspecified production', 5, 1.07, 0.00234, 1, 2, 0, 0, 0, 0, 0, 0, 0, 0),
(28, 'CORE', 'Difenoconazol', 'Pesticice, unspecified {RER}| pesticice, unspecified production', 25, 0.9625, 0, 0.5, 1.5, 0, 0, 0, 0, 0, 0, 0.6, 0.6),
(29, 'LEXOR 25', 'Difenoconazol', 'Pesticice, unspecified {RER}| pesticice, unspecified production', 25, 1.07, 0, 0.5, 1.5, 0, 0, 0.45, 0.9, 0.2, 0.8, 0.5, 1),
(30, 'SCORE', 'Difenoconazol', 'Pesticice, unspecified {RER}| pesticice, unspecified production', 25, 1.08, 0, 0.5, 1.5, 0, 0, 0.45, 0.9, 0.2, 0.8, 0.5, 1),
(31, 'MUSKETEER', 'Diflufenican', 'Pesticice, unspecified {RER}| pesticice, unspecified production', 14.7, 1.02, 0, 0, 0, 0, 0, 0, 0, 0, 0, 1, 1),
(32, 'MOVENTO', 'Espirotetramato', 'Cyclic N-compound {RER}|  cyclic N-compound production', 15, 0.98, 0, 0.65, 2.6, 0, 0, 0, 0, 0.6, 1.2, 0, 0),
(33, 'HERBANOL', 'Flazasulfurón', 'Pesticice, unspecified {RER}| pesticice, unspecified production', 25, 0.65, 0, 0, 0, 0, 0, 0, 0, 0.2, 0.2, 0.2, 0.2),
(34, 'TEPEKI', 'Flonicamida', 'Pesticice, unspecified {RER}| pesticice, unspecified production', 50, 0.543, 0, 0.12, 0.36, 0.14, 0.14, 0.14, 0.28, 0, 0, 0, 0),
(35, 'LOYANT', 'Florpirauxifen-bencilo', ' Pyridine-compound {RER}|  pyridine-compound production', 2.5, 1, 0.00002, 0, 0, 1.2, 2.4, 0, 0, 0, 0, 0, 0),
(36, 'PIXXARO', 'Fluroxipir', ' Pyridine-compound {RER}|  pyridine-compound production', 28, 1.04, 0, 0, 0, 0, 0, 0, 0, 0, 0, 0.7, 0.7),
(37, 'FOLDER 80', 'Folpet', 'Folpet  {RER}| folpet production', 80, 1.845, 0, 0, 0, 0, 0, 0, 0, 1.5, 15, 0, 0),
(38, 'GLIFOSATO ', 'Glifosato', 'Glyphosate  {RER}| glyphosate production', 36, 1.7, 0.00131, 6, 6, 6, 6, 5, 5, 5, 5, 1.5, 5),
(39, 'DIABLO', 'Hexitiazox', 'Pesticice, unspecified {RER}| pesticice, unspecified production', 10, 1, 0, 0, 0, 0, 0, 0.75, 0.75, 0.75, 0.75, 0, 0),
(40, 'EXITOX', 'Hexitiazox', 'Pesticice, unspecified {RER}| pesticice, unspecified production', 10, 1, 0, 0.8, 1.6, 0, 0, 0, 0, 0.8, 1.6, 0, 0),
(41, 'POSTCRIPT ', 'Imazamox', 'Pesticice, unspecified {RER}| pesticice, unspecified production', 7.62, 0.998, 0, 0, 0, 0.5, 0.5, 0, 0, 0, 0, 0, 0),
(42, 'ATRAPA ', 'Lambda Cihalotrin ', 'Pyrethroid-compound, unspecified {RER}| production', 10, 1.033, 0, 0.2, 0.4, 0, 0, 0, 0, 0, 0, 0.075, 0.075),
(43, 'KARATE 1,5%', 'Lambda Cihalotrin ', 'Pyrethroid-compound, unspecified {RER}| production', 1.5, 1.02, 0, 0.85, 0.85, 0, 0, 0.7, 0.7, 0.7, 0.7, 0.7, 1.4),
(44, 'KARATE 10%', 'Lambda Cihalotrin ', 'Pyrethroid-compound, unspecified {RER}| production', 9.6, 1.057, 0, 0.25, 0.5, 0, 0, 0, 0, 0.2, 0.2, 0.2, 0.2),
(45, 'LAMBDACIALOTRIN ', 'Lambda Cihalotrin ', 'Pyrethroid-compound, unspecified {RER}| production', 2.5, 1.05, 0, 0, 0, 0, 0, 0.8, 0.8, 1, 1, 0.8, 0.8),
(46, 'OPPONENT', 'Lambda Cihalotrin ', 'Pyrethroid-compound, unspecified {RER}| production', 10, 1.0225, 0, 0.125, 0.25, 0, 0, 0.11, 0.22, 0.2, 0.4, 0.11, 0.22),
(47, 'AGROLIG', 'Leonardita', 'Natural', 90, 1.4, 0, 200, 200, 0, 0, 100, 200, 150, 150, 0, 0),
(48, 'MCPA ', 'MCPA', 'Phenoxy-compound {RER}| phenoxy-compound production', 50, 1, 0, 0, 0, 1, 1, 2.4, 2.4, 0, 0, 2.4, 2.4),
(49, 'SABRE 25 WP', 'Metalaxil', 'Pesticice, unspecified {RER}| pesticice, unspecified production', 25, 0.365, 0, 0.8, 2.4, 0, 0, 0, 0, 0.8, 1.6, 0, 0),
(50, 'DASH ', 'Metil palmitato', 'Pesticice, unspecified {RER}| pesticice, unspecified production', 34.8, 0.92, 0.0004, 2, 2, 2, 2, 2, 2, 2, 2, 2, 2),
(51, 'VIVANDO', 'Metrafenona', 'Phenoxy-compound {RER}| phenoxy-compound production', 50, 1.19, 0.0023, 0.3, 0.3, 0, 0, 0, 0, 0.2, 0.6, 0, 0),
(52, 'ECLIPSE', 'Metribuzina', 'Triazine-compound {RER}| triazine-compoundproduction', 70, 0.58, 0, 0.75, 0.75, 0, 0, 0, 0, 0, 0, 0, 0),
(53, 'SENCOR ', 'Metribuzina', 'Triazine-compound {RER}| triazine-compoundproduction', 60, 1.15, 0, 0.9, 0.9, 0, 0, 0, 0, 0, 0, 0, 0),
(54, 'LASER', 'Oxifluorfen', 'Phenoxy-compound {RER}| phenoxy-compound production', 24, 1.06, 0, 0, 0, 0, 0, 0.6, 0.6, 0.6, 0.6, 0.6, 0.6),
(55, 'TOPAS ', 'Penconazol', 'Cyclic N-compound {RER}|  cyclic N-compound production', 20, 0.985, 0, 0.25, 0.5, 0, 0, 0.375, 0.75, 0.15, 0.45, 0, 0),
(56, 'ELEVATOR', 'Pendimentalina', 'Pendimenthalin {RER}| pendimenthalin production', 33, 1.054, 0.0001, 6, 6, 0, 0, 0, 0, 0, 0, 0, 0),
(57, 'STOMP AQUA', 'Pendimentalina', 'Pendimenthalin {RER}| pendimenthalin production', 45.5, 1.18, 0.0023, 2.6, 2.6, 3, 3, 2.6, 2.6, 2.6, 2.6, 0, 0),
(58, 'CABRIO ', 'Piraclostrobin ', 'Diazole-compound {RER}| diazole-compound production', 25, 1.67, 0, 0, 0, 0, 0, 0, 0, 0, 0, 0.4, 0.8),
(59, 'ABANTO', 'Piretrina', 'Pyrethroid-compound, unspecified {RER}| production', 4, 0.915, 0, 0.75, 1.5, 0, 0, 0.75, 1.5, 0, 0, 0, 0),
(60, 'AURA ', 'Profoxydim', 'Phenoxy-compound {RER}| phenoxy-compound production', 20.6, 0.97, 0.0001, 0, 0, 0.75, 0.75, 0, 0, 0, 0, 0, 0),
(61, 'PROPLANT', 'Propamocarb', 'Pesticice, unspecified {RER}| pesticice, unspecified production', 60.5, 1.08, 0, 2, 8, 0, 0, 0, 0, 0, 0, 0, 0),
(62, 'REVYONA', 'Revysol ', 'Pesticice, unspecified {RER}| pesticice, unspecified production', 7.5, 1.05, 0.00234, 0, 0, 0, 0, 1.8, 3.6, 1.3, 3.9, 0, 0),
(63, 'TITUS ', 'Rimsulfurom', 'Cyclic N-compound {RER}|  cyclic N-compound production', 25, 0.784, 0, 0.11, 0.22, 0, 0, 0, 0, 0, 0, 0, 0),
(64, 'DUAL Gold', 'S-Metolacloro', 'Metalcahlor {RER}| metalachlor production', 96, 1, 0, 1.3, 1.3, 0, 0, 0, 0, 0, 0, 0, 0),
(65, 'KLARTAN ', 'Tau fluvalinato', 'Pesticice, unspecified {RER}| pesticice, unspecified production', 24, 1.09, 0, 0, 0, 0, 0, 0, 0, 0.3, 0.3, 0, 0),
(66, 'LUNA ', 'Tebuconazol', 'Cyclic N-compound {RER}|  cyclic N-compound production', 20, 1.13, 0, 0, 0, 0, 0, 0.2, 0.4, 0.12, 0.24, 0, 0),
(67, 'COMANCHE', 'Tebufenpirad', 'Cyclic N-compound {RER}|  cyclic N-compound production', 20, 1, 0, 1, 1, 0, 0, 0, 0, 0, 0, 0, 0),
(68, 'SIRUDO', 'Tebufenpirad', 'Cyclic N-compound {RER}|  cyclic N-compound production', 20, 1, 0, 1, 1, 0, 0, 0, 0, 0, 0, 0, 0),
(69, 'Bo + Mo', '', 'Natural', 0, 1, 0, 0, 0, 0, 0, 0, 0, 0, 0, 2, 4),
(70, 'MICROELEMENTOS', '', 'Natural', 0, 0, 0, 0, 0, 0, 0, 0, 0, 0, 0, 0, 0),
(71, 'DÁLMATA', 'Dodina', 'Pesticice, unspecified {RER}| pesticice, unspecified production', 40, 1.05, 0.000235, 0, 0, 0, 0, 1.6, 3.2, 0, 0, 1.6, 3.2),
(72, 'SYLLIT FLOW', 'Dodina', 'Pesticice, unspecified {RER}| pesticice, unspecified production', 40, 1.05, 0.000235, 0, 0, 0, 0, 1.7, 3.4, 0, 0, 1.7, 3.4),
(73, 'DOMARK EVO', 'Tetraconazol', 'Pesticice, unspecified {RER}| pesticice, unspecified production', 12.5, 1.08, 0.18, 0.6, 1.8, 0, 0, 0, 0, 0.24, 0.48, 0, 0),
(74, 'EMERALD', 'Tetraconazol', 'Pesticice, unspecified {RER}| pesticice, unspecified production', 12.5, 1.08, 0.00018, 0.6, 1.8, 0, 0, 0, 0, 0.24, 0.48, 0, 0),
(75, 'KARATHANE STAR', 'Meptildinocap', 'Pesticice, unspecified {RER}| pesticice, unspecified production', 35, 0.97, 0, 0, 0, 0, 0, 0, 0, 0.6, 2.4, 0, 0),
(76, 'ASPID 50 WP', 'Fosmet', 'Organophosphorus-compound, unspecified {RER}| production', 50, 0.38, 0, 0, 0, 0, 0, 1.5, 3, 0, 0, 1.5, 3),
(77, 'FOSDAN', 'Fosmet', 'Organophosphorus-compound, unspecified {RER}| production', 50, 0.38, 0, 0, 0, 0, 0, 1.5, 3, 0, 0, 1.5, 3),
(78, 'AMISTAR TOP', 'Azoxistrobin + Difeconazol', 'Pesticice, unspecified {RER}| pesticice, unspecified production', 12.5, 1.11, 0, 1, 3, 1, 2, 1.5, 3, 0, 0, 1, 1),
(79, 'CONSIST', 'Trifloxistrobin', 'Natural', 50, 1, 0, 0.375, 1.125, 0.25, 0.25, 0.225, 0.675, 0.225, 0.9, 0.12, 0.24),
(80, 'COBRE 70%', 'COBRE', 'Natural', 0, 0, 0, 0, 0, 0, 0, 0, 0, 0, 0, 0, 0),
(81, 'Cáldo bordolés', 'COBRE 20%', 'Natural', 0, 0, 0, 0, 0, 0, 0, 0, 0, 0, 0, 0, 0),
(82, 'Oxicloruro de cobre 50%', 'COBRE', 'Natural', 0, 0, 0, 0, 0, 0, 0, 0, 0, 0, 0, 0, 0);

-- --------------------------------------------------------

--
-- Estructura de tabla para la tabla `fitosanitarios_cultivo`
--

CREATE TABLE `fitosanitarios_cultivo` (
  `id_cultivo_parcela` int(11) NOT NULL,
  `id_fitosanitario` int(11) NOT NULL,
  `n_aplicaciones` int(11) NOT NULL,
  `fecha` timestamp NOT NULL DEFAULT current_timestamp() ON UPDATE current_timestamp()
) ENGINE=InnoDB DEFAULT CHARSET=utf8mb4 COLLATE=utf8mb4_general_ci;

--
-- Volcado de datos para la tabla `fitosanitarios_cultivo`
--

INSERT INTO `fitosanitarios_cultivo` (`id_cultivo_parcela`, `id_fitosanitario`, `n_aplicaciones`, `fecha`) VALUES
(1, 4, 2, '2024-11-17 23:00:00'),
(1, 55, 1, '2024-11-17 23:00:00');

-- --------------------------------------------------------

--
-- Estructura de tabla para la tabla `grupos_bombeo`
--

CREATE TABLE `grupos_bombeo` (
  `id` int(11) NOT NULL,
  `potencia_bomba` decimal(10,2) NOT NULL,
  `cabeas` int(11) NOT NULL,
  `diesel_l_h` decimal(3,1) NOT NULL,
  `energia_kw_h` decimal(6,2) NOT NULL,
  `peso_kg` int(11) NOT NULL,
  `vida` int(11) NOT NULL,
  `kg_acero` decimal(5,2) NOT NULL
) ENGINE=InnoDB DEFAULT CHARSET=utf8mb4 COLLATE=utf8mb4_general_ci;

--
-- Volcado de datos para la tabla `grupos_bombeo`
--

INSERT INTO `grupos_bombeo` (`id`, `potencia_bomba`, `cabeas`, `diesel_l_h`, `energia_kw_h`, `peso_kg`, `vida`, `kg_acero`) VALUES
(1, '1.00', 9, '2.0', '7.20', 360, 20, '18.00'),
(2, '1.50', 9, '2.0', '7.20', 360, 20, '18.00'),
(3, '2.00', 9, '2.0', '7.20', 360, 20, '18.00'),
(4, '2.50', 9, '2.0', '7.20', 360, 20, '18.00'),
(5, '3.00', 9, '2.0', '7.20', 360, 20, '18.00'),
(6, '3.50', 9, '2.0', '7.20', 360, 20, '18.00'),
(7, '4.00', 9, '2.0', '7.20', 360, 20, '18.00'),
(8, '4.50', 9, '2.0', '7.20', 360, 20, '18.00'),
(9, '5.00', 9, '2.0', '7.20', 360, 20, '18.00'),
(10, '5.50', 9, '2.0', '7.20', 360, 20, '18.00'),
(11, '6.00', 14, '2.8', '10.50', 460, 20, '23.00'),
(12, '6.50', 14, '2.8', '10.50', 460, 20, '23.00'),
(13, '7.00', 14, '2.8', '10.50', 460, 20, '23.00'),
(14, '7.50', 14, '2.8', '10.50', 460, 20, '23.00'),
(15, '8.00', 15, '3.1', '12.00', 460, 20, '23.00'),
(16, '8.50', 15, '3.1', '12.00', 460, 20, '23.00'),
(17, '9.00', 21, '4.0', '16.00', 530, 20, '26.50'),
(18, '9.50', 21, '4.0', '16.00', 530, 20, '26.50'),
(19, '10.00', 21, '4.0', '16.00', 530, 20, '26.50'),
(20, '10.50', 21, '4.0', '16.00', 530, 20, '26.50'),
(21, '11.00', 21, '4.0', '16.00', 530, 20, '26.50'),
(22, '11.50', 21, '4.0', '16.00', 530, 20, '26.50'),
(23, '12.00', 30, '5.4', '24.00', 720, 20, '36.00'),
(24, '12.50', 30, '5.4', '24.00', 720, 20, '36.00'),
(25, '13.00', 30, '5.4', '24.00', 720, 20, '36.00'),
(26, '13.50', 30, '5.4', '24.00', 720, 20, '36.00'),
(27, '14.00', 30, '5.4', '24.00', 720, 20, '36.00'),
(28, '14.50', 30, '5.4', '24.00', 720, 20, '36.00'),
(29, '15.00', 30, '5.4', '24.00', 720, 20, '36.00'),
(30, '15.50', 30, '5.4', '24.00', 720, 20, '36.00'),
(31, '16.00', 30, '5.4', '24.00', 720, 20, '36.00'),
(32, '16.50', 30, '5.4', '24.00', 720, 20, '36.00'),
(33, '17.00', 41, '8.2', '32.00', 780, 20, '39.00'),
(34, '17.50', 41, '8.2', '32.00', 780, 20, '39.00'),
(35, '18.00', 41, '8.2', '32.00', 780, 20, '39.00'),
(36, '18.50', 41, '8.2', '32.00', 780, 20, '39.00'),
(37, '19.00', 41, '8.2', '32.00', 780, 20, '39.00'),
(38, '19.50', 41, '8.2', '32.00', 780, 20, '39.00'),
(39, '20.00', 41, '8.2', '32.00', 780, 20, '39.00'),
(40, '20.50', 41, '8.2', '32.00', 780, 20, '39.00'),
(41, '21.00', 41, '8.2', '32.00', 780, 20, '39.00'),
(42, '21.50', 41, '8.2', '32.00', 780, 20, '39.00'),
(43, '22.00', 41, '8.2', '32.00', 780, 20, '39.00'),
(44, '22.50', 41, '8.2', '32.00', 780, 20, '39.00'),
(45, '23.00', 45, '8.2', '36.00', 800, 20, '40.00'),
(46, '23.50', 45, '8.2', '36.00', 800, 20, '40.00'),
(47, '24.00', 45, '8.2', '36.00', 800, 20, '40.00'),
(48, '24.50', 45, '8.2', '36.00', 800, 20, '40.00'),
(49, '25.00', 45, '8.2', '36.00', 800, 20, '40.00'),
(50, '25.50', 65, '10.8', '48.00', 860, 20, '43.00'),
(51, '26.00', 65, '10.8', '48.00', 860, 20, '43.00'),
(52, '26.50', 65, '10.8', '48.00', 860, 20, '43.00'),
(53, '27.00', 65, '10.8', '48.00', 860, 20, '43.00'),
(54, '27.50', 65, '10.8', '48.00', 860, 20, '43.00'),
(55, '28.00', 65, '10.8', '48.00', 860, 20, '43.00'),
(56, '28.50', 65, '10.8', '48.00', 860, 20, '43.00'),
(57, '29.00', 65, '10.8', '48.00', 860, 20, '43.00'),
(58, '29.50', 65, '10.8', '48.00', 860, 20, '43.00'),
(59, '30.00', 65, '10.8', '48.00', 860, 20, '43.00'),
(60, '30.50', 65, '10.8', '48.00', 860, 20, '43.00'),
(61, '31.00', 65, '10.8', '48.00', 860, 20, '43.00'),
(62, '31.50', 65, '10.8', '48.00', 860, 20, '43.00'),
(63, '32.00', 65, '10.8', '48.00', 860, 20, '43.00'),
(64, '32.50', 65, '10.8', '48.00', 860, 20, '43.00'),
(65, '33.00', 65, '10.8', '48.00', 860, 20, '43.00'),
(66, '33.50', 65, '10.8', '48.00', 860, 20, '43.00'),
(67, '34.00', 65, '10.8', '48.00', 860, 20, '43.00'),
(68, '34.50', 65, '10.8', '48.00', 860, 20, '43.00'),
(69, '35.00', 65, '10.8', '48.00', 860, 20, '43.00');

-- --------------------------------------------------------

--
-- Estructura de tabla para la tabla `maquinaria`
--

CREATE TABLE `maquinaria` (
  `id` int(11) NOT NULL,
  `tipo_cultivo` varchar(100) NOT NULL,
  `nombre` varchar(127) NOT NULL,
  `cv` int(11) NOT NULL COMMENT 'Caballos de vapor',
  `kw` int(11) NOT NULL,
  `consumo_l_h` decimal(4,2) NOT NULL,
  `rendimiento_h_ha` decimal(4,2) NOT NULL,
  `consumo_h_ha` decimal(4,2) NOT NULL,
  `vida_h` int(11) NOT NULL,
  `peso` int(11) NOT NULL COMMENT 'en kg',
  `fabricacion` float NOT NULL,
  `reparacion` float NOT NULL
) ENGINE=InnoDB DEFAULT CHARSET=utf8mb4 COLLATE=utf8mb4_general_ci;

--
-- Volcado de datos para la tabla `maquinaria`
--

INSERT INTO `maquinaria` (`id`, `tipo_cultivo`, `nombre`, `cv`, `kw`, `consumo_l_h`, `rendimiento_h_ha`, `consumo_h_ha`, `vida_h`, `peso`, `fabricacion`, `reparacion`) VALUES
(1, 'VIÑEDO', 'John Deere 5075GV', 75, 55, '8.25', '0.00', '0.00', 14000, 2656, 0, 0),
(2, 'FRUTAL/VIÑEDO', 'John Deere 5090GN', 90, 67, '10.05', '0.00', '0.00', 14000, 3285, 0, 0),
(3, 'C. ANUAL', 'John Deere 5105M', 105, 81, '12.15', '0.00', '0.00', 14000, 7500, 0, 0),
(4, 'C. ANUAL', 'John Deere 5120M', 120, 92, '13.80', '0.00', '0.00', 14000, 7500, 0, 0),
(5, 'C. ANUAL', 'John Deere 6M 155', 155, 115, '17.25', '0.00', '0.00', 14000, 7800, 0, 0),
(6, 'C. ANUAL', 'John Deere 6M 180', 180, 134, '20.10', '0.00', '0.00', 14000, 8500, 0, 0),
(7, 'VIÑEDO', 'New Holland T4 55S', 55, 42, '6.30', '0.00', '0.00', 14000, 4800, 0, 0),
(8, 'FRUTAL/VIÑEDO', 'New Holland T4 75S', 75, 56, '8.40', '0.00', '0.00', 14000, 4800, 0, 0),
(9, 'C. ANUAL', 'New Holland T5 100S', 100, 74, '11.10', '0.00', '0.00', 14000, 6500, 0, 0),
(10, 'C. ANUAL', 'New Holland T6 145', 125, 94, '14.10', '0.00', '0.00', 14000, 6360, 0, 0),
(11, 'C. ANUAL', 'New Holland T7 165S', 165, 121, '18.15', '0.00', '0.00', 14000, 10500, 0, 0),
(12, 'C. ANUAL', 'New Holland T7 195 S', 190, 140, '21.00', '0.00', '0.00', 14000, 13600, 0, 0),
(13, 'C. ANUAL', 'Cosechadora de tomate', 122, 91, '13.50', '3.00', '40.50', 14000, 10000, 2.14286, 0.685714),
(14, 'C.PERMANENTE', 'Cosechadora de viñas/olivos', 136, 102, '15.00', '3.50', '52.50', 14000, 10500, 2.625, 0.84),
(15, 'C.ANUAL', 'Cosechadora de cereales C1 200', 183, 136, '20.40', '0.75', '15.30', 14000, 10500, 0.5625, 0.18),
(16, 'C.ANUAL (labor de arrastre)', 'Quinta rueda', 155, 115, '17.25', '3.00', '51.75', 14000, 2000, 0, 0);

-- --------------------------------------------------------

--
-- Estructura de tabla para la tabla `maquinaria_agricultor`
--

CREATE TABLE `maquinaria_agricultor` (
  `id_maquina` int(11) NOT NULL,
  `id_agricultor` int(11) NOT NULL
) ENGINE=InnoDB DEFAULT CHARSET=utf8mb4 COLLATE=utf8mb4_general_ci;

--
-- Volcado de datos para la tabla `maquinaria_agricultor`
--

INSERT INTO `maquinaria_agricultor` (`id_maquina`, `id_agricultor`) VALUES
(1, 1);

-- --------------------------------------------------------

--
-- Estructura de tabla para la tabla `maquinaria_cultivo`
--

CREATE TABLE `maquinaria_cultivo` (
  `id_cultivo_parcela` int(11) NOT NULL,
  `id_maquina` int(11) NOT NULL,
  `horas` decimal(5,2) NOT NULL COMMENT 'horas de uso sin apero que son las que computan el consumo.',
  `fecha` timestamp NOT NULL DEFAULT current_timestamp() ON UPDATE current_timestamp()
) ENGINE=InnoDB DEFAULT CHARSET=utf8mb4 COLLATE=utf8mb4_general_ci;

--
-- Volcado de datos para la tabla `maquinaria_cultivo`
--

INSERT INTO `maquinaria_cultivo` (`id_cultivo_parcela`, `id_maquina`, `horas`, `fecha`) VALUES
(1, 5, '3.01', '2024-09-07 22:00:00'),
(1, 7, '2.00', '2024-10-15 22:00:00');

-- --------------------------------------------------------

--
-- Estructura de tabla para la tabla `migrations`
--

CREATE TABLE `migrations` (
  `id` int(10) UNSIGNED NOT NULL,
  `migration` varchar(255) NOT NULL,
  `batch` int(11) NOT NULL
) ENGINE=InnoDB DEFAULT CHARSET=utf8mb4 COLLATE=utf8mb4_unicode_ci;

--
-- Volcado de datos para la tabla `migrations`
--

INSERT INTO `migrations` (`id`, `migration`, `batch`) VALUES
(1, '2014_10_12_000000_create_users_table', 1),
(2, '2014_10_12_100000_create_password_resets_table', 1),
(3, '2019_08_19_000000_create_failed_jobs_table', 1),
(4, '2019_12_14_000001_create_personal_access_tokens_table', 1);

-- --------------------------------------------------------

--
-- Estructura de tabla para la tabla `municipios`
--

CREATE TABLE `municipios` (
  `id` int(11) NOT NULL,
  `nombre` varchar(255) NOT NULL,
  `id_provincia` int(11) NOT NULL
) ENGINE=InnoDB DEFAULT CHARSET=utf8mb4 COLLATE=utf8mb4_general_ci;

--
-- Volcado de datos para la tabla `municipios`
--

INSERT INTO `municipios` (`id`, `nombre`, `id_provincia`) VALUES
(1, 'ABLA', 4),
(2, 'ABRUCENA', 4),
(3, 'ADRA', 4),
(4, 'ALBANCHEZ', 4),
(5, 'ALBOLODUY', 4),
(6, 'ALBOX', 4),
(7, 'ALCOLEA', 4),
(8, 'ALCONTAR', 4),
(9, 'ALCUDIA DE MONTEAGUD', 4),
(10, 'ALHABIA', 4),
(11, 'ALHAMA DE ALMERIA', 4),
(12, 'ALICUN', 4),
(900, 'ALMERIA', 4),
(14, 'ALMOCITA', 4),
(15, 'ALSODUX', 4),
(16, 'ANTAS', 4),
(17, 'ARBOLEAS', 4),
(18, 'ARMUÑA DEL ALMANZORA', 4),
(19, 'BACARES', 4),
(20, 'BAYARCAL', 4),
(21, 'BAYARQUE', 4),
(22, 'BEDAR', 4),
(23, 'BEIRES', 4),
(24, 'BENAHADUX', 4),
(26, 'BENITAGLA', 4),
(27, 'BENIZALON', 4),
(28, 'BENTARIQUE', 4),
(29, 'BERJA', 4),
(30, 'CANJAYAR', 4),
(31, 'CANTORIA', 4),
(32, 'CARBONERAS', 4),
(33, 'CASTRO DE FILABRES', 4),
(34, 'COBDAR', 4),
(35, 'CUEVAS DEL ALMANZORA', 4),
(36, 'CHERCOS', 4),
(37, 'CHIRIVEL', 4),
(38, 'DALIAS', 4),
(41, 'ENIX', 4),
(43, 'FELIX', 4),
(44, 'FINES', 4),
(45, 'FIÑANA', 4),
(46, 'FONDON', 4),
(47, 'GADOR', 4),
(48, 'LOS GALLARDOS', 4),
(49, 'GARRUCHA', 4),
(50, 'GERGAL', 4),
(51, 'HUECIJA', 4),
(52, 'HUERCAL DE ALMERIA', 4),
(53, 'HUERCAL OVERA', 4),
(54, 'ILLAR', 4),
(55, 'INSTINCION', 4),
(56, 'LAROYA', 4),
(57, 'LAUJAR DE ANDARAX', 4),
(58, 'LIJAR', 4),
(59, 'LUBRIN', 4),
(60, 'LUCAINENA DE LAS TORRES', 4),
(61, 'LUCAR', 4),
(62, 'MACAEL', 4),
(63, 'MARIA', 4),
(64, 'MOJACAR', 4),
(65, 'NACIMIENTO', 4),
(66, 'NIJAR', 4),
(67, 'OHANES', 4),
(68, 'OLULA DE CASTRO', 4),
(69, 'OLULA DEL RIO', 4),
(70, 'ORIA', 4),
(71, 'PADULES', 4),
(72, 'PARTALOA', 4),
(73, 'PATERNA DEL RIO', 4),
(74, 'PECHINA', 4),
(75, 'PULPI', 4),
(76, 'PURCHENA', 4),
(77, 'RAGOL', 4),
(78, 'RIOJA', 4),
(79, 'ROQUETAS DE MAR', 4),
(80, 'SANTA CRUZ', 4),
(81, 'SANTA FE DE MONDUJAR', 4),
(82, 'SENES', 4),
(83, 'SERON', 4),
(84, 'SIERRO', 4),
(85, 'SOMONTIN', 4),
(86, 'SORBAS', 4),
(87, 'SUFLI', 4),
(88, 'TABERNAS', 4),
(89, 'TABERNO', 4),
(90, 'TAHAL', 4),
(91, 'TERQUE', 4),
(92, 'TIJOLA', 4),
(93, 'TURRE', 4),
(94, 'TURRILLAS', 4),
(95, 'ULEILA DEL CAMPO', 4),
(96, 'URRACAL', 4),
(97, 'VELEFIQUE', 4),
(98, 'VELEZ BLANCO', 4),
(99, 'VELEZ RUBIO', 4),
(100, 'VERA', 4),
(101, 'VIATOR', 4),
(102, 'VICAR', 4),
(103, 'ZURGENA', 4),
(40, 'LAS TRES VILLAS', 4),
(104, 'EL EJIDO', 4),
(105, 'LA MOJONERA', 4),
(106, 'BALANEGRA', 4),
(1, 'ALCALA DE LOS GAZULES', 11),
(2, 'ALCALA DEL VALLE', 11),
(3, 'ALGAR', 11),
(4, 'ALGECIRAS', 11),
(5, 'ALGODONALES', 11),
(6, 'ARCOS DE LA FRONTERA', 11),
(7, 'BARBATE', 11),
(8, 'LOS BARRIOS', 11),
(9, 'BENAOCAZ', 11),
(10, 'BORNOS', 11),
(11, 'EL BOSQUE', 11),
(900, 'CADIZ', 11),
(13, 'CASTELLAR DE LA FRONTERA', 11),
(14, 'CONIL DE LA FRONTERA', 11),
(15, 'CHICLANA DE LA FRONTERA', 11),
(16, 'CHIPIONA', 11),
(17, 'ESPERA', 11),
(18, 'EL GASTOR', 11),
(19, 'GRAZALEMA', 11),
(20, 'JEREZ DE LA FRONTERA', 11),
(21, 'JIMENA DE LA FRONTERA', 11),
(22, 'LA LINEA DE LA CONCEPCION', 11),
(23, 'MEDINA-SIDONIA', 11),
(24, 'OLVERA', 11),
(25, 'PATERNA DE RIVERA', 11),
(26, 'PRADO DEL REY', 11),
(27, 'EL PUERTO DE SANTA MARIA', 11),
(28, 'PUERTO REAL', 11),
(29, 'PUERTO SERRANO', 11),
(30, 'ROTA', 11),
(31, 'SAN FERNANDO', 11),
(32, 'SANLUCAR DE BARRAMEDA', 11),
(33, 'SAN ROQUE', 11),
(34, 'SETENIL DE LAS BODEGAS', 11),
(35, 'TARIFA', 11),
(36, 'TORRE-ALHAQUIME', 11),
(37, 'TREBUJENA', 11),
(38, 'UBRIQUE', 11),
(39, 'VEJER DE LA FRONTERA', 11),
(40, 'VILLALUENGA DEL ROSARIO', 11),
(41, 'VILLAMARTIN', 11),
(42, 'ZAHARA DE LA SIERRA', 11),
(43, 'BENALUP-CASAS VIEJAS', 11),
(44, 'SAN JOSE DEL VALLE', 11),
(1, 'ADAMUZ', 14),
(2, 'AGUILAR', 14),
(3, 'ALCARACEJOS', 14),
(4, 'ALMEDINILLA', 14),
(5, 'ALMODOVAR DEL RIO', 14),
(6, 'AÑORA', 14),
(7, 'BAENA', 14),
(8, 'BELALCAZAR', 14),
(9, 'BELMEZ', 14),
(10, 'BENAMEJI', 14),
(11, 'BLAZQUEZ', 14),
(12, 'BUJALANCE', 14),
(13, 'CABRA', 14),
(14, 'CAÑETE DE LAS TORRES', 14),
(15, 'CARCABUEY', 14),
(16, 'CARDEÑA', 14),
(17, 'LA CARLOTA', 14),
(18, 'EL CARPIO', 14),
(19, 'CASTRO DEL RIO', 14),
(20, 'CONQUISTA', 14),
(900, 'CORDOBA', 14),
(22, 'DOÑA MENCIA', 14),
(23, 'DOS TORRES', 14),
(24, 'ENCINAS REALES', 14),
(25, 'ESPEJO', 14),
(26, 'ESPIEL', 14),
(27, 'FERNAN NUÑEZ', 14),
(28, 'FUENTE LA LANCHA', 14),
(29, 'FUENTE OBEJUNA', 14),
(30, 'FUENTE PALMERA', 14),
(31, 'FUENTE TOJAR', 14),
(32, 'LA GRANJUELA', 14),
(33, 'GUADALCAZAR', 14),
(34, 'GUIJO', 14),
(35, 'HINOJOSA DEL DUQUE', 14),
(36, 'HORNACHUELOS', 14),
(37, 'IZNAJAR', 14),
(38, 'LUCENA', 14),
(39, 'LUQUE', 14),
(40, 'MONTALBAN DE CORDOBA', 14),
(41, 'MONTEMAYOR', 14),
(42, 'MONTILLA', 14),
(43, 'MONTORO', 14),
(44, 'MONTURQUE', 14),
(45, 'MORILES', 14),
(46, 'NUEVA CARTEYA', 14),
(47, 'OBEJO', 14),
(48, 'PALENCIANA', 14),
(49, 'PALMA DEL RIO', 14),
(50, 'PEDRO ABAD', 14),
(51, 'PEDROCHE', 14),
(52, 'PEÑARROYA PUEBLONUEVO', 14),
(53, 'POSADAS', 14),
(54, 'POZOBLANCO', 14),
(55, 'PRIEGO DE CORDOBA', 14),
(56, 'PUENTE GENIL', 14),
(57, 'LA RAMBLA', 14),
(58, 'RUTE', 14),
(59, 'SAN SEBASTIAN DE LOS BALLESTER', 14),
(60, 'SANTAELLA', 14),
(61, 'SANTA EUFEMIA', 14),
(62, 'TORRECAMPO', 14),
(63, 'VALENZUELA', 14),
(64, 'VALSEQUILLO', 14),
(65, 'LA VICTORIA', 14),
(66, 'VILLA DEL RIO', 14),
(67, 'VILLAFRANCA DE CORDOBA', 14),
(68, 'VILLAHARTA', 14),
(69, 'VILLANUEVA DE CORDOBA', 14),
(70, 'VILLANUEVA DEL DUQUE', 14),
(71, 'VILLANUEVA DEL REY', 14),
(72, 'VILLARALTO', 14),
(73, 'VILLAVICIOSA DE CORDOBA', 14),
(74, 'EL VISO', 14),
(75, 'ZUHEROS', 14),
(2, 'AGRON', 18),
(3, 'ALAMEDILLA', 18),
(4, 'ALBOLOTE', 18),
(5, 'ALBONDON', 18),
(6, 'ALBUÑAN', 18),
(7, 'ALBUÑOL', 18),
(8, 'ALBUÑUELAS', 18),
(11, 'ALDEIRE', 18),
(12, 'ALFACAR', 18),
(13, 'ALGARINEJO', 18),
(14, 'ALHAMA DE GRANADA', 18),
(15, 'ALHENDIN', 18),
(16, 'ALICUN DE ORTEGA', 18),
(17, 'ALMEGIJAR', 18),
(18, 'ALMUÑECAR', 18),
(19, 'ALQUIFE', 18),
(21, 'ARENAS DEL REY', 18),
(22, 'ARMILLA', 18),
(23, 'ATARFE', 18),
(24, 'BAZA', 18),
(25, 'BEAS DE GRANADA', 18),
(26, 'BEAS DE GUADIX', 18),
(28, 'BENALUA', 18),
(29, 'BENALUA DE LAS VILLAS', 18),
(30, 'BENAMAUREL', 18),
(31, 'BERCHULES', 18),
(33, 'BUBION', 18),
(34, 'BUSQUISTAR', 18),
(35, 'CACIN', 18),
(36, 'CADIAR', 18),
(37, 'CAJAR', 18),
(38, 'CALICASAS', 18),
(39, 'CAMPOTEJAR', 18),
(40, 'CANILES', 18),
(41, 'CAÑAR', 18),
(43, 'CAPILEIRA', 18),
(44, 'CARATAUNAS', 18),
(45, 'CASTARAS', 18),
(46, 'CASTILLEJAR', 18),
(47, 'CASTRIL', 18),
(48, 'CENES DE LA VEGA', 18),
(49, 'CIJUELA', 18),
(50, 'COGOLLOS DE GUADIX', 18),
(51, 'COGOLLOS VEGA', 18),
(52, 'COLOMERA', 18),
(54, 'CORTES DE BAZA', 18),
(55, 'CORTES Y GRAENA', 18),
(57, 'CULLAR', 18),
(58, 'CULLAR VEGA', 18),
(60, 'CHAUCHINA', 18),
(62, 'CHIMENEAS', 18),
(64, 'CHURRIANA DE LA VEGA', 18),
(65, 'DARRO', 18),
(66, 'DEHESAS DE GUADIX', 18),
(202, 'DEHESAS VIEJAS', 18),
(68, 'DEIFONTES', 18),
(69, 'DIEZMA', 18),
(70, 'DILAR', 18),
(71, 'DOLAR', 18),
(72, 'DUDAR', 18),
(73, 'DURCAL', 18),
(74, 'ESCUZAR', 18),
(76, 'FERREIRA', 18),
(78, 'FONELAS', 18),
(80, 'FREILA', 18),
(81, 'FUENTE VAQUEROS', 18),
(84, 'GALERA', 18),
(85, 'GOBERNADOR', 18),
(86, 'GOJAR', 18),
(87, 'GOR', 18),
(88, 'GORAFE', 18),
(900, 'GRANADA', 18),
(90, 'GUADAHORTUNA', 18),
(91, 'GUADIX', 18),
(95, 'GUALCHOS', 18),
(96, 'GUEJAR SIERRA', 18),
(97, 'GUEVEJAR', 18),
(98, 'HUELAGO', 18),
(99, 'HUENEJA', 18),
(100, 'HUESCAR', 18),
(101, 'HUETOR SANTILLAN', 18),
(102, 'HUETOR TAJAR', 18),
(103, 'HUETOR VEGA', 18),
(104, 'ILLORA', 18),
(106, 'ITRABO', 18),
(107, 'IZNALLOZ', 18),
(108, 'JATAR', 18),
(109, 'JAYENA', 18),
(110, 'JEREZ DEL MARQUESADO', 18),
(111, 'JETE', 18),
(113, 'JUN', 18),
(114, 'JUVILES', 18),
(116, 'LACALAHORRA', 18),
(117, 'LACHAR', 18),
(118, 'LANJARON', 18),
(119, 'LANTEIRA', 18),
(63, 'LECRIN', 18),
(121, 'LENTEJI', 18),
(122, 'LOBRAS', 18),
(123, 'LOJA', 18),
(124, 'LUGROS', 18),
(125, 'LUJAR', 18),
(127, 'LA MALAHA', 18),
(128, 'MARACENA', 18),
(129, 'MARCHAL', 18),
(133, 'MOCLIN', 18),
(134, 'MOLVIZAR', 18),
(135, 'MONACHIL', 18),
(137, 'MONTEFRIO', 18),
(138, 'MONTEJICAR', 18),
(139, 'MONTILLANA', 18),
(140, 'MORALEDA DE ZAFAYONA', 18),
(142, 'MOTRIL', 18),
(144, 'MURTAS', 18),
(146, 'NIGUELAS', 18),
(147, 'NIVAR', 18),
(148, 'OGIJARES', 18),
(149, 'ORCE', 18),
(150, 'ORGIVA', 18),
(151, 'OTIVAR', 18),
(152, 'VILLA DE OTURA', 18),
(153, 'PADUL', 18),
(154, 'PAMPANEIRA', 18),
(155, 'PEDRO MARTINEZ', 18),
(156, 'PELIGROS', 18),
(157, 'LA PEZA', 18),
(160, 'PINOS GENIL', 18),
(161, 'PINOS PUENTE', 18),
(162, 'PIÑAR', 18),
(164, 'POLICAR', 18),
(165, 'POLOPOS', 18),
(166, 'PORTUGOS', 18),
(167, 'PUEBLA DE DON FADRIQUE', 18),
(168, 'PULIANAS', 18),
(170, 'PURULLENA', 18),
(171, 'QUENTAR', 18),
(173, 'RUBITE', 18),
(174, 'SALAR', 18),
(176, 'SALOBREÑA', 18),
(177, 'SANTA CRUZ DEL COMERCIO', 18),
(178, 'SANTA FE', 18),
(179, 'SOPORTUJAR', 18),
(180, 'SORVILAN', 18),
(181, 'TORRE CARDELA', 18),
(182, 'TORVIZCON', 18),
(183, 'TREVELEZ', 18),
(185, 'TURON', 18),
(186, 'UGIJAR', 18),
(187, 'VALOR', 18),
(188, 'VELEZ DE BENAUDALLA', 18),
(189, 'VENTAS DE HUELMA', 18),
(191, 'VILLANUEVA DE LAS TORRES', 18),
(192, 'VILLANUEVA MESIA', 18),
(193, 'VIZNAR', 18),
(196, 'ZAFARRAYA', 18),
(197, 'LA ZUBIA', 18),
(198, 'ZUJAR', 18),
(163, 'LA TAHA', 18),
(132, 'EL VALLE', 18),
(120, 'NEVADA', 18),
(130, 'ALPUJARRA DE LA SIERRA', 18),
(83, 'LAS GABIAS', 18),
(92, 'LOS GUAJARES', 18),
(59, 'VALLE DEL ZALABI', 18),
(53, 'VILLAMENA', 18),
(141, 'MORELABOR', 18),
(105, 'EL PINAR', 18),
(20, 'VEGAS DEL GENIL', 18),
(199, 'CUEVAS CAMPO', 18),
(200, 'ZAGRA', 18),
(204, 'DOMINGO PEREZ DE GRANADA', 18),
(1, 'ALAJAR', 21),
(2, 'ALJARAQUE', 21),
(3, 'EL ALMENDRO', 21),
(4, 'ALMONASTER LA REAL', 21),
(5, 'ALMONTE', 21),
(6, 'ALOSNO', 21),
(7, 'ARACENA', 21),
(8, 'AROCHE', 21),
(9, 'ARROYOMOLINOS DE LEON', 21),
(10, 'AYAMONTE', 21),
(11, 'BEAS', 21),
(12, 'BERROCAL', 21),
(13, 'BOLLULLOS PAR DEL CONDADO', 21),
(14, 'BONARES', 21),
(15, 'CABEZAS RUBIAS', 21),
(16, 'CALA', 21),
(17, 'CALAÑAS', 21),
(18, 'EL CAMPILLO', 21),
(19, 'CAMPOFRIO', 21),
(20, 'CAÑAVERAL DE LEON', 21),
(21, 'CARTAYA', 21),
(22, 'CASTAÑO DEL ROBLEDO', 21),
(23, 'EL CERRO DEL ANDEVALO', 21),
(24, 'CORTECONCEPCION', 21),
(25, 'CORTEGANA', 21),
(26, 'CORTELAZOR', 21),
(27, 'CUMBRES DE ENMEDIO', 21),
(28, 'CUMBRES DE SAN BARTOLOME', 21),
(29, 'CUMBRES MAYORES', 21),
(30, 'CHUCENA', 21),
(31, 'ENCINASOLA', 21),
(32, 'ESCACENA DEL CAMPO', 21),
(33, 'FUENTEHERIDOS', 21),
(34, 'GALAROZA', 21),
(35, 'GIBRALEON', 21),
(36, 'LA GRANADA DE RIOTINTO', 21),
(37, 'EL GRANADO', 21),
(38, 'HIGUERA DE LA SIERRA', 21),
(39, 'HINOJALES', 21),
(40, 'HINOJOS', 21),
(900, 'HUELVA', 21),
(42, 'ISLA CRISTINA', 21),
(43, 'JABUGO', 21),
(44, 'LEPE', 21),
(45, 'LINARES DE LA SIERRA', 21),
(46, 'LUCENA DEL PUERTO', 21),
(47, 'MANZANILLA', 21),
(48, 'MARINES LOS', 21),
(49, 'MINAS DE RIOTINTO', 21),
(50, 'MOGUER', 21),
(51, 'LA NAVA', 21),
(52, 'NERVA', 21),
(53, 'NIEBLA', 21),
(54, 'LA PALMA DEL CONDADO', 21),
(55, 'PALOS DE LA FRONTERA', 21),
(56, 'PATERNA DEL CAMPO', 21),
(57, 'PAYMOGO', 21),
(58, 'PUEBLA DE GUZMAN', 21),
(59, 'PUERTO MORAL', 21),
(79, 'PUNTA UMBRIA', 21),
(60, 'ROCIANA DEL CONDADO', 21),
(61, 'ROSAL DE LA FRONTERA', 21),
(62, 'SAN BARTOLOME TORRE', 21),
(63, 'SAN JUAN DEL PUERTO', 21),
(64, 'SANLUCAR DE GUADIANA', 21),
(65, 'SAN SILVESTRE DE GUZMAN', 21),
(66, 'SANTA ANA LA REAL', 21),
(67, 'SANTA BARBARA DE CASA', 21),
(68, 'SANTA OLALLA DEL CALA', 21),
(69, 'TRIGUEROS', 21),
(70, 'VALDELARCO', 21),
(71, 'VALVERDE DEL CAMINO', 21),
(72, 'VILLABLANCA', 21),
(73, 'VILLALBA DEL ALCOR', 21),
(74, 'VILLANUEVA DE LAS CRUCES', 21),
(75, 'VILLANUEVA DE LOS CASTILLEJOS', 21),
(76, 'VILLARRASA', 21),
(77, 'ZALAMEA LA REAL', 21),
(78, 'ZUFRE', 21),
(1, 'ALBANCHEZ DE MAGINA', 23),
(2, 'ALCALA LA REAL', 23),
(3, 'ALCAUDETE', 23),
(4, 'ALDEAQUEMADA', 23),
(5, 'ANDUJAR', 23),
(6, 'ARJONA', 23),
(7, 'ARJONILLA', 23),
(8, 'ARQUILLOS', 23),
(9, 'BAEZA', 23),
(10, 'BAILEN', 23),
(11, 'BAÑOS DE LA ENCINA', 23),
(12, 'BEAS DE SEGURA', 23),
(14, 'BEGIJAR', 23),
(15, 'BELMEZ DE LA MORALEDA', 23),
(16, 'BENATAE', 23),
(17, 'CABRA DEL SANTO CRISTO', 23),
(18, 'CAMBIL', 23),
(19, 'CAMPILLO DE ARENAS', 23),
(20, 'CANENA', 23),
(21, 'CARBONEROS', 23),
(24, 'LA CAROLINA', 23),
(25, 'CASTELLAR', 23),
(26, 'CASTILLO DE LOCUBIN', 23),
(27, 'CAZALILLA', 23),
(28, 'CAZORLA', 23),
(29, 'CHICLANA DE SEGURA', 23),
(30, 'CHILLUEVAR', 23),
(31, 'ESCAÑUELA', 23),
(32, 'ESPELUY', 23),
(33, 'FRAILES', 23),
(34, 'FUENSANTA DE MARTOS', 23),
(35, 'FUERTE DEL REY', 23),
(37, 'GENAVE', 23),
(38, 'LA GUARDIA DE JAEN', 23),
(39, 'GUARROMAN', 23),
(40, 'LAHIGUERA', 23),
(41, 'HIGUERA DE CALATRAVA', 23),
(42, 'HINOJARES', 23),
(43, 'HORNOS DE SEGURA', 23),
(44, 'HUELMA-SOLERA', 23),
(45, 'HUESA', 23),
(46, 'IBROS', 23),
(47, 'LA IRUELA', 23),
(48, 'IZNATORAF', 23),
(49, 'JABALQUINTO', 23),
(900, 'JAEN', 23),
(51, 'JAMILENA', 23),
(52, 'JIMENA', 23),
(53, 'JODAR', 23),
(54, 'LARVA', 23),
(55, 'LINARES', 23),
(56, 'LOPERA', 23),
(57, 'LUPION', 23),
(58, 'MANCHA REAL', 23),
(59, 'MARMOLEJO', 23),
(60, 'MARTOS', 23),
(61, 'MENGIBAR', 23),
(62, 'MONTIZON', 23),
(63, 'NAVAS DE SAN JUAN', 23),
(64, 'NOALEJO', 23),
(65, 'ORCERA', 23),
(66, 'PEAL DE BECERRO', 23),
(67, 'PEGALAJAR', 23),
(69, 'PORCUNA', 23),
(70, 'POZO ALCON', 23),
(71, 'PUENTE GENAVE', 23),
(72, 'LA PUERTA DE SEGURA', 23),
(73, 'QUESADA', 23),
(74, 'RUS', 23),
(75, 'SABIOTE', 23),
(76, 'SANTA ELENA', 23),
(77, 'SANTIAGO DE CALATRAVA', 23),
(79, 'SANTISTEBAN DEL PUERTO', 23),
(80, 'SANTO TOME', 23),
(81, 'SEGURA DE LA SIERRA', 23),
(82, 'SILES', 23),
(84, 'SORIHUELA DEL GUADALIMAR', 23),
(85, 'TORREBLASCOPEDRO', 23),
(86, 'TORREDELCAMPO', 23),
(87, 'TORREDONJIMENO', 23),
(88, 'TORREPEROGIL', 23),
(90, 'TORRES', 23),
(91, 'TORRES DE ALBANCHEZ', 23),
(92, 'UBEDA', 23),
(93, 'VALDEPEÑAS DE JAEN', 23),
(94, 'VILCHES', 23),
(95, 'VILLACARRILLO', 23),
(96, 'VILLANUEVA DE LA REINA', 23),
(97, 'VILLANUEVA DEL ARZOBISPO', 23),
(98, 'VILLARDOMPARDO', 23),
(99, 'LOS VILLARES', 23),
(101, 'VILLARRODRIGO', 23),
(23, 'CARCHELES', 23),
(13, 'BEDMAR-GARCIEZ', 23),
(100, 'VILLATORRES', 23),
(78, 'SANTIAGO-PONTONES', 23),
(102, 'ARROYO DEL OJANCO', 23),
(1, 'ALAMEDA', 29),
(2, 'ALCAUCIN', 29),
(3, 'ALFARNATE', 29),
(4, 'ALFARNATEJO', 29),
(5, 'ALGARROBO', 29),
(6, 'ALGATOCIN', 29),
(7, 'ALHAURIN DE LA TORRE', 29),
(8, 'ALHAURIN EL GRANDE', 29),
(9, 'ALMACHAR', 29),
(10, 'ALMARGEN', 29),
(11, 'ALMOGIA', 29),
(12, 'ALORA', 29),
(13, 'ALOZAINA', 29),
(14, 'ALPANDEIRE', 29),
(15, 'ANTEQUERA', 29),
(16, 'ARCHEZ', 29),
(17, 'ARCHIDONA', 29),
(18, 'ARDALES', 29),
(19, 'ARENAS', 29),
(20, 'ARRIATE', 29),
(21, 'ATAJATE', 29),
(22, 'BENADALID', 29),
(23, 'BENAHAVIS', 29),
(24, 'BENALAURIA', 29),
(25, 'BENALMADENA', 29),
(26, 'BENAMARGOSA', 29),
(27, 'BENAMOCARRA', 29),
(28, 'BENAOJAN', 29),
(29, 'BENARRABA', 29),
(30, 'EL BORGE', 29),
(31, 'EL BURGO', 29),
(32, 'CAMPILLOS', 29),
(33, 'CANILLAS DE ACEITUNO', 29),
(34, 'CANILLAS DE ALBAIDA', 29),
(35, 'CAÑETE LA REAL', 29),
(36, 'CARRATRACA', 29),
(37, 'CARTAJIMA', 29),
(38, 'CARTAMA', 29),
(39, 'CASABERMEJA', 29),
(40, 'CASARABONELA', 29),
(41, 'CASARES', 29),
(42, 'COIN', 29),
(43, 'COLMENAR', 29),
(44, 'COMARES', 29),
(45, 'COMPETA', 29),
(46, 'CORTES DE LA FRONTERA', 29),
(47, 'CUEVAS BAJAS', 29),
(48, 'CUEVAS DEL BECERRO', 29),
(49, 'CUEVAS DE SAN MARCOS', 29),
(50, 'CUTAR', 29),
(51, 'ESTEPONA', 29),
(52, 'FARAJAN', 29),
(53, 'FRIGILIANA', 29),
(54, 'FUENGIROLA', 29),
(55, 'FUENTE DE PIEDRA', 29),
(56, 'GAUCIN', 29),
(57, 'GENALGUACIL', 29),
(58, 'GUARO', 29),
(59, 'HUMILLADERO', 29),
(60, 'IGUALEJA', 29),
(61, 'ISTAN', 29),
(62, 'IZNATE', 29),
(63, 'JIMERA DE LIBAR', 29),
(64, 'JUBRIQUE', 29),
(65, 'JUZCAR', 29),
(66, 'MACHARAVIAYA', 29),
(900, 'MALAGA', 29),
(68, 'MANILVA', 29),
(69, 'MARBELLA', 29),
(70, 'MIJAS', 29),
(71, 'MOCLINEJO', 29),
(72, 'MOLLINA', 29),
(73, 'MONDA', 29),
(74, 'MONTEJAQUE', 29),
(75, 'NERJA', 29),
(76, 'OJEN', 29),
(77, 'PARAUTA', 29),
(79, 'PERIANA', 29),
(80, 'PIZARRA', 29),
(81, 'PUJERRA', 29),
(82, 'RINCON DE LA VICTORIA', 29),
(83, 'RIOGORDO', 29),
(84, 'RONDA', 29),
(85, 'SALARES', 29),
(86, 'SAYALONGA', 29),
(87, 'SEDELLA', 29),
(88, 'SIERRA DE YEGUAS', 29),
(89, 'TEBA', 29),
(90, 'TOLOX', 29),
(91, 'TORROX', 29),
(92, 'TOTALAN', 29),
(93, 'VALLE DE ABDALAJIS', 29),
(94, 'VELEZ-MALAGA', 29),
(95, 'VILLANUEVA DE ALGAIDAS', 29),
(96, 'VILLANUEVA DEL ROSARIO', 29),
(97, 'VILLANUEVA DEL TRABUCO', 29),
(98, 'VILLANUEVA DE TAPIA', 29),
(99, 'VIÑUELA', 29),
(100, 'YUNQUERA', 29),
(103, 'TORREMOLINOS', 29),
(102, 'VILLANUEVA DE LA CONCEPCION', 29),
(101, 'MONTECORTO', 29),
(104, 'SERRATO', 29),
(1, 'AGUADULCE', 41),
(2, 'ALANIS', 41),
(3, 'ALBAIDA DEL ALJARAFE', 41),
(4, 'ALCALA DE GUADAIRA', 41),
(5, 'ALCALA DEL RIO', 41),
(6, 'ALCOLEA DEL RIO', 41),
(7, 'ALGABA', 41),
(8, 'ALGAMITAS', 41),
(9, 'ALMADEN DE LA PLATA', 41),
(10, 'ALMENSILLA', 41),
(11, 'ARAHAL', 41),
(12, 'AZNALCAZAR', 41),
(13, 'AZNALCOLLAR', 41),
(14, 'BADOLATOSA', 41),
(15, 'BENACAZON', 41),
(16, 'BOLLULLOS DE LA MITACION', 41),
(17, 'BORMUJOS', 41),
(18, 'BRENES', 41),
(19, 'BURGUILLOS', 41),
(20, 'LAS CABEZAS DE SAN JUAN', 41),
(21, 'CAMAS', 41),
(22, 'LA CAMPANA', 41),
(23, 'CANTILLANA', 41),
(24, 'CARMONA', 41),
(25, 'CARRION DE LOS CESPEDES', 41),
(26, 'CASARICHE', 41),
(27, 'CASTILBLANCO DE LOS ARROYOS', 41),
(28, 'CASTILLEJA DE GUZMAN', 41),
(29, 'CASTILLEJA DE LA CUESTA', 41),
(30, 'CASTILLEJA DEL CAMPO', 41),
(31, 'EL CASTILLO DE LAS GUARDAS', 41),
(32, 'CAZALLA DE LA SIERRA', 41),
(33, 'CONSTANTINA', 41),
(34, 'CORIA DEL RIO', 41),
(35, 'CORIPE', 41),
(36, 'EL CORONIL', 41),
(37, 'LOS CORRALES', 41),
(38, 'DOS HERMANAS', 41),
(39, 'ECIJA', 41),
(40, 'ESPARTINAS', 41),
(41, 'ESTEPA', 41),
(42, 'FUENTES DE ANDALUCIA', 41),
(43, 'EL GARROBO', 41),
(44, 'GELVES', 41),
(45, 'GERENA', 41),
(46, 'GILENA', 41),
(47, 'GINES', 41),
(48, 'GUADALCANAL', 41),
(49, 'GUILLENA', 41),
(50, 'HERRERA', 41),
(51, 'HUEVAR DEL ALJARAFE', 41),
(52, 'LANTEJUELA', 41),
(53, 'LEBRIJA', 41),
(54, 'LORA DE ESTEPA', 41),
(55, 'LORA DEL RIO', 41),
(56, 'LA LUISIANA', 41),
(57, 'EL MADROÑO', 41),
(58, 'MAIRENA DEL ALCOR', 41),
(59, 'MAIRENA DEL ALJARAFE', 41),
(60, 'MARCHENA', 41),
(61, 'MARINALEDA', 41),
(62, 'MARTIN DE LA JARA', 41),
(63, 'LOS MOLARES', 41),
(64, 'MONTELLANO', 41),
(65, 'MORON DE LA FRONTERA', 41),
(66, 'LAS NAVAS DE LA CONCEPCION', 41),
(67, 'OLIVARES', 41),
(68, 'OSUNA', 41),
(69, 'LOS PALACIOS Y VILLAFRANCA', 41),
(70, 'PALOMARES DEL RIO', 41),
(71, 'PARADAS', 41),
(72, 'PEDRERA', 41),
(73, 'EL PEDROSO', 41),
(74, 'PEÑAFLOR', 41),
(75, 'PILAS', 41),
(76, 'PRUNA', 41),
(77, 'LA PUEBLA DE CAZALLA', 41),
(78, 'LA PUEBLA DE LOS INFANTES', 41),
(79, 'LA PUEBLA DEL RIO', 41),
(80, 'EL REAL DE LA JARA', 41),
(81, 'LA RINCONADA', 41),
(82, 'LA RODA DE ANDALUCIA', 41),
(83, 'EL RONQUILLO', 41),
(84, 'EL RUBIO', 41),
(85, 'SALTERAS', 41),
(86, 'SAN JUAN DE AZNALFARACHE', 41),
(87, 'SANLUCAR LA MAYOR', 41),
(88, 'SAN NICOLAS DEL PUERTO', 41),
(89, 'SANTIPONCE', 41),
(90, 'EL SAUCEJO', 41),
(900, 'SEVILLA', 41),
(92, 'TOCINA', 41),
(93, 'TOMARES', 41),
(94, 'UMBRETE', 41),
(95, 'UTRERA', 41),
(96, 'VALENCINA DE LA CONCEPCION', 41),
(97, 'VILLAMANRIQUE DE LA CONDESA', 41),
(98, 'VILLANUEVA DEL ARISCAL', 41),
(99, 'VILLANUEVA DEL RIO Y MINAS', 41),
(100, 'VILLANUEVA DE SAN JUAN', 41),
(101, 'VILLAVERDE DEL RIO', 41),
(102, 'EL VISO DEL ALCOR', 41),
(103, 'CAÑADA ROSAL', 41),
(104, 'ISLA MAYOR', 41),
(105, 'EL CUERVO DE SEVILLA', 41),
(1, 'ABIEGO', 22),
(2, 'ABIZANDA', 22),
(5, 'ADAHUESCA', 22),
(7, 'AGUERO', 22),
(10, 'AISA', 22),
(11, 'ALBALATE DE CINCA', 22),
(12, 'ALBALATILLO', 22),
(13, 'ALBELDA', 22),
(15, 'ALBERO ALTO', 22),
(16, 'ALBERO BAJO', 22),
(18, 'ALBERUELA DE TUBO', 22),
(19, 'ALCALA DE GURREA', 22),
(20, 'ALCALA DEL OBISPO', 22),
(21, 'ALCAMPELL', 22),
(22, 'ALCOLEA DE CINCA', 22),
(23, 'ALCUBIERRE', 22),
(24, 'ALERRE', 22),
(25, 'ALFANTEGA', 22),
(27, 'ALMUDEVAR', 22),
(28, 'ALMUNIA DE SAN JUAN', 22),
(29, 'ALMUNIENTE', 22),
(30, 'ALQUEZAR', 22),
(31, 'ALTORRICON', 22),
(32, 'ANGUES', 22),
(34, 'ANSO', 22),
(35, 'ANTILLON', 22),
(39, 'ARAGUES DEL PUERTO', 22),
(44, 'AREN', 22),
(45, 'ARGAVIESO', 22),
(46, 'ARGUIS', 22),
(49, 'AYERBE', 22),
(50, 'AZANUY-ALINS', 22),
(51, 'AZARA', 22),
(52, 'AZLOR', 22),
(53, 'BAELLS', 22),
(54, 'BAILO', 22),
(55, 'BALDELLOU', 22),
(56, 'BALLOBAR', 22),
(59, 'BANASTAS', 22),
(61, 'BARBASTRO', 22),
(63, 'BARBUES', 22),
(64, 'BARBUÑALES', 22),
(65, 'BARCABO', 22),
(67, 'BELVER', 22),
(68, 'BENABARRE', 22),
(69, 'BENASQUE', 22),
(72, 'BERBEGAL', 22),
(79, 'BIELSA', 22),
(80, 'BIERGE', 22),
(81, 'BIESCAS', 22),
(82, 'BINACED', 22),
(83, 'BINEFAR', 22),
(85, 'BISAURRI', 22),
(86, 'BISCARRUES', 22),
(87, 'BLECUA Y TORRES', 22),
(89, 'BOLTAÑA', 22),
(90, 'BONANSA', 22),
(92, 'BORAU', 22),
(94, 'BROTO', 22),
(38, 'CALDEARENAS', 22),
(102, 'CAMPO', 22),
(103, 'CAMPORRELLS', 22),
(73, 'CANAL DE BERDUN', 22),
(104, 'CANDASNOS', 22),
(105, 'CANFRANC', 22),
(106, 'CAPDESASO', 22),
(107, 'CAPELLA', 22),
(109, 'CASBAS DE HUESCA', 22),
(112, 'CASTEJON DEL PUENTE', 22),
(113, 'CASTEJON DE MONEGROS', 22),
(115, 'CASTEJON DE SOS', 22),
(116, 'CASTELFLORITE', 22),
(117, 'CASTIELLO DE JACA', 22),
(118, 'CASTIGALEU', 22),
(120, 'CASTILLAZUELO', 22),
(121, 'CASTILLONROY', 22),
(123, 'COLUNGO', 22),
(132, 'CHALAMERA', 22),
(133, 'CHIA', 22),
(134, 'CHIMILLAS', 22),
(140, 'ESPLUS', 22),
(144, 'ESTADA', 22),
(145, 'ESTADILLA', 22),
(147, 'ESTOPIÑAN DEL CASTILLO', 22),
(149, 'FANLO', 22),
(152, 'FISCAL', 22),
(153, 'FONZ', 22),
(154, 'FORADADA DE TOSCAR', 22),
(155, 'FRAGA', 22),
(160, 'GISTAIN', 22),
(161, 'EL GRADO', 22),
(162, 'GRAÑEN', 22),
(163, 'GRAUS', 22),
(167, 'GURREA DE GALLEGO', 22),
(170, 'HOZ DE JACA', 22),
(172, 'HUERTO', 22),
(901, 'HUESCA', 22),
(174, 'IBIECA', 22),
(175, 'IGRIES', 22),
(176, 'ILCHE', 22),
(272, 'ISABENA', 22),
(178, 'JACA', 22),
(179, 'JASA', 22),
(185, 'LABUERDA', 22),
(189, 'LALUENGA', 22),
(190, 'LALUEZA', 22),
(191, 'LANAJA', 22),
(193, 'LAPERDIGUERA', 22),
(196, 'LASCELLAS-PONZANO', 22),
(197, 'LASCUARRE', 22),
(198, 'LASPAULES', 22),
(199, 'LASPUÑA', 22),
(205, 'LOARRE', 22),
(206, 'LOPORZANO', 22),
(207, 'LOSCORRALES', 22),
(215, 'MONESMA Y CAJIGAR', 22),
(216, 'MONFLORITE-LASCASAS', 22),
(217, 'MONTANUY', 22),
(218, 'MONZON', 22),
(222, 'NAVAL', 22),
(226, 'NOVALES', 22),
(227, 'NUENO', 22),
(230, 'OLVENA', 22),
(231, 'ONTIÑENA', 22),
(235, 'OSSO', 22),
(236, 'PALO', 22),
(239, 'PANTICOSA', 22),
(241, 'PEÑALBA', 22),
(270, 'PEÑAS DE RIGLOS', 22),
(242, 'PERALTA DE ALCOFEA', 22),
(243, 'PERALTA DE CALASANZ', 22),
(244, 'PERALTILLA', 22),
(245, 'PERARRUA', 22),
(246, 'PERTUSA', 22),
(249, 'PIRACES', 22),
(250, 'PLAN', 22),
(252, 'POLEÑINO', 22),
(255, 'POZAN DE VERO', 22),
(256, 'LA PUEBLA DE CASTRO', 22),
(259, 'PUENTE DE MONTAÑANA', 22),
(260, 'PUERTOLAS', 22),
(261, 'PUEYO DE ARAGUAS', 22),
(264, 'PUEYO DE SANTA CRUZ', 22),
(266, 'QUICENA', 22),
(271, 'ROBRES', 22),
(275, 'SABIÑANIGO', 22),
(276, 'SAHUN', 22),
(277, 'SALAS ALTAS', 22),
(278, 'SALAS BAJAS', 22),
(279, 'SALILLAS', 22),
(282, 'SALLENT DE GALLEGO', 22),
(283, 'SAN ESTEBAN DE LITERA', 22),
(284, 'SANGARREN', 22),
(285, 'SAN JUAN DE PLAN', 22),
(286, 'SANTA CILIA', 22),
(287, 'SANTA CRUZ DE LA SEROS', 22),
(291, 'SANTA LIESTRA Y SAN QUILEZ', 22),
(294, 'SARIÑENA', 22),
(298, 'SECASTILLA', 22),
(299, 'SEIRA', 22),
(301, 'SENA', 22),
(303, 'SENES DE ALCUBIERRE', 22),
(305, 'SESA', 22),
(306, 'SESUE', 22),
(309, 'SIETAMO', 22),
(313, 'SOPEIRA', 22),
(315, 'TAMARITE DE LITERA', 22),
(316, 'TARDIENTA', 22),
(317, 'TELLA-SIN', 22),
(318, 'TIERZ', 22),
(320, 'TOLVA', 22),
(321, 'TORLA', 22),
(323, 'TORRALBA DE ARAGON', 22),
(324, 'TORRE LA RIBERA', 22),
(325, 'TORRENTE DE CINCA', 22),
(326, 'TORRES DE ALCANADRE', 22),
(327, 'TORRES DE BARBUES', 22),
(332, 'TRAMACED', 22),
(336, 'VALFARTA', 22),
(337, 'VALLE DE BARDAGI', 22),
(338, 'VALLE DE LIERP', 22),
(339, 'VELILLA DE CINCA', 22),
(71, 'BERANUY', 22),
(341, 'VIACAMP Y LITERA', 22),
(342, 'VICIEN', 22),
(343, 'VILLANOVA', 22),
(344, 'VILLANUA', 22),
(345, 'VILLANUEVA DE SIGENA', 22),
(347, 'YEBRA DE BASA', 22),
(348, 'YESERO', 22),
(349, 'ZAIDIN', 22),
(350, 'LA FUEVA', 22),
(168, 'VALLE DE HECHO', 22),
(288, 'PUENTE LA REINA', 22),
(253, 'SAN MIGUEL DEL CINCA', 22),
(88, 'LA SOTONERA', 22),
(208, 'LUPIÑEN-ORTILLA', 22),
(171, 'SANTA MARIA DE DULCIS', 22),
(9, 'AINSA-SOBRARBE', 22),
(169, 'HOZ Y COSTEAN', 22),
(351, 'VENCILLON', 22),
(1, 'ABABUJ', 44),
(2, 'ABEJUELA', 44),
(3, 'AGUATON', 44),
(4, 'AGUAVIVA', 44),
(5, 'AGUILAR DEL ALFAMBRA', 44),
(6, 'ALACON', 44),
(7, 'ALBA DEL CAMPO', 44),
(8, 'ALBALATE DEL ARZOBISPO', 44),
(9, 'ALBARRACIN', 44),
(10, 'ALBENTOSA', 44),
(11, 'ALCAINE', 44),
(12, 'ALCALA DE LA SELVA', 44),
(13, 'ALCAÑIZ', 44),
(14, 'ALCORISA', 44),
(16, 'ALFAMBRA', 44),
(17, 'ALIAGA', 44),
(18, 'ALMOHAJA', 44),
(19, 'ALOBRAS', 44),
(20, 'ALPEÑES', 44),
(21, 'ALLEPUZ', 44),
(22, 'ALLOZA', 44),
(23, 'ALLUEVA', 44),
(24, 'ANADON', 44),
(25, 'ANDORRA', 44),
(26, 'ARCOS DE LAS SALINAS', 44),
(27, 'ARENS DE LLEDO', 44),
(28, 'ARGENTE', 44),
(29, 'ARIÑO', 44),
(31, 'AZAILA', 44),
(32, 'BADENAS', 44),
(33, 'BAGUENA', 44),
(34, 'BAÑON', 44),
(35, 'BARRACHINA', 44),
(36, 'BEA', 44),
(37, 'BECEITE', 44),
(38, 'BELMONTE SAN JOSE', 44),
(39, 'BELLO', 44),
(40, 'BERGE', 44),
(41, 'BEZAS', 44),
(42, 'BLANCAS', 44),
(43, 'BLESA', 44),
(44, 'BORDON', 44),
(45, 'BRONCHALES', 44),
(46, 'BUEÑA', 44),
(47, 'BURBAGUENA', 44),
(48, 'CABRA DE MORA', 44),
(49, 'CALACEITE', 44),
(50, 'CALAMOCHA', 44),
(51, 'CALANDA', 44),
(52, 'CALOMARDE', 44),
(53, 'CAMAÑAS', 44),
(54, 'CAMARENA DE LA SIERRA', 44),
(55, 'CAMARILLAS', 44),
(56, 'CAMINREAL', 44),
(59, 'CANTAVIEJA', 44),
(60, 'CAÑADA DE BENATANDUZ', 44),
(61, 'LA CAÑADA DE VERICH', 44),
(62, 'CAÑADA VELLIDA', 44),
(63, 'CAÑIZAR DEL OLIVAR', 44),
(64, 'CASCANTE DEL RIO', 44),
(65, 'CASTEJON DE TORNOS', 44),
(66, 'CASTEL DE CABRA', 44),
(67, 'CASTELNOU', 44),
(68, 'CASTELSERAS', 44),
(70, 'EL CASTELLAR', 44),
(71, 'CASTELLOTE', 44),
(74, 'CEDRILLAS', 44),
(75, 'CELADAS', 44),
(76, 'CELLA', 44),
(77, 'LA CEROLLERA', 44),
(81, 'LA CODOÑERA', 44),
(84, 'CORBALAN', 44),
(86, 'CORTES DE ARAGON', 44),
(87, 'COSA', 44),
(88, 'CRETAS', 44),
(89, 'CRIVILLEN', 44),
(90, 'LA CUBA', 44),
(91, 'CUBLA', 44),
(92, 'CUCALON', 44),
(94, 'EL CUERVO', 44),
(95, 'CUEVAS DE ALMUDEN', 44),
(98, 'CUEVAS LABRADAS', 44),
(101, 'EJULVE', 44),
(102, 'ESCORIHUELA', 44),
(104, 'ESCUCHA', 44),
(105, 'ESTERCUEL', 44),
(106, 'FERRERUELA DE HUERVA', 44),
(107, 'FONFRIA', 44),
(108, 'FORMICHE ALTO', 44),
(110, 'FORNOLES', 44),
(111, 'FORTANETE', 44),
(112, 'FOZ CALANDA', 44),
(113, 'LA FRESNEDA', 44),
(114, 'FRIAS DE ALBARRACIN', 44),
(115, 'FUENFERRADA', 44),
(116, 'FUENTES CALIENTES', 44),
(117, 'FUENTES CLARAS', 44),
(118, 'FUENTES DE RUBIELOS', 44),
(119, 'FUENTESPALDA', 44),
(120, 'GALVE', 44),
(121, 'GARGALLO', 44),
(122, 'GEA DE ALBARRACIN', 44),
(123, 'LA GINEBROSA', 44),
(125, 'GRIEGOS', 44),
(126, 'GUADALAVIAR', 44),
(127, 'GUDAR', 44),
(128, 'HIJAR', 44),
(129, 'HINOJOSA DE JARQUE', 44),
(130, 'LA HOZ DE LA VIEJA', 44),
(131, 'HUESA DEL COMUN', 44),
(132, 'LA IGLESUELA DEL CID', 44),
(133, 'JABALOYAS', 44),
(134, 'JARQUE DE LA VAL', 44),
(135, 'JATIEL', 44),
(136, 'JORCAS', 44),
(137, 'JOSA', 44),
(139, 'LAGUERUELA', 44),
(140, 'LANZUELA', 44),
(142, 'LIBROS', 44),
(143, 'LIDON', 44),
(144, 'LINARES DE MORA', 44),
(145, 'LOSCOS', 44),
(148, 'LLEDO', 44),
(149, 'MAICAS', 44),
(150, 'MANZANERA', 44),
(151, 'MARTIN DEL RIO', 44),
(152, 'MAS DE LAS MATAS', 44),
(153, 'LA MATA DE LOS OLMOS', 44),
(154, 'MAZALEON', 44),
(155, 'MEZQUITA DE JARQUE', 44),
(157, 'MIRAMBEL', 44),
(158, 'MIRAVETE DE LA SIERRA', 44),
(159, 'MOLINOS', 44),
(160, 'MONFORTE DE MOYUELA', 44),
(161, 'MONREAL DEL CAMPO', 44),
(162, 'MONROYO', 44),
(163, 'MONTALBAN', 44),
(164, 'MONTEAGUDO DEL CASTILLO', 44),
(165, 'MONTERDE DE ALBARRACIN', 44),
(167, 'MORA DE RUBIELOS', 44),
(168, 'MOSCARDON', 44),
(169, 'MOSQUERUELA', 44),
(170, 'MUNIESA', 44),
(172, 'NOGUERA', 44),
(173, 'NOGUERAS', 44),
(174, 'NOGUERUELAS', 44),
(176, 'OBON', 44),
(177, 'ODON', 44),
(178, 'OJOS NEGROS', 44),
(180, 'OLBA', 44),
(181, 'OLIETE', 44),
(182, 'LOS OLMOS', 44),
(183, 'ORIHUELA DEL TREMEDAL', 44),
(184, 'ORRIOS', 44),
(185, 'PALOMAR DE ARROYOS', 44),
(186, 'PANCRUDO', 44),
(187, 'LAS PARRAS DE CASTELLOTE', 44),
(189, 'PEÑARROYA DE TASTAVINS', 44),
(190, 'PERACENSE', 44),
(191, 'PERALEJOS', 44),
(192, 'PERALES DEL ALFAMBRA', 44),
(194, 'PITARQUE', 44),
(195, 'PLOU', 44),
(196, 'EL POBO', 44),
(198, 'LA PORTELLADA', 44),
(200, 'POZONDON', 44),
(201, 'POZUEL DEL CAMPO', 44),
(202, 'LA PUEBLA DE HIJAR', 44),
(203, 'LA PUEBLA DE VALVERDE', 44),
(204, 'PUERTOMINGALVO', 44),
(205, 'RAFALES', 44),
(207, 'RILLO', 44),
(208, 'RIODEVA', 44),
(209, 'RODENAS', 44),
(210, 'ROYUELA', 44),
(211, 'RUBIALES', 44),
(212, 'RUBIELOS DE LA CERIDA', 44),
(213, 'RUBIELOS DE MORA', 44),
(215, 'SALCEDILLO', 44),
(216, 'SALDON', 44),
(217, 'SAMPER DE CALANDA', 44),
(218, 'SAN AGUSTIN', 44),
(219, 'SAN MARTIN DEL RIO', 44),
(220, 'SANTA CRUZ DE NOGUERAS', 44),
(221, 'SANTA EULALIA DEL CAMPO', 44),
(223, 'SARRION', 44),
(224, 'SEGURA DE LOS BAÑOS', 44),
(225, 'SENO', 44),
(226, 'SINGRA', 44),
(228, 'TERRIENTE', 44),
(900, 'TERUEL', 44),
(230, 'TORIL Y MASEGOSO', 44),
(231, 'TORMON', 44),
(232, 'TORNOS', 44),
(233, 'TORRALBA DE LOS SISONES', 44),
(234, 'TORRECILLA DE ALCAÑIZ', 44),
(235, 'TORRECILLA DEL REBOLLAR', 44),
(236, 'TORRE DE ARCAS', 44),
(237, 'TORRE DE LAS ARCAS', 44),
(238, 'TORRE DEL COMPTE', 44),
(239, 'TORRELACARCEL', 44),
(240, 'TORRE LOS NEGROS', 44),
(241, 'TORREMOCHA DE JILOCA', 44),
(242, 'TORRES DE ALBARRACIN', 44),
(243, 'TORREVELILLA', 44),
(244, 'TORRIJAS', 44),
(245, 'TORRIJO DEL CAMPO', 44),
(247, 'TRAMACASTIEL', 44),
(248, 'TRAMACASTILLA', 44),
(249, 'TRONCHON', 44),
(250, 'URREA DE GAEN', 44),
(251, 'UTRILLAS', 44),
(252, 'VALACLOCHE', 44),
(253, 'VALBONA', 44),
(254, 'VALDEALGORFA', 44),
(257, 'VALDECUENCA', 44),
(258, 'VALDELINARES', 44),
(259, 'VALDELTORMO', 44),
(260, 'VALDERROBRES', 44),
(261, 'VALJUNQUERA', 44),
(263, 'EL VALLECILLO', 44),
(264, 'VEGUILLAS DE LA SIERRA', 44),
(265, 'VILLAFRANCA DEL CAMPO', 44),
(266, 'VILLAHERMOSA DEL CAMPO', 44),
(270, 'VILLANUEVA DEL REBOLLAR', 44),
(271, 'VILLAR DEL COBO', 44),
(272, 'VILLAR DEL SALZ', 44),
(274, 'VILLARLUENGO', 44),
(275, 'VILLARQUEMADO', 44),
(276, 'VILLARROYA DE LOS PINARES', 44),
(277, 'VILLASTAR', 44),
(278, 'VILLEL', 44),
(279, 'VINACEITE', 44),
(280, 'VISIEDO', 44),
(281, 'VIVEL DEL RIO MARTIN', 44),
(282, 'LA ZOMA', 44),
(1, 'ABANTO', 50),
(2, 'ACERED', 50),
(3, 'AGON', 50),
(4, 'AGUARON', 50),
(5, 'AGUILON', 50),
(6, 'AINZON', 50),
(7, 'ALADREN', 50),
(8, 'ALAGON', 50),
(9, 'ALARBA', 50),
(10, 'ALBERITE DE SAN JUAN', 50),
(11, 'ALBETA', 50),
(12, 'ALBORGE', 50),
(13, 'ALCALA DE EBRO', 50),
(14, 'ALCALA DE MONCAYO', 50),
(15, 'ALCONCHEL DE ARIZA', 50),
(16, 'ALDEHUELA DE LIESTOS', 50),
(17, 'ALFAJARIN', 50),
(18, 'ALFAMEN', 50),
(19, 'ALFORQUE', 50),
(20, 'ALHAMA DE ARAGON', 50),
(21, 'ALMOCHUEL', 50),
(22, 'LA ALMOLDA', 50),
(23, 'ALMONACID DE LA CUBA', 50),
(24, 'ALMONACID DE LA SIERRA', 50),
(25, 'LA ALMUNIA DE DOÑA GODINA', 50),
(26, 'ALPARTIR', 50),
(27, 'AMBEL', 50),
(28, 'ANENTO', 50),
(29, 'ANIÑON', 50),
(30, 'AÑON', 50),
(31, 'ARANDA DE MONCAYO', 50),
(32, 'ARANDIGA', 50),
(33, 'ARDISA', 50),
(34, 'ARIZA', 50),
(35, 'ARTIEDA', 50),
(36, 'ASIN', 50),
(37, 'ATEA', 50),
(38, 'ATECA', 50),
(39, 'AZUARA', 50),
(40, 'BADULES', 50),
(41, 'BAGUES', 50),
(42, 'BALCONCHAN', 50),
(43, 'BARBOLES', 50),
(44, 'BARDALLUR', 50),
(45, 'BELCHITE', 50),
(46, 'BELMONTE DE GRACIAN', 50),
(47, 'BERDEJO', 50),
(48, 'BERRUECO', 50),
(50, 'BIJUESCA', 50),
(51, 'BIOTA', 50),
(52, 'BISIMBRE', 50),
(53, 'BOQUIÑENI', 50),
(54, 'BORDALBA', 50),
(55, 'BORJA', 50),
(56, 'BOTORRITA', 50),
(57, 'BREA', 50),
(58, 'BUBIERCA', 50),
(59, 'BUJARALOZ', 50),
(60, 'BULBUENTE', 50),
(61, 'BURETA', 50),
(62, 'EL BURGO DE EBRO', 50),
(63, 'EL BUSTE', 50),
(64, 'CABAÑAS DE EBRO', 50),
(65, 'CABOLAFUENTE', 50),
(66, 'CADRETE', 50),
(67, 'CALATAYUD', 50),
(68, 'CALATORAO', 50),
(69, 'CALCENA', 50),
(70, 'CALMARZA', 50),
(71, 'CAMPILLO DE ARAGON', 50),
(72, 'CARENAS', 50),
(73, 'CARIÑENA', 50),
(74, 'CASPE', 50),
(75, 'CASTEJON DE ALARBA', 50),
(76, 'CASTEJON DE LAS ARMAS', 50),
(77, 'CASTEJON DE VALDEJASA', 50),
(78, 'CASTILISCAR', 50),
(79, 'CERVERA DE LA CAÑADA', 50),
(80, 'CERVERUELA', 50),
(81, 'CETINA', 50),
(82, 'CIMBALLA', 50),
(83, 'CINCO OLIVAS', 50),
(84, 'CLARES DE RIBOTA', 50),
(85, 'CODO', 50),
(86, 'CODOS', 50),
(87, 'CONTAMINA', 50),
(88, 'COSUENDA', 50),
(89, 'CUARTE DE HUERVA', 50),
(90, 'CUBEL', 50),
(91, 'LAS CUERLAS', 50),
(92, 'CHIPRANA', 50),
(93, 'CHODES', 50),
(94, 'DAROCA', 50),
(95, 'EJEA DE LOS CABALLEROS', 50),
(96, 'EMBID DE ARIZA', 50),
(98, 'ENCINACORBA', 50),
(99, 'EPILA', 50),
(100, 'ERLA', 50),
(101, 'ESCATRON', 50),
(103, 'FABARA', 50),
(105, 'FARLETE', 50),
(106, 'FAYON', 50),
(107, 'LOS FAYOS', 50),
(108, 'FIGUERUELAS', 50),
(109, 'FOMBUENA', 50),
(110, 'EL FRAGO', 50),
(111, 'EL FRASNO', 50),
(112, 'FRESCANO', 50),
(114, 'FUENDEJALON', 50),
(115, 'FUENDETODOS', 50),
(116, 'FUENTES DE EBRO', 50),
(117, 'FUENTES DE JILOCA', 50),
(118, 'GALLOCANTA', 50),
(119, 'GALLUR', 50),
(120, 'GELSA', 50),
(121, 'GODOJOS', 50),
(122, 'GOTOR', 50),
(123, 'GRISEL', 50),
(124, 'GRISEN', 50),
(125, 'HERRERA DE LOS NAVARROS', 50),
(126, 'IBDES', 50),
(127, 'ILLUECA', 50),
(129, 'ISUERRE', 50),
(130, 'JARABA', 50),
(131, 'JARQUE', 50),
(132, 'JAULIN', 50),
(133, 'LA JOYOSA', 50),
(134, 'LAGATA', 50),
(135, 'LANGA DEL CASTILLO', 50),
(136, 'LAYANA', 50),
(137, 'LECERA', 50),
(138, 'LECIÑENA', 50),
(139, 'LECHON', 50),
(140, 'LETUX', 50),
(141, 'LITAGO', 50),
(142, 'LITUENIGO', 50),
(143, 'LOBERA DE ONSELLA', 50),
(144, 'LONGARES', 50),
(145, 'LONGAS', 50),
(147, 'LUCENA DE JALON', 50),
(148, 'LUCENI', 50),
(149, 'LUESIA', 50),
(150, 'LUESMA', 50),
(151, 'LUMPIAQUE', 50),
(152, 'LUNA', 50),
(153, 'MAELLA', 50),
(154, 'MAGALLON', 50),
(155, 'MAINAR', 50),
(156, 'MALANQUILLA', 50),
(157, 'MALEJAN', 50),
(158, 'MALON', 50),
(160, 'MALUENDA', 50),
(161, 'MALLEN', 50),
(162, 'MANCHONES', 50),
(163, 'MARA', 50),
(164, 'MARIA DE HUERVA', 50),
(165, 'MEDIANA DE ARAGON', 50),
(166, 'MEQUINENZA', 50),
(167, 'MESONES DE ISUELA', 50),
(168, 'MEZALOCHA', 50),
(169, 'MIANOS', 50),
(170, 'MIEDES', 50),
(171, 'MONEGRILLO', 50),
(172, 'MONEVA', 50),
(173, 'MONREAL DE ARIZA', 50),
(174, 'MONTERDE', 50),
(175, 'MONTON', 50),
(176, 'MORATA DE JALON', 50),
(177, 'MORATA DE JILOCA', 50),
(178, 'MORES', 50),
(179, 'MOROS', 50),
(180, 'MOYUELA', 50),
(181, 'MOZOTA', 50),
(182, 'MUEL', 50),
(183, 'LA MUELA', 50),
(184, 'MUNEBREGA', 50),
(185, 'MURERO', 50),
(186, 'MURILLO DE GALLEGO', 50),
(187, 'NAVARDUN', 50),
(188, 'NIGUELLA', 50),
(189, 'NOMBREVILLA', 50),
(190, 'NONASPE', 50),
(191, 'NOVALLAS', 50),
(192, 'NOVILLAS', 50),
(193, 'NUEVALOS', 50),
(194, 'NUEZ DE EBRO', 50),
(195, 'OLVES', 50),
(196, 'ORCAJO', 50),
(197, 'ORERA', 50),
(198, 'ORES', 50),
(199, 'OSEJA', 50),
(200, 'OSERA DE EBRO', 50),
(201, 'PANIZA', 50),
(202, 'PARACUELLOS DE JILOCA', 50),
(203, 'PARACUELLOS DE LA RIBERA', 50),
(204, 'PASTRIZ', 50),
(205, 'PEDROLA', 50),
(206, 'LAS PEDROSAS', 50),
(207, 'PERDIGUERA', 50),
(208, 'PIEDRATAJADA', 50),
(209, 'PINA DE EBRO', 50),
(210, 'PINSEQUE', 50),
(211, 'LOS PINTANOS', 50),
(212, 'PLASENCIA DE JALON', 50),
(213, 'PLEITAS', 50),
(214, 'PLENAS', 50),
(215, 'POMER', 50),
(216, 'POZUEL DE ARIZA', 50),
(217, 'POZUELO DE ARAGON', 50),
(218, 'PRADILLA DE EBRO', 50),
(219, 'PUEBLA DE ALBORTON', 50),
(220, 'PUEBLA DE ALFINDEN', 50),
(221, 'PUENDELUNA', 50),
(223, 'PURUJOSA', 50),
(224, 'QUINTO', 50),
(225, 'REMOLINOS', 50),
(226, 'RETASCON', 50),
(227, 'RICLA', 50),
(229, 'ROMANOS', 50),
(230, 'RUEDA DE JALON', 50),
(231, 'RUESCA', 50),
(233, 'SADABA', 50),
(234, 'SALILLAS DE JALON', 50),
(235, 'SALVATIERRA DE ESCA', 50),
(236, 'SAMPER DEL SALZ', 50),
(237, 'SAN MARTIN DE LA VIRGEN DEL MO', 50),
(238, 'SAN MATEO DE GALLEGO', 50),
(239, 'SANTA CRUZ DE GRIO', 50),
(240, 'SANTA CRUZ DE MONCAYO', 50),
(241, 'SANTA EULALIA DE GALLEGO', 50),
(242, 'SANTED', 50),
(243, 'SASTAGO', 50),
(244, 'SABIÑAN', 50),
(245, 'SEDILES', 50),
(246, 'SESTRICA', 50),
(247, 'SIERRA DE LUNA', 50),
(248, 'SIGUES', 50),
(249, 'SISAMON', 50),
(250, 'SOBRADIEL', 50),
(251, 'SOS DEL REY CATOLICO', 50),
(252, 'TABUENCA', 50),
(253, 'TALAMANTES', 50),
(254, 'TARAZONA', 50),
(255, 'TAUSTE', 50),
(256, 'TERRER', 50),
(257, 'TIERGA', 50),
(259, 'TOBED', 50),
(260, 'TORRALBA DE LOS FRAILES', 50),
(261, 'TORRALBA DE RIBOTA', 50),
(262, 'TORRALBILLA', 50),
(263, 'TORREHERMOSA', 50),
(264, 'TORRELAPAJA', 50),
(265, 'TORRELLAS', 50),
(266, 'TORRES DE BERRELLEN', 50),
(267, 'TORRIJO DE LA CAÑADA', 50),
(268, 'TOSOS', 50),
(269, 'TRASMOZ', 50),
(270, 'TRASOBARES', 50),
(271, 'UNCASTILLO', 50),
(272, 'UNDUES DE LERDA', 50),
(274, 'URREA DE JALON', 50),
(275, 'URRIES', 50),
(276, 'USED', 50),
(277, 'UTEBO', 50),
(278, 'VALDEHORNA', 50),
(279, 'VAL DE SAN MARTIN', 50),
(280, 'VALMADRID', 50),
(281, 'VALPALMAS', 50),
(282, 'VALTORRES', 50),
(283, 'VELILLA DE EBRO', 50),
(284, 'VELILLA DE JILOCA', 50),
(285, 'VERA DE MONCAYO', 50),
(286, 'VIERLAS', 50),
(287, 'LA VILUEÑA', 50),
(288, 'VILLADOZ', 50),
(289, 'VILLAFELICHE', 50),
(290, 'VILLAFRANCA DE EBRO', 50),
(291, 'VILLALBA DE PEREJIL', 50),
(292, 'VILLALENGUA', 50),
(293, 'VILLANUEVA DE GALLEGO', 50),
(294, 'VILLANUEVA DE JILOCA', 50),
(295, 'VILLANUEVA DE HUERVA', 50),
(296, 'VILLAR DE LOS NAVARROS', 50),
(297, 'VILLARREAL DE HUERVA', 50),
(298, 'VILLARROYA DE LA SIERRA', 50),
(299, 'VILLARROYA DEL CAMPO', 50),
(300, 'VISTABELLA', 50),
(302, 'LA ZAIDA', 50),
(900, 'ZARAGOZA', 50),
(304, 'ZUERA', 50),
(49, 'BIEL-FUENCALDERAS', 50),
(305, 'MARRACOS', 50),
(306, 'VILLAMAYOR DE GALLEGO', 50),
(1, 'ALLANDE', 33),
(2, 'ALLER', 33),
(3, 'AMIEVA', 33),
(4, 'AVILES', 33),
(5, 'BELMONTE DE MIRANDA', 33),
(6, 'BIMENES', 33),
(7, 'BOAL', 33),
(8, 'CABRALES', 33),
(9, 'CABRANES', 33),
(10, 'CANDAMO', 33),
(11, 'CANGAS DE NARCEA', 33),
(12, 'CANGAS DE ONIS', 33),
(13, 'CARAVIA', 33),
(14, 'CARREÑO', 33),
(15, 'CASO', 33),
(16, 'CASTRILLON', 33),
(17, 'CASTROPOL', 33),
(18, 'COAÑA', 33),
(19, 'COLUNGA', 33),
(20, 'CORVERA DE ASTURIAS', 33),
(21, 'CUDILLERO', 33),
(22, 'DEGAÑA', 33),
(23, 'EL FRANCO', 33),
(24, 'GIJON', 33),
(25, 'GOZON', 33),
(26, 'GRADO', 33),
(27, 'GRANDAS DE SALIME', 33),
(28, 'IBIAS', 33),
(29, 'ILLANO', 33),
(30, 'ILLAS', 33),
(31, 'LANGREO', 33),
(32, 'LAVIANA', 33),
(33, 'LENA', 33),
(34, 'VALDES', 33),
(35, 'LLANERA', 33),
(36, 'LLANES', 33),
(37, 'MIERES', 33),
(38, 'MORCIN', 33),
(39, 'MUROS DE NALON', 33),
(40, 'NAVA', 33),
(41, 'NAVIA', 33),
(42, 'NOREÑA', 33),
(43, 'ONIS', 33),
(900, 'OVIEDO', 33),
(45, 'PARRES', 33),
(46, 'PEÑAMELLERA ALTA', 33),
(47, 'PEÑAMELLERA BAJA', 33),
(48, 'PESOZ', 33),
(49, 'PILOÑA', 33),
(50, 'PONGA', 33),
(51, 'PRAVIA', 33),
(52, 'PROAZA', 33),
(53, 'QUIROS', 33),
(54, 'LAS REGUERAS', 33),
(55, 'RIBADEDEVA', 33),
(56, 'RIBADESELLA', 33),
(57, 'RIBERA DE ARRIBA', 33),
(58, 'RIOSA', 33),
(59, 'SALAS', 33),
(60, 'SAN MARTIN DEL REY AURELIO', 33),
(61, 'SAN MARTIN DE OSCOS', 33),
(62, 'SANTA EULALIA DE OSCOS', 33),
(63, 'SAN TIRSO DE ABRES', 33),
(64, 'SANTO ADRIANO', 33),
(65, 'SARIEGO', 33),
(66, 'SIERO', 33),
(67, 'SOBRESCOBIO', 33),
(68, 'SOMIEDO', 33),
(69, 'SOTO DEL BARCO', 33),
(70, 'TAPIA DE CASARIEGO', 33),
(71, 'TARAMUNDI', 33),
(72, 'TEVERGA', 33),
(73, 'TINEO', 33),
(74, 'VEGADEO', 33),
(75, 'VILLANUEVA DE OSCOS', 33),
(76, 'VILLAVICIOSA', 33),
(77, 'VILLAYON', 33),
(78, 'YERNES Y TAMEZA', 33),
(1, 'ALARO', 7),
(2, 'ALAIOR', 7),
(3, 'ALCUDIA', 7),
(4, 'ALGAIDA', 7),
(5, 'ANDRATX', 7),
(6, 'ARTA', 7),
(7, 'BANYALBUFAR', 7),
(8, 'BINISSALEM', 7),
(9, 'BUGER', 7),
(10, 'BUNYOLA', 7),
(11, 'CALVIA', 7),
(12, 'CAMPANET', 7),
(13, 'CAMPOS', 7),
(14, 'CAPDEPERA', 7),
(15, 'CIUTADELLA DE MENORCA', 7),
(16, 'CONSELL', 7),
(17, 'COSTITX', 7),
(18, 'DEIA', 7),
(19, 'ESCORCA', 7),
(20, 'ESPORLES', 7),
(21, 'ESTELLENCS', 7),
(22, 'FELANITX', 7),
(23, 'FERRERIES', 7),
(24, 'FORMENTERA', 7),
(25, 'FORNALUTX', 7),
(26, 'EIVISSA', 7),
(27, 'INCA', 7),
(28, 'LLORET DE VISTALEGRE', 7),
(29, 'LLOSETA', 7),
(30, 'LLUBI', 7),
(31, 'LLUCMAJOR', 7),
(32, 'MAO/MAHON', 7),
(33, 'MANACOR', 7),
(34, 'MANCOR DE LA VALL', 7),
(35, 'MARIA DE LA SALUT', 7),
(36, 'MARRATXI', 7),
(37, 'ES MERCADAL', 7),
(38, 'MONTUIRI', 7),
(39, 'MURO', 7),
(40, 'PALMA DE MALLORCA', 7),
(41, 'PETRA', 7),
(42, 'POLLENÇA', 7),
(43, 'PORRERES', 7),
(44, 'SA POBLA', 7),
(45, 'PUIGPUNYENT', 7),
(46, 'SANT ANTONI DE PORTMANY', 7),
(47, 'SENCELLES', 7),
(48, 'SANT JOSEP DE SA TALAIA', 7),
(49, 'SANT JOAN', 7),
(50, 'SANT JOAN DE LABRITJA', 7),
(51, 'SANT LLORENC DES CARDASSAR', 7),
(52, 'SANT LLUIS', 7),
(53, 'SANTA EUGENIA', 7),
(54, 'SANTA EULARIA DES RIU', 7),
(55, 'SANTA MARGALIDA', 7),
(56, 'SANTA MARIA DEL CAMI', 7),
(57, 'SANTANYI', 7),
(58, 'SELVA', 7),
(59, 'SES SALINES', 7),
(60, 'SINEU', 7),
(61, 'SOLLER', 7),
(62, 'SON SERVERA', 7),
(63, 'VALLDEMOSSA', 7),
(64, 'ES CASTELL', 7),
(65, 'VILAFRANCA BONANY', 7),
(66, 'ARIANY', 7),
(67, 'ES MIGJORN GRAN', 7),
(1, 'AGAETE', 35),
(2, 'AGUIMES', 35),
(3, 'ANTIGUA', 35),
(4, 'ARRECIFE', 35),
(5, 'ARTENARA', 35),
(6, 'ARUCAS', 35),
(7, 'BETANCURIA', 35),
(8, 'FIRGAS', 35),
(9, 'GALDAR', 35),
(11, 'HARIA', 35),
(12, 'INGENIO', 35),
(13, 'MOGAN', 35),
(14, 'MOYA', 35),
(15, 'LA OLIVA', 35),
(16, 'PAJARA', 35),
(17, 'LAS PALMAS DE GRAN CANARIA', 35),
(18, 'PUERTO ROSARIO', 35),
(19, 'S.BARTOLOME LANZAROTE', 35),
(20, 'S.BARTOLOME TIRAJANA', 35),
(21, 'LA ALDEA DE SAN NICOLAS', 35),
(22, 'SANTA BRIGIDA', 35),
(23, 'SANTA LUCIA DE TIRAJANA', 35),
(10, 'GUIA', 35),
(24, 'TEGUISE', 35),
(25, 'TEJEDA', 35),
(26, 'TELDE', 35),
(27, 'TEROR', 35),
(28, 'TIAS', 35),
(29, 'TINAJO', 35),
(30, 'TUINEJE', 35),
(31, 'VALSEQUILLO', 35),
(32, 'VALLESECO', 35),
(33, 'VEGA S.MATEO', 35),
(34, 'YAIZA', 35),
(1, 'ADEJE', 38),
(2, 'AGULO', 38),
(3, 'ALAJERO', 38),
(4, 'ARAFO', 38),
(5, 'ARICO', 38),
(6, 'ARONA', 38),
(7, 'BARLOVENTO', 38),
(8, 'BREÑA ALTA', 38),
(9, 'BREÑA BAJA', 38),
(10, 'BUENAVISTA DEL NORTE', 38),
(11, 'CANDELARIA', 38),
(12, 'FASNIA', 38),
(13, 'FRONTERA', 38),
(14, 'FUENCALIENTE DE LA PALMA', 38),
(15, 'GARACHICO', 38),
(16, 'GARAFIA', 38),
(17, 'GRANADILLA DE ABONA', 38),
(18, 'LA GUANCHA', 38),
(19, 'GUIA ISORA', 38),
(20, 'GUIMAR', 38),
(21, 'HERMIGUA', 38),
(22, 'ICOD DE LOS VINOS', 38),
(23, 'LA LAGUNA', 38),
(24, 'LOS LLANOS DE ARIDANE', 38),
(25, 'LA MATANZA DE ACENTEJO', 38),
(26, 'LA OROTAVA', 38),
(27, 'EL PASO', 38),
(28, 'PUERTO DE LA CRUZ', 38),
(29, 'PUNTAGORDA', 38),
(30, 'PUNTALLANA', 38),
(31, 'LOS REALEJOS', 38),
(32, 'EL ROSARIO', 38),
(33, 'SAN ANDRES Y SAUCES', 38),
(34, 'SAN JUAN DE LA RAMBLA', 38),
(35, 'SAN MIGUEL', 38),
(36, 'SAN SEBASTIAN DE LA GOMERA', 38),
(37, 'SANTA CRUZ DE LA PALMA', 38),
(900, 'SANTA CRUZ TENERIFE', 38),
(39, 'SANTA URSULA', 38),
(40, 'SANTIAGO DEL TEIDE', 38),
(41, 'SAUZAL', 38),
(42, 'LOS SILOS', 38),
(43, 'TACORONTE', 38),
(44, 'TANQUE', 38),
(45, 'TAZACORTE', 38),
(46, 'TEGUESTE', 38),
(47, 'TIJARAFE', 38),
(48, 'VALVERDE', 38),
(49, 'VALLE GRAN REY', 38),
(50, 'VALLEHERMOSO', 38),
(51, 'LA VICTORIA DE ACENTEJO', 38),
(52, 'VILAFLOR', 38),
(53, 'VILLA DE MAZO', 38),
(54, 'EL PINAR DE EL HIERRO', 38),
(1, 'ALFOZ DE LLOREDO', 39),
(2, 'AMPUERO', 39),
(3, 'ANIEVAS', 39),
(4, 'ARENAS DE IGUÑA', 39),
(5, 'ARGOÑOS', 39),
(6, 'ARNUERO', 39),
(7, 'ARREDONDO', 39),
(8, 'EL ASTILLERO', 39),
(9, 'BARCENA DE CICERO', 39),
(10, 'BARCENA DE PIE DE CONCHA', 39),
(11, 'BAREYO', 39),
(12, 'CABEZON DE LA SAL', 39),
(13, 'CABEZON DE LIEBANA', 39),
(14, 'CABUERNIGA', 39),
(15, 'CAMALEÑO', 39),
(16, 'CAMARGO', 39),
(17, 'CAMPOO DE YUSO', 39),
(18, 'CARTES', 39),
(19, 'CASTAÑEDA', 39),
(20, 'CASTRO URDIALES', 39),
(21, 'CIEZA', 39),
(22, 'CILLORIGO DE LIEBANA', 39),
(23, 'COLINDRES', 39),
(24, 'COMILLAS', 39),
(25, 'CORRALES DE BUELNA', 39),
(26, 'CORVERA DE TORANZO', 39),
(27, 'CAMPOO DE ENMEDIO', 39),
(28, 'ENTRAMBASAGUAS', 39),
(29, 'ESCALANTE', 39),
(30, 'GURIEZO', 39),
(31, 'HAZAS DE CESTO', 39),
(32, 'HERMANDAD DE CAMPOO DE SUSO', 39),
(33, 'HERRERIAS', 39),
(34, 'LAMASON', 39),
(35, 'LAREDO', 39),
(36, 'LIENDO', 39),
(37, 'LIERGANES', 39),
(38, 'LIMPIAS', 39),
(39, 'LUENA', 39),
(40, 'MARINA DE CUDEYO', 39),
(41, 'MAZCUERRAS', 39),
(42, 'MEDIO CUDEYO', 39),
(43, 'MERUELO', 39),
(44, 'MIENGO', 39),
(45, 'MIERA', 39),
(46, 'MOLLEDO', 39),
(47, 'NOJA', 39),
(48, 'PENAGOS', 39),
(49, 'PEÑARRUBIA', 39),
(50, 'PESAGUERO', 39),
(51, 'PESQUERA', 39),
(52, 'PIELAGOS', 39),
(53, 'POLACIONES', 39),
(54, 'POLANCO', 39),
(55, 'POTES', 39),
(56, 'PUENTE VIESGO', 39),
(57, 'RAMALES DE LA VICTORIA', 39),
(58, 'RASINES', 39),
(59, 'REINOSA', 39),
(60, 'REOCIN', 39),
(61, 'RIBAMONTAN AL MAR', 39),
(62, 'RIBAMONTAN AL MONTE', 39),
(63, 'RIONANSA', 39),
(64, 'RIOTUERTO', 39),
(65, 'LAS ROZAS', 39),
(66, 'RUENTE', 39),
(67, 'RUESGA', 39),
(68, 'RUILOBA', 39),
(69, 'SAN FELICES DE BUELNA', 39),
(70, 'SAN MIGUEL DE AGUAYO', 39),
(71, 'SAN PEDRO DEL ROMERAL', 39),
(72, 'SAN ROQUE DE RIOMIERA', 39),
(73, 'SANTA CRUZ DE BEZANA', 39),
(74, 'SANTA MARIA DE CAYON', 39),
(900, 'SANTANDER', 39),
(76, 'SANTILLANA DEL MAR', 39),
(77, 'SANTIURDE DE REINOSA', 39),
(78, 'SANTIURDE DE TORANZO', 39),
(79, 'SANTOÑA', 39),
(80, 'SAN VICENTE DE LA BARQUERA', 39),
(81, 'SARO', 39),
(82, 'SELAYA', 39),
(83, 'SOBA', 39),
(84, 'SOLORZANO', 39),
(85, 'SUANCES', 39),
(86, 'LOS TOJOS', 39),
(87, 'TORRELAVEGA', 39),
(88, 'TRESVISO', 39),
(89, 'TUDANCA', 39),
(90, 'UDIAS', 39),
(91, 'VALDALIGA', 39),
(92, 'VALDEOLEA', 39),
(93, 'VALDEPRADO DEL RIO', 39),
(94, 'VALDERREDIBLE', 39),
(95, 'VAL DE SAN VICENTE', 39),
(96, 'VEGA DE LIEBANA', 39),
(97, 'VEGA DE PAS', 39),
(98, 'VILLACARRIEDO', 39),
(99, 'VILLAESCUSA', 39),
(100, 'VILLAFUFRE', 39),
(101, 'VALLE DE VILLAVERDE', 39),
(102, 'VOTO', 39),
(103, 'COMUNIDAD CAMPOO-CABUERNIGA', 39),
(1, 'ABENGIBRE', 2),
(2, 'ALATOZ', 2),
(900, 'ALBACETE', 2),
(4, 'ALBATANA', 2),
(5, 'ALBOREA', 2),
(6, 'ALCADOZO', 2),
(7, 'ALCALA DEL JUCAR', 2),
(8, 'ALCARAZ', 2),
(9, 'ALMANSA', 2),
(10, 'ALPERA', 2),
(11, 'AYNA', 2),
(12, 'BALAZOTE', 2),
(13, 'BALSA DE VES', 2),
(14, 'EL BALLESTERO', 2),
(15, 'BARRAX', 2),
(16, 'BIENSERVIDA', 2),
(17, 'BOGARRA', 2),
(18, 'BONETE', 2),
(19, 'EL BONILLO', 2),
(20, 'CARCELEN', 2),
(21, 'CASAS DE JUAN NUÑEZ', 2),
(22, 'CASAS DE LAZARO', 2),
(23, 'CASAS DE VES', 2),
(24, 'CASAS IBAÑEZ', 2),
(25, 'CAUDETE', 2),
(26, 'CENIZATE', 2),
(27, 'CORRAL-RUBIO', 2),
(28, 'COTILLAS', 2),
(29, 'CHINCHILLA DE MONTE-ARAGON', 2),
(30, 'ELCHE DE LA SIERRA', 2),
(31, 'FEREZ', 2),
(32, 'FUENSANTA', 2),
(33, 'FUENTE-ALAMO', 2),
(34, 'FUENTEALBILLA', 2),
(35, 'LA GINETA', 2),
(36, 'GOLOSALVO', 2),
(37, 'HELLIN', 2),
(38, 'LA HERRERA', 2),
(39, 'HIGUERUELA', 2),
(40, 'HOYA-GONZALO', 2),
(41, 'JORQUERA', 2),
(42, 'LETUR', 2),
(43, 'LEZUZA', 2),
(44, 'LIETOR', 2),
(45, 'MADRIGUERAS', 2),
(46, 'MAHORA', 2),
(47, 'MASEGOSO', 2),
(48, 'MINAYA', 2),
(49, 'MOLINICOS', 2),
(50, 'MONTALVOS', 2),
(51, 'MONTEALEGRE DEL CASTILLO', 2),
(52, 'MOTILLEJA', 2),
(53, 'MUNERA', 2),
(54, 'NAVAS DE JORQUERA', 2),
(55, 'NERPIO', 2),
(56, 'ONTUR', 2),
(57, 'OSSA DE MONTIEL', 2),
(58, 'PATERNA DEL MADERA', 2),
(59, 'PEÑASCOSA', 2),
(60, 'PEÑAS DE SAN PEDRO', 2),
(61, 'PETROLA', 2),
(62, 'POVEDILLA', 2),
(63, 'POZOHONDO', 2),
(64, 'POZO-LORENTE', 2),
(65, 'POZUELO', 2),
(66, 'LA RECUEJA', 2),
(67, 'RIOPAR', 2),
(68, 'ROBLEDO', 2),
(69, 'LA RODA', 2),
(70, 'SALOBRE', 2),
(71, 'SAN PEDRO', 2),
(72, 'SOCOVOS', 2),
(73, 'TARAZONA DE LA MANCHA', 2),
(74, 'TOBARRA', 2),
(75, 'VALDEGANGA', 2),
(76, 'VIANOS', 2),
(77, 'VILLA DE VES', 2),
(78, 'VILLALGORDO DEL JUCAR', 2),
(79, 'VILLAMALEA', 2),
(80, 'VILLAPALACIOS', 2),
(81, 'VILLARROBLEDO', 2),
(82, 'VILLATOYA', 2),
(83, 'VILLAVALIENTE', 2),
(84, 'VILLAVERDE DE GUADALIMAR', 2),
(85, 'VIVEROS', 2),
(86, 'YESTE', 2),
(87, 'POZO CAÑADA', 2),
(1, 'ABENOJAR', 13),
(2, 'AGUDO', 13),
(3, 'ALAMILLO', 13),
(4, 'ALBALADEJO', 13),
(5, 'ALCAZAR DE SAN JUAN', 13),
(6, 'ALCOBA', 13),
(7, 'ALCOLEA DE CALATRAVA', 13),
(8, 'ALCUBILLAS', 13),
(9, 'ALDEA DEL REY', 13),
(10, 'ALHAMBRA', 13),
(11, 'ALMADEN', 13),
(12, 'ALMADENEJOS', 13),
(13, 'ALMAGRO', 13),
(14, 'ALMEDINA', 13),
(15, 'ALMODOVAR DEL CAMPO', 13),
(16, 'ALMURADIEL', 13),
(17, 'ANCHURAS', 13),
(18, 'ARENAS DE SAN JUAN', 13),
(19, 'ARGAMASILLA DE ALBA', 13),
(20, 'ARGAMASILLA DE CALATRAVA', 13),
(21, 'ARROBA DE LOS MONTES', 13),
(22, 'BALLESTEROS DE CALATRAVA', 13),
(23, 'BOLAÑOS DE CALATRAVA', 13),
(24, 'BRAZATORTAS', 13),
(25, 'CABEZARADOS', 13),
(26, 'CABEZARRUBIAS DEL PUERTO', 13),
(27, 'CALZADA DE CALATRAVA', 13),
(28, 'CAMPO DE CRIPTANA', 13),
(29, 'CAÑADA DE CALATRAVA', 13),
(30, 'CARACUEL DE CALATRAVA', 13),
(31, 'CARRION DE CALATRAVA', 13),
(32, 'CARRIZOSA', 13),
(33, 'CASTELLAR DE SANTIAGO', 13),
(900, 'CIUDAD REAL', 13),
(35, 'CORRAL DE CALATRAVA', 13),
(36, 'LOS CORTIJOS', 13),
(37, 'COZAR', 13),
(38, 'CHILLON', 13),
(39, 'DAIMIEL', 13),
(40, 'FERNAN CABALLERO', 13),
(41, 'FONTANAREJO', 13),
(42, 'FUENCALIENTE', 13),
(43, 'FUENLLANA', 13),
(44, 'FUENTE EL FRESNO', 13),
(45, 'GRANATULA DE CALATRAVA', 13),
(46, 'GUADALMEZ', 13),
(47, 'HERENCIA', 13),
(48, 'HINOJOSAS DE CALATRAVA', 13),
(49, 'HORCAJO DE LOS MONTES', 13),
(50, 'LAS LABORES', 13),
(51, 'LUCIANA', 13),
(52, 'MALAGON', 13),
(53, 'MANZANARES', 13),
(54, 'MEMBRILLA', 13),
(55, 'MESTANZA', 13),
(56, 'MIGUELTURRA', 13),
(57, 'MONTIEL', 13),
(58, 'MORAL DE CALATRAVA', 13),
(59, 'NAVALPINO', 13),
(60, 'NAVAS DE ESTENA', 13),
(61, 'PEDRO MUÑOZ', 13),
(62, 'PICON', 13),
(63, 'PIEDRABUENA', 13),
(64, 'POBLETE', 13),
(65, 'PORZUNA', 13),
(66, 'POZUELO DE CALATRAVA', 13),
(67, 'LOS POZUELOS DE CVA', 13),
(68, 'PUEBLA DE DON RODRIGO', 13),
(69, 'PUEBLA DEL PRINCIPE', 13),
(70, 'PUERTO LAPICE', 13),
(71, 'PUERTOLLANO', 13),
(72, 'RETUERTA DEL BULLAQUE', 13),
(73, 'SACERUELA', 13),
(74, 'SAN CARLOS DEL VALLE', 13),
(75, 'SAN LORENZO DE CALATRAVA', 13),
(76, 'SANTA CRUZ DE LOS CAÑAMOS', 13),
(77, 'SANTA CRUZ DE MUDELA', 13),
(78, 'SOCUELLAMOS', 13),
(79, 'LA SOLANA', 13),
(80, 'SOLANA DEL PINO', 13),
(81, 'TERRINCHES', 13),
(82, 'TOMELLOSO', 13),
(83, 'TORRALBA DE CALATRAVA', 13),
(84, 'TORRE DE JUAN ABAD', 13),
(85, 'TORRENUEVA', 13),
(86, 'VALDEMANCO DEL ESTERA', 13),
(87, 'VALDEPEÑAS', 13),
(88, 'VALENZUELA DE CALATRAVA', 13),
(89, 'VILLAHERMOSA', 13),
(90, 'VILLAMANRIQUE', 13),
(91, 'VILLAMAYOR DE CALATRAVA', 13),
(92, 'VILLANUEVA DE LA FUENTE', 13),
(93, 'VILLANUEVA INFANTES', 13),
(94, 'VILLANUEVA DE SAN CARLOS', 13),
(95, 'VILLAR DEL POZO', 13),
(96, 'VILLARRUBIA DE LOS OJOS', 13),
(97, 'VILLARTA DE SAN JUAN', 13),
(98, 'VISO DEL MARQUES', 13),
(99, 'EL ROBLEDO', 13),
(100, 'RUIDERA', 13),
(101, 'ARENALES DE SAN GREGORIO', 13),
(102, 'LLANOS DEL CAUDILLO', 13),
(1, 'ABIA DE LA OBISPALIA', 16),
(2, 'EL ACEBRON', 16),
(3, 'ALARCON', 16),
(4, 'ALBALADEJO DEL CUENDE', 16),
(5, 'ALBALATE DE LAS NOGUERAS', 16),
(6, 'ALBENDEA', 16),
(7, 'LA ALBERCA DE ZANCARA', 16),
(8, 'ALCALA DE LA VEGA', 16),
(9, 'ALCANTUD', 16),
(10, 'ALCAZAR DEL REY', 16),
(11, 'ALCOHUJATE', 16),
(12, 'ALCONCHEL DE LA ESTRELLA', 16),
(13, 'ALGARRA', 16),
(14, 'ALIAGUILLA', 16),
(15, 'LA ALMARCHA', 16),
(16, 'ALMENDROS', 16),
(17, 'ALMODOVAR DEL PINAR', 16),
(18, 'ALMONACID DEL MARQUESADO', 16),
(19, 'ALTAREJOS', 16),
(20, 'ARANDILLA DEL ARROYO', 16),
(23, 'ARCOS DE LA SIERRA', 16),
(22, 'CHILLARON DE CUENCA', 16),
(24, 'ARGUISUELAS', 16),
(25, 'ARRANCACEPAS', 16),
(26, 'ATALAYA DEL CAÑAVATE', 16),
(27, 'BARAJAS DE MELO', 16),
(29, 'BARCHIN DEL HOYO', 16),
(30, 'BASCUÑANA DE SAN PEDRO', 16),
(31, 'BEAMUD', 16),
(32, 'BELINCHON', 16),
(33, 'BELMONTE', 16),
(34, 'BELMONTEJO', 16),
(35, 'BETETA', 16),
(37, 'BONICHES', 16),
(39, 'BUCIEGAS', 16),
(40, 'BUENACHE DE ALARCON', 16),
(41, 'BUENACHE DE LA SIERRA', 16),
(42, 'BUENDIA', 16),
(43, 'CAMPILLO DE ALTOBUEY', 16),
(44, 'CAMPILLOS-PARAVIENTOS', 16),
(45, 'CAMPILLOS-SIERRA', 16),
(46, 'CANALEJAS DEL ARROYO', 16),
(47, 'CAÑADA DEL HOYO', 16),
(48, 'CAÑADAJUNCOSA', 16),
(49, 'CAÑAMARES', 16),
(50, 'EL CAÑAVATE', 16),
(51, 'CAÑAVERAS', 16),
(52, 'CAÑAVERUELAS', 16),
(53, 'CAÑETE', 16),
(54, 'CAÑIZARES', 16),
(56, 'CARBONERAS DEL GUADAZAON', 16),
(57, 'CARDENETE', 16),
(58, 'CARRASCOSA', 16),
(59, 'CARRASCOSA DE HARO', 16),
(61, 'CASAS DE BENITEZ', 16),
(62, 'CASAS DE FERNANDO ALONSO', 16),
(63, 'CASAS DE GARCIMOLINA', 16),
(64, 'CASAS DE GUIJARRO', 16),
(65, 'CASAS DE HARO', 16),
(66, 'CASAS DE LOS PINOS', 16),
(67, 'CASASIMARRO', 16),
(68, 'CASTEJON', 16),
(69, 'CASTILLEJO DE INIESTA', 16),
(71, 'CASTILLEJO-SIERRA', 16),
(72, 'CASTILLO-ALBARAÑEZ', 16),
(73, 'CASTILLO DE GARCIMUÑOZ', 16),
(74, 'CERVERA DEL LLANO', 16),
(75, 'LA CIERVA', 16),
(900, 'CUENCA', 16),
(80, 'CUEVA DEL HIERRO', 16),
(84, 'CHUMILLAS', 16),
(85, 'ENGUIDANOS', 16),
(86, 'FRESNEDA DE ALTAREJOS', 16),
(87, 'FRESNEDA DE LA SIERRA', 16),
(88, 'LA FRONTERA', 16),
(89, 'FUENTE DE PEDRO NAHARRO', 16),
(90, 'FUENTELESPINO DE HARO', 16),
(91, 'FUENTELESPINO DE MOYA', 16),
(92, 'FUENTES', 16),
(95, 'FUERTESCUSA', 16),
(96, 'GABALDON', 16),
(97, 'GARABALLA', 16),
(99, 'GASCUEÑA', 16),
(100, 'GRAJA DE CAMPALBO', 16),
(101, 'GRAJA DE INIESTA', 16),
(102, 'HENAREJOS', 16),
(103, 'EL HERRUMBLAR', 16),
(104, 'LA HINOJOSA', 16),
(105, 'LOS HINOJOSOS', 16),
(106, 'EL HITO', 16),
(107, 'HONRUBIA', 16),
(108, 'HONTANAYA', 16),
(109, 'HONTECILLAS', 16),
(111, 'HORCAJO DE SANTIAGO', 16),
(112, 'HUELAMO', 16),
(113, 'HUELVES', 16),
(114, 'HUERGUINA', 16),
(115, 'HUERTA DE LA OBISPALIA', 16),
(116, 'HUERTA DEL MARQUESADO', 16),
(117, 'HUETE', 16),
(118, 'INIESTA', 16),
(121, 'LAGUNA DEL MARQUESADO', 16),
(122, 'LAGUNASECA', 16),
(123, 'LANDETE', 16),
(124, 'LEDAÑA', 16),
(125, 'LEGANIEL', 16),
(127, 'LAS MAJADAS', 16),
(128, 'MARIANA', 16),
(129, 'MASEGOSA', 16),
(132, 'LAS MESAS', 16),
(133, 'MINGLANILLA', 16),
(134, 'MIRA', 16),
(137, 'MONREAL DEL LLANO', 16),
(138, 'MONTALBANEJO', 16),
(139, 'MONTALBO', 16),
(140, 'MONTEAGUDO DE LAS SALINAS', 16),
(141, 'MOTA DE ALTAREJOS', 16),
(142, 'MOTA DEL CUERVO', 16),
(143, 'MOTILLA DEL PALANCAR', 16),
(144, 'MOYA', 16),
(146, 'NARBONETA', 16),
(148, 'OLIVARES DE JUCAR', 16),
(149, 'OLMEDA DE LA CUESTA', 16),
(150, 'OLMEDA DEL REY', 16),
(151, 'OLMEDILLA DE ALARCON', 16),
(152, 'OLMEDILLA DE ELIZ', 16),
(154, 'OSA DE LA VEGA', 16),
(155, 'PAJARON', 16),
(156, 'PAJARONCILLO', 16);
INSERT INTO `municipios` (`id`, `nombre`, `id_provincia`) VALUES
(157, 'PALOMARES DEL CAMPO', 16),
(158, 'PALOMERA', 16),
(159, 'PARACUELLOS', 16),
(160, 'PAREDES', 16),
(161, 'LA PARRA DE LAS VEGAS', 16),
(162, 'EL PEDERNOSO', 16),
(163, 'LAS PEDROÑERAS', 16),
(164, 'EL PERAL', 16),
(165, 'LA PERALEJA', 16),
(166, 'LA PESQUERA', 16),
(167, 'EL PICAZO', 16),
(168, 'PINAREJO', 16),
(169, 'PINEDA DE GIGUELA', 16),
(170, 'PIQUERAS DEL CASTILLO', 16),
(171, 'PORTALRUBIO DE GUADAMEJUD', 16),
(172, 'PORTILLA', 16),
(174, 'POYATOS', 16),
(175, 'POZOAMARGO', 16),
(176, 'POZORRUBIO DE SANTIAGO', 16),
(178, 'EL POZUELO', 16),
(179, 'PRIEGO', 16),
(180, 'EL PROVENCIO', 16),
(181, 'PUEBLA DE ALMENARA', 16),
(98, 'EL VALLE DE ALTOMIRA', 16),
(182, 'PUEBLA DEL SALVADOR', 16),
(183, 'QUINTANAR DEL REY', 16),
(184, 'RADA DE HARO', 16),
(185, 'REILLO', 16),
(189, 'ROZALEN DEL MONTE', 16),
(193, 'SACEDA-TRASIERRA', 16),
(195, 'SAELICES', 16),
(196, 'SALINAS DEL MANZANO', 16),
(197, 'SALMERONCILLOS', 16),
(198, 'SALVACAÑETE', 16),
(199, 'SAN CLEMENTE', 16),
(200, 'SAN LORENZO DE LA PARRILLA', 16),
(201, 'SAN MARTIN DE BONICHES', 16),
(202, 'SAN PEDRO PALMICHES', 16),
(203, 'SANTA CRUZ DE MOYA', 16),
(204, 'SANTA MARIA DEL CAMPO RUS', 16),
(205, 'SANTA MARIA DE LOS LLANOS', 16),
(206, 'SANTA MARIA DEL VAL', 16),
(207, 'SISANTE', 16),
(208, 'SOLERA DE GABALDON', 16),
(211, 'TALAYUELAS', 16),
(212, 'TARANCON', 16),
(213, 'TEBAR', 16),
(214, 'TEJADILLOS', 16),
(215, 'TINAJAS', 16),
(218, 'TORRALBA', 16),
(220, 'TORREJONCILLO DEL REY', 16),
(221, 'TORRUBIA DEL CAMPO', 16),
(222, 'TORRUBIA DEL CASTILLO', 16),
(224, 'TRAGACETE', 16),
(225, 'TRESJUNCOS', 16),
(226, 'TRIBALDOS', 16),
(227, 'UCLES', 16),
(228, 'UÑA', 16),
(233, 'VALDEMECA', 16),
(234, 'VALDEMORILLO DE LA SIERRA', 16),
(236, 'VALDEMORO-SIERRA', 16),
(237, 'VALDEOLIVAS', 16),
(240, 'VALHERMOSO DE LA FUENTE', 16),
(243, 'VALSALOBRE', 16),
(245, 'VALVERDE DE JUCAR', 16),
(246, 'VALVERDEJO', 16),
(247, 'VARA DE REY', 16),
(248, 'VEGA DEL CODORNO', 16),
(249, 'VELLISCA', 16),
(252, 'VILLACONEJOS DE TRABAQUE', 16),
(253, 'VILLAESCUSA DE HARO', 16),
(254, 'VILLAGARCIA DEL LLANO', 16),
(255, 'VILLALBA DE LA SIERRA', 16),
(256, 'VILLALBA DEL REY', 16),
(257, 'VILLALGORDO DEL MARQUESADO', 16),
(258, 'VILLALPARDO', 16),
(259, 'VILLAMAYOR DE SANTIAGO', 16),
(260, 'VILLANUEVA DE GUADAMEJUD', 16),
(261, 'VILLANUEVA DE LA JARA', 16),
(263, 'VILLAR DE CAÑAS', 16),
(264, 'VILLAR DE DOMINGO GARCIA', 16),
(265, 'VILLAR DE LA ENCINA', 16),
(268, 'VILLAR DEL HUMO', 16),
(269, 'VILLAR DEL INFANTADO', 16),
(273, 'VILLAR DE OLALLA', 16),
(274, 'VILLAREJO DE FUENTES', 16),
(275, 'VILLAREJO DE LA PEÑUELA', 16),
(277, 'VILLAREJO-PERIESTEBAN', 16),
(280, 'VILLARES DEL SAZ', 16),
(281, 'VILLARRUBIO', 16),
(282, 'VILLARTA', 16),
(276, 'VILLAS DE LA VENTOSA', 16),
(283, 'VILLAVERDE Y PASACONSOL', 16),
(284, 'VILLORA', 16),
(285, 'VINDEL', 16),
(286, 'YEMEDA', 16),
(287, 'ZAFRA DE ZANCARA', 16),
(288, 'ZAFRILLA', 16),
(289, 'ZARZA DE TAJO', 16),
(290, 'ZARZUELA', 16),
(60, 'CAMPOS DEL PARAISO', 16),
(232, 'VALDETORTOLA', 16),
(238, 'LAS VALERAS', 16),
(119, 'FUENTENAVA DE JABAGA', 16),
(21, 'ARCAS', 16),
(230, 'LOS VALDECOLMENAS', 16),
(177, 'POZORRUBIELOS DE LA MANCHA', 16),
(210, 'SOTORRIBAS', 16),
(270, 'VILLAR Y VELASCO', 16),
(1, 'ABANADES', 19),
(2, 'ABLANQUE', 19),
(3, 'ADOBES', 19),
(5, 'ALAMINOS', 19),
(6, 'ALARILLA', 19),
(7, 'ALBALATE DE ZORITA', 19),
(8, 'ALBARES', 19),
(9, 'ALBENDIEGO', 19),
(11, 'ALCOCER', 19),
(12, 'ALCOLEA DE LAS PEÑAS', 19),
(13, 'ALCOLEA DEL PINAR', 19),
(15, 'ALCOROCHES', 19),
(18, 'ALDEANUEVA DE GUADALAJARA', 19),
(20, 'ALGAR DE MESA', 19),
(21, 'ALGORA', 19),
(22, 'ALHONDIGA', 19),
(23, 'ALIQUE', 19),
(24, 'ALMADRONES', 19),
(26, 'ALMOGUERA', 19),
(27, 'ALMONACID DE ZORITA', 19),
(28, 'ALOCEN', 19),
(29, 'ALOVERA', 19),
(32, 'ALUSTANTE', 19),
(36, 'ANGON', 19),
(37, 'ANGUITA', 19),
(38, 'ANQUELA DEL DUCADO', 19),
(39, 'ANQUELA DEL PEDREGAL', 19),
(41, 'ARANZUEQUE', 19),
(42, 'ARBANCON', 19),
(43, 'ARBETETA', 19),
(45, 'ARGECILLA', 19),
(46, 'ARMALLONES', 19),
(47, 'ARMUÑA DE TAJUÑA', 19),
(48, 'ARROYO DE LAS FRAGUAS', 19),
(50, 'ATANZON', 19),
(51, 'ATIENZA', 19),
(52, 'AUÑON', 19),
(54, 'AZUQUECA DE HENARES', 19),
(55, 'BAIDES', 19),
(58, 'BAÑOS DE TAJO', 19),
(59, 'BAÑUELOS', 19),
(60, 'BARRIOPEDRO', 19),
(62, 'BERNINCHES', 19),
(64, 'LA BODERA', 19),
(65, 'BRIHUEGA', 19),
(66, 'BUDIA', 19),
(67, 'BUJALARO', 19),
(69, 'BUSTARES', 19),
(70, 'CABANILLAS DEL CAMPO', 19),
(72, 'CAMPILLO DE DUEÑAS', 19),
(73, 'CAMPILLO DE RANAS', 19),
(74, 'CAMPISABALOS', 19),
(77, 'CANREDONDO', 19),
(78, 'CANTALOJAS', 19),
(79, 'CAÑIZAR', 19),
(81, 'EL CARDOSO DE LA SIERRA', 19),
(84, 'CASA DE UCEDA', 19),
(85, 'EL CASAR', 19),
(87, 'CASAS DE SAN GALINDO', 19),
(88, 'CASPUEÑAS', 19),
(89, 'CASTEJON DE HENARES', 19),
(90, 'CASTELLAR DE LA MUELA', 19),
(92, 'CASTILFORTE', 19),
(94, 'CASTILNUEVO', 19),
(95, 'CENDEJAS DE ENMEDIO', 19),
(96, 'CENDEJAS DE LA TORRE', 19),
(97, 'CENTENERA', 19),
(101, 'CIFUENTES', 19),
(103, 'CINCOVILLAS', 19),
(104, 'CIRUELAS', 19),
(105, 'CIRUELOS DEL PINAR', 19),
(107, 'COBETA', 19),
(109, 'COGOLLOR', 19),
(110, 'COGOLLUDO', 19),
(113, 'CONDEMIOS DE ABAJO', 19),
(114, 'CONDEMIOS DE ARRIBA', 19),
(115, 'CONGOSTRINA', 19),
(116, 'COPERNAL', 19),
(118, 'CORDUENTE', 19),
(122, 'EL CUBILLO DE UCEDA', 19),
(124, 'CHECA', 19),
(125, 'CHEQUILLA', 19),
(126, 'CHILOECHES', 19),
(127, 'CHILLARON DEL REY', 19),
(128, 'DRIEBES', 19),
(129, 'DURON', 19),
(130, 'EMBID', 19),
(131, 'ESCAMILLA', 19),
(132, 'ESCARICHE', 19),
(133, 'ESCOPETE', 19),
(134, 'ESPINOSA DE HENARES', 19),
(135, 'ESPLEGARES', 19),
(136, 'ESTABLES', 19),
(137, 'ESTRIEGANA', 19),
(138, 'FONTANAR', 19),
(139, 'FUEMBELLIDA', 19),
(140, 'FUENCEMILLAN', 19),
(142, 'FUENTELAHIGUERA DE ALBATAGES', 19),
(143, 'FUENTELENCINA', 19),
(144, 'FUENTELSAZ', 19),
(145, 'FUENTELVIEJO', 19),
(146, 'FUENTENOVILLA', 19),
(148, 'GAJANEJOS', 19),
(149, 'GALAPAGOS', 19),
(150, 'GALVE DE SORBE', 19),
(154, 'GASCUEÑA DE BORNOVA', 19),
(900, 'GUADALAJARA', 19),
(158, 'HENCHE', 19),
(159, 'HERAS DE AYUSO', 19),
(160, 'HERRERIA', 19),
(161, 'HIENDELAENCINA', 19),
(162, 'HIJES', 19),
(164, 'HITA', 19),
(165, 'HOMBRADOS', 19),
(168, 'HONTOBA', 19),
(169, 'HORCHE', 19),
(171, 'LA HORTEZUELA DE OCEN', 19),
(172, 'LA HUERCE', 19),
(173, 'HUERMECES DEL CERRO', 19),
(174, 'HUERTAHERNANDO', 19),
(177, 'HUEVA', 19),
(178, 'HUMANES DE MOHERNANDO', 19),
(179, 'ILLANA', 19),
(181, 'INIESTOLA', 19),
(182, 'INVIERNAS LAS', 19),
(184, 'IRUESTE', 19),
(185, 'JADRAQUE', 19),
(186, 'JIRUEQUE', 19),
(190, 'LEDANCA', 19),
(191, 'LORANCA DE TAJUÑA', 19),
(192, 'LUPIANA', 19),
(193, 'LUZAGA', 19),
(194, 'LUZON', 19),
(196, 'MAJAELRAYO', 19),
(197, 'MALAGA DEL FRESNO', 19),
(198, 'MALAGUILLA', 19),
(199, 'MANDAYONA', 19),
(200, 'MANTIEL', 19),
(201, 'MARANCHON', 19),
(202, 'MARCHAMALO', 19),
(203, 'MASEGOSO DE TAJUÑA', 19),
(204, 'MATARRUBIA', 19),
(205, 'MATILLAS', 19),
(206, 'MAZARETE', 19),
(207, 'MAZUECOS', 19),
(208, 'MEDRANDA', 19),
(209, 'MEGINA', 19),
(210, 'MEMBRILLERA', 19),
(212, 'MIEDES DE ATIENZA', 19),
(213, 'LA MIERLA', 19),
(214, 'MILMARCOS', 19),
(215, 'MILLANA', 19),
(216, 'LA MIÑOSA', 19),
(217, 'MIRABUENO', 19),
(218, 'MIRALRIO', 19),
(219, 'MOCHALES', 19),
(220, 'MOHERNANDO', 19),
(221, 'MOLINA DE ARAGON', 19),
(222, 'MONASTERIO', 19),
(223, 'MONDEJAR', 19),
(224, 'MONTARRON', 19),
(226, 'MORATILLA DE LOS MELEROS', 19),
(227, 'MORENILLA', 19),
(230, 'MUDUEX', 19),
(233, 'NAVAS DE JADRAQUE', 19),
(234, 'NEGREDO', 19),
(235, 'OCENTEJO', 19),
(236, 'EL OLIVAR', 19),
(237, 'OLMEDA DE COBETA', 19),
(238, 'LA OLMEDA DE JADRAQUE', 19),
(241, 'EL ORDIAL', 19),
(242, 'OREA', 19),
(249, 'PALMACES DE JADRAQUE', 19),
(250, 'PARDOS', 19),
(251, 'PAREDES DE SIGUENZA', 19),
(252, 'PAREJA', 19),
(253, 'PASTRANA', 19),
(254, 'EL PEDREGAL', 19),
(257, 'PEÑALEN', 19),
(258, 'PEÑALVER', 19),
(259, 'PERALEJOS DE LAS TRUCHAS', 19),
(260, 'PERALVECHE', 19),
(261, 'PINILLA DE JADRAQUE', 19),
(262, 'PINILLA DE MOLINA', 19),
(263, 'PIOZ', 19),
(264, 'PIQUERAS', 19),
(265, 'EL POBO DE DUEÑAS', 19),
(266, 'POVEDA DE LA SIERRA', 19),
(269, 'POZO DE ALMOGUERA', 19),
(270, 'POZO DE GUADALAJARA', 19),
(271, 'PRADENA DE ATIENZA', 19),
(272, 'PRADOS REDONDOS', 19),
(273, 'PUEBLA DE BELEÑA', 19),
(274, 'PUEBLA DE VALLES', 19),
(276, 'QUER', 19),
(278, 'REBOLLOSA DE JADRAQUE', 19),
(279, 'EL RECUENCO', 19),
(281, 'RENERA', 19),
(282, 'RETIENDAS', 19),
(283, 'RIBA DE SAELICES', 19),
(286, 'RILLO DE GALLO', 19),
(287, 'RIOFRIO DEL LLANO', 19),
(289, 'ROBLEDILLO DE MOHERNANDO', 19),
(290, 'ROBLEDO DE CORPES', 19),
(292, 'ROMANILLOS DE ATIENZA', 19),
(293, 'ROMANONES', 19),
(294, 'RUEDA DE LA SIERRA', 19),
(296, 'SACECORBO', 19),
(297, 'SACEDON', 19),
(298, 'SAELICES DE LA SAL', 19),
(299, 'SALMERON', 19),
(300, 'SAN ANDRES DEL CONGOSTO', 19),
(301, 'SAN ANDRES DEL REY', 19),
(303, 'SANTIUSTE', 19),
(304, 'SAUCA', 19),
(305, 'SAYATON', 19),
(306, 'SELAS', 19),
(308, 'SETILES', 19),
(309, 'SIENES', 19),
(310, 'SIGUENZA', 19),
(311, 'SOLANILLOS DEL EXTREMO', 19),
(312, 'SOMOLINOS', 19),
(313, 'EL SOTILLO', 19),
(315, 'SOTODOSOS', 19),
(316, 'TAMAJON', 19),
(318, 'TARAGUDO', 19),
(319, 'TARAVILLA', 19),
(320, 'TARTANEDO', 19),
(321, 'TENDILLA', 19),
(323, 'TERZAGA', 19),
(324, 'TIERZO', 19),
(325, 'LA TOBA', 19),
(327, 'TORDELRABANO', 19),
(328, 'TORDELLEGO', 19),
(329, 'TORDESILOS', 19),
(331, 'TORIJA', 19),
(335, 'TORRECUADRADA DE MOLINA', 19),
(336, 'TORRECUADRADILLA', 19),
(337, 'TORRE DEL BURGO', 19),
(338, 'TORREJON DEL REY', 19),
(339, 'TORREMOCHA DE JADRAQUE', 19),
(340, 'TORREMOCHA DEL CAMPO', 19),
(341, 'TORREMOCHA DEL PINAR', 19),
(342, 'TORREMOCHUELA', 19),
(345, 'TORRUBIA', 19),
(346, 'TORTOLA DE HENARES', 19),
(348, 'TORTUERA', 19),
(349, 'TORTUERO', 19),
(350, 'TRAID', 19),
(351, 'TRIJUEQUE', 19),
(352, 'TRILLO', 19),
(354, 'UCEDA', 19),
(355, 'UJADOS', 19),
(357, 'UTANDE', 19),
(358, 'VALDARACHAS', 19),
(359, 'VALDEARENAS', 19),
(360, 'VALDEAVELLANO', 19),
(361, 'VALDEAVERUELO', 19),
(362, 'VALDECONCHA', 19),
(363, 'VALDEGRUDAS', 19),
(365, 'VALDELCUBO', 19),
(367, 'VALDENUÑO FERNANDEZ', 19),
(368, 'VALDEPEÑAS DE LA SIERRA', 19),
(369, 'VALDERREBOLLO', 19),
(372, 'VALDESOTOS', 19),
(374, 'VALFERMOSO DE TAJUÑA', 19),
(375, 'VALHERMOSO', 19),
(376, 'VALTABLADO DEL RIO', 19),
(377, 'VALVERDE DE LOS ARROYOS', 19),
(380, 'VIANA DE JADRAQUE', 19),
(384, 'VILLANUEVA DE ALCORON', 19),
(385, 'VILLANUEVA DE ARGECILLA', 19),
(386, 'VILLANUEVA DE LA TORRE', 19),
(389, 'VILLARES DE JADRAQUE', 19),
(390, 'VILLASECA DE HENARES', 19),
(391, 'VILLASECA DE UCEDA', 19),
(394, 'VILLEL DE MESA', 19),
(395, 'VIÑUELAS', 19),
(396, 'YEBES', 19),
(397, 'YEBRA', 19),
(399, 'YELAMOS DE ABAJO', 19),
(400, 'YELAMOS DE ARRIBA', 19),
(401, 'YUNQUERA DE HENARES', 19),
(402, 'LA YUNTA', 19),
(403, 'ZAOREJAS', 19),
(404, 'ZARZUELA DE JADRAQUE', 19),
(405, 'ZORITA DE LOS CANES', 19),
(307, 'SEMILLAS', 19),
(1, 'AJOFRIN', 45),
(2, 'ALAMEDA DE LA SAGRA', 45),
(3, 'ALBARREAL DE TAJO', 45),
(4, 'ALCABON', 45),
(5, 'ALCAÑIZO', 45),
(6, 'ALCAUDETE DE LA JARA', 45),
(7, 'ALCOLEA DE TAJO', 45),
(8, 'ALDEAEN CABO', 45),
(9, 'ALDEANUEVA DE BARBARROYA', 45),
(10, 'ALDEANUEVA DE SAN BARTOLOME', 45),
(11, 'ALMENDRAL DE LA CAÑADA', 45),
(12, 'ALMONACID DE TOLEDO', 45),
(13, 'ALMOROX', 45),
(14, 'AÑOVER DE TAJO', 45),
(15, 'ARCICOLLAR', 45),
(16, 'ARGES', 45),
(17, 'AZUTAN', 45),
(18, 'BARCIENCE', 45),
(19, 'BARGAS', 45),
(20, 'BELVIS DE LA JARA', 45),
(21, 'BOROX', 45),
(22, 'BUENAVENTURA', 45),
(23, 'BURGUILLOS DE TOLEDO', 45),
(24, 'BURUJON', 45),
(25, 'CABAÑAS DE LA SAGRA', 45),
(26, 'CABAÑAS DE YEPES', 45),
(27, 'CABEZAMESADA', 45),
(28, 'CALERA Y CHOZAS', 45),
(29, 'CALERUELA', 45),
(30, 'LA CALZADA DE OROPESA', 45),
(31, 'CAMARENA', 45),
(32, 'CAMARENILLA', 45),
(33, 'EL CAMPILLO DE LA JARA', 45),
(34, 'CAMUÑAS', 45),
(35, 'CARDIEL DE LOS MONTES', 45),
(36, 'CARMENA', 45),
(37, 'EL CARPIO DE TAJO', 45),
(38, 'CARRANQUE', 45),
(39, 'CARRICHES', 45),
(40, 'EL CASAR DE ESCALONA', 45),
(41, 'CASARRUBIOS DEL MONTE', 45),
(42, 'CASASBUENAS', 45),
(43, 'CASTILLO DE BAYUELA', 45),
(45, 'CAZALEGAS', 45),
(46, 'CEBOLLA', 45),
(47, 'CEDILLO DEL CONDADO', 45),
(48, 'LOS CERRALBOS', 45),
(49, 'CERVERA DE LOS MONTES', 45),
(50, 'CIRUELOS', 45),
(51, 'COBEJA', 45),
(52, 'COBISA', 45),
(53, 'CONSUEGRA', 45),
(54, 'CORRAL DE ALMAGUER', 45),
(55, 'CUERVA', 45),
(56, 'CHOZAS DE CANALES', 45),
(57, 'CHUECA', 45),
(58, 'DOMINGO PEREZ', 45),
(59, 'DOSBARRIOS', 45),
(60, 'ERUSTES', 45),
(61, 'ESCALONA', 45),
(62, 'ESCALONILLA', 45),
(63, 'ESPINOSO DEL REY', 45),
(64, 'ESQUIVIAS', 45),
(65, 'LA ESTRELLA', 45),
(66, 'FUENSALIDA', 45),
(67, 'GALVEZ', 45),
(69, 'GARCIOTUM', 45),
(70, 'GERINDOTE', 45),
(71, 'GUADAMUR', 45),
(72, 'LA GUARDIA', 45),
(73, 'LAS HERENCIAS', 45),
(74, 'HERRERUELA DE OROPESA', 45),
(75, 'HINOJOSA DE SAN VICENTE', 45),
(76, 'HONTANAR', 45),
(77, 'HORMIGOS', 45),
(78, 'HUECAS', 45),
(79, 'HUERTA DE VALDECARABANOS', 45),
(80, 'LA IGLESUELA', 45),
(81, 'ILLAN DE VACAS', 45),
(82, 'ILLESCAS', 45),
(83, 'LAGARTERA', 45),
(84, 'LAYOS', 45),
(85, 'LILLO', 45),
(86, 'LOMINCHAR', 45),
(87, 'LUCILLOS', 45),
(88, 'MADRIDEJOS', 45),
(89, 'MAGAN', 45),
(90, 'MALPICA DE TAJO', 45),
(91, 'MANZANEQUE', 45),
(92, 'MAQUEDA', 45),
(93, 'MARJALIZA', 45),
(94, 'MARRUPE', 45),
(95, 'MASCARAQUE', 45),
(96, 'LA MATA', 45),
(97, 'MAZARAMBROZ', 45),
(98, 'MEJORADA', 45),
(99, 'MENASALBAS', 45),
(100, 'MENTRIDA', 45),
(101, 'MESEGAR DE TAJO', 45),
(102, 'MIGUEL ESTEBAN', 45),
(103, 'MOCEJON', 45),
(104, 'MOHEDAS DE LA JARA', 45),
(105, 'MONTEARAGON', 45),
(106, 'MONTESCLAROS', 45),
(107, 'MORA', 45),
(108, 'NAMBROCA', 45),
(109, 'LA NAVA DE RICOMALILLO', 45),
(110, 'NAVAHERMOSA', 45),
(111, 'NAVALCAN', 45),
(112, 'NAVALMORALEJO', 45),
(113, 'LOS NAVALMORALES', 45),
(114, 'LOS NAVALUCILLOS', 45),
(115, 'NAVAMORCUENDE', 45),
(116, 'NOBLEJAS', 45),
(117, 'NOEZ', 45),
(118, 'NOMBELA', 45),
(119, 'NOVES', 45),
(120, 'NUMANCIA DE LA SAGRA', 45),
(121, 'NUÑO GOMEZ', 45),
(122, 'OCAÑA', 45),
(123, 'OLIAS DEL REY', 45),
(124, 'ONTIGOLA', 45),
(125, 'ORGAZ', 45),
(126, 'OROPESA', 45),
(127, 'OTERO', 45),
(128, 'PALOMEQUE', 45),
(129, 'PANTOJA', 45),
(130, 'PAREDES DE ESCALONA', 45),
(131, 'PARRILLAS', 45),
(132, 'PELAHUSTAN', 45),
(133, 'PEPINO', 45),
(134, 'POLAN', 45),
(135, 'PORTILLO DE TOLEDO', 45),
(136, 'LA PUEBLA DE ALMORADIEL', 45),
(137, 'LA PUEBLA DE MONTALBAN', 45),
(138, 'LA PUEBLANUEVA', 45),
(139, 'EL PUENTE DEL ARZOBISPO', 45),
(140, 'PUERTO DE SAN VICENTE', 45),
(141, 'PULGAR', 45),
(142, 'QUERO', 45),
(143, 'QUINTANAR DE LA ORDEN', 45),
(144, 'QUISMONDO', 45),
(145, 'EL REAL DE SAN VICENTE', 45),
(146, 'RECAS', 45),
(147, 'RETAMOSO', 45),
(148, 'RIELVES', 45),
(149, 'ROBLEDO DEL MAZO', 45),
(150, 'EL ROMERAL', 45),
(151, 'SAN BARTOLOME DE LAS ABIERTAS', 45),
(152, 'SAN MARTIN DE MONTALBAN', 45),
(153, 'SAN MARTIN DE PUSA', 45),
(154, 'SAN PABLO DE LOS MONTES', 45),
(155, 'SAN ROMAN DE LOS MONTES', 45),
(156, 'SANTA ANA DE PUSA', 45),
(157, 'SANTA CRUZ DE LA ZARZA', 45),
(158, 'SANTA CRUZ DEL RETAMAR', 45),
(159, 'SANTA OLALLA', 45),
(160, 'SARTAJADA', 45),
(161, 'SEGURILLA', 45),
(162, 'SESEÑA', 45),
(163, 'SEVILLEJA DE LA JARA', 45),
(164, 'SONSECA', 45),
(165, 'SOTILLO DE LAS PALOMAS', 45),
(166, 'TALAVERA DE LA REINA', 45),
(167, 'TEMBLEQUE', 45),
(168, 'EL TOBOSO', 45),
(900, 'TOLEDO', 45),
(170, 'TORRALBA DE OROPESA', 45),
(171, 'TORRECILLA DE LA JARA', 45),
(172, 'LA TORRE DE ESTEBAN HAMBRAN', 45),
(173, 'TORRICO', 45),
(174, 'TORRIJOS', 45),
(175, 'TOTANES', 45),
(176, 'TURLEQUE', 45),
(177, 'UGENA', 45),
(178, 'URDA', 45),
(180, 'VALDEVERDEJA', 45),
(181, 'VALMOJADO', 45),
(182, 'VELADA', 45),
(183, 'LAS VENTAS CON PEÑA AGUILERA', 45),
(184, 'LAS VENTAS DE RETAMOSA', 45),
(185, 'LAS VENTAS DE SAN JULIAN', 45),
(186, 'VILLACAÑAS', 45),
(187, 'LA VILLA DE DON FADRIQUE', 45),
(188, 'VILLAFRANCA DE LOS CABALLEROS', 45),
(189, 'VILLALUENGA DE LA SAGRA', 45),
(190, 'VILLAMIEL DE TOLEDO', 45),
(191, 'VILLAMINAYA', 45),
(192, 'VILLAMUELAS', 45),
(193, 'VILLANUEVA DE ALCARDETE', 45),
(194, 'VILLANUEVA DE BOGAS', 45),
(195, 'VILLAREJO DE MONTALBAN', 45),
(196, 'VILLARRUBIA DE SANTIAGO', 45),
(197, 'VILLASECA DE LA SAGRA', 45),
(198, 'VILLASEQUILLA', 45),
(199, 'VILLATOBAS', 45),
(200, 'EL VISO DE SAN JUAN', 45),
(201, 'LOS YEBENES', 45),
(202, 'YELES', 45),
(203, 'YEPES', 45),
(204, 'YUNCLER', 45),
(205, 'YUNCLILLOS', 45),
(206, 'YUNCOS', 45),
(179, 'SANTO DOMINGO-CAUDILLA', 45),
(1, 'ADANERO', 5),
(2, 'LA ADRADA', 5),
(5, 'ALBORNOS', 5),
(7, 'ALDEANUEVA DE SANTA CRUZ', 5),
(8, 'ALDEASECA', 5),
(10, 'LA ALDEHUELA', 5),
(12, 'AMAVIDA', 5),
(13, 'EL ARENAL', 5),
(14, 'ARENAS DE SAN PEDRO', 5),
(15, 'AREVALILLO', 5),
(16, 'AREVALO', 5),
(17, 'AVEINTE', 5),
(18, 'AVELLANEDA', 5),
(900, 'AVILA', 5),
(21, 'EL BARCO DE AVILA', 5),
(22, 'BARRACO', 5),
(23, 'BARROMAN', 5),
(24, 'BECEDAS', 5),
(25, 'BECEDILLAS', 5),
(26, 'BERCIAL DE ZAPARDIEL', 5),
(27, 'LAS BERLANAS', 5),
(29, 'BERNUY-ZAPARDIEL', 5),
(30, 'BERROCALEJO DE ARAGONA', 5),
(33, 'BLASCOMILLAN', 5),
(34, 'BLASCONUÑO DE MATACABRAS', 5),
(35, 'BLASCOSANCHO', 5),
(36, 'EL BOHODON', 5),
(37, 'BOHOYO', 5),
(38, 'BONILLA DE LA SIERRA', 5),
(39, 'BRABOS', 5),
(40, 'BULARROS', 5),
(41, 'BURGOHONDO', 5),
(42, 'CABEZAS DE ALAMBRE', 5),
(43, 'CABEZAS DEL POZO', 5),
(44, 'CABEZAS DEL VILLAR', 5),
(45, 'CABIZUELA', 5),
(46, 'CANALES', 5),
(47, 'CANDELEDA', 5),
(48, 'CANTIVEROS', 5),
(49, 'CARDEÑOSA', 5),
(51, 'LA CARRERA', 5),
(52, 'CASAS DEL PUERTO', 5),
(53, 'CASASOLA', 5),
(54, 'CASAVIEJA', 5),
(55, 'CASILLAS', 5),
(56, 'CASTELLANOS DEL ZAPARDIEL', 5),
(57, 'CEBREROS', 5),
(58, 'CEPEDA LA MORA', 5),
(59, 'CILLAN', 5),
(60, 'CISLA', 5),
(61, 'LA COLILLA', 5),
(62, 'COLLADO DE CONTRERAS', 5),
(63, 'COLLADO DEL MIRON', 5),
(64, 'CONSTANZANA', 5),
(65, 'CRESPOS', 5),
(66, 'CUEVAS DEL VALLE', 5),
(67, 'CHAMARTIN', 5),
(69, 'DONJIMENO', 5),
(70, 'DONVIDAS', 5),
(72, 'ESPINOSA DE LOS CABALLEROS', 5),
(73, 'FLORES DE AVILA', 5),
(74, 'FONTIVEROS', 5),
(75, 'FRESNEDILLA', 5),
(76, 'EL FRESNO', 5),
(77, 'FUENTE EL SAUZ', 5),
(78, 'FUENTES DE AÑO', 5),
(79, 'GALLEGOS DE ALTAMIROS', 5),
(80, 'GALLEGOS DE SOBRINOS', 5),
(81, 'GARGANTA DEL VILLAR', 5),
(82, 'GAVILANES', 5),
(83, 'GEMUÑO', 5),
(84, 'GILBUENA', 5),
(85, 'GILGARCIA', 5),
(86, 'GIMIALCON', 5),
(87, 'GOTARRENDURA', 5),
(88, 'GRANDES Y SAN MARTIN', 5),
(89, 'GUISANDO', 5),
(90, 'GUTIERRE MUÑOZ', 5),
(92, 'HERNANSANCHO', 5),
(93, 'EL HERRADON', 5),
(94, 'HERRERO DE SUSO', 5),
(95, 'HIGUERA DE LAS DUEÑAS', 5),
(96, 'LA HIJA DE DIOS', 5),
(97, 'LA HORCAJADA', 5),
(99, 'HORCAJO DE LAS TORRES', 5),
(100, 'EL HORNILLO', 5),
(101, 'HOYOCASERO', 5),
(102, 'EL HOYO DE PINARES', 5),
(103, 'HOYORREDONDO', 5),
(104, 'HOYOS DEL COLLADO', 5),
(105, 'HOYOS DEL ESPINO', 5),
(106, 'HOYOS DE MIGUEL MUÑOZ', 5),
(107, 'HURTUMPASCUAL', 5),
(108, 'JUNCIANA', 5),
(109, 'LANGA', 5),
(110, 'LANZAHITA', 5),
(112, 'EL LOSAR', 5),
(113, 'LOS LLANOS DE TORMES', 5),
(114, 'MADRIGAL DE LAS ALTAS TORRES', 5),
(115, 'MAELLO', 5),
(116, 'MALPARTIDA DE CORNEJA', 5),
(117, 'MAMBLAS', 5),
(118, 'MANCERA DE ARRIBA', 5),
(119, 'MANJABALAGO Y ORTIGOSA RIOALMA', 5),
(120, 'MARLIN', 5),
(121, 'MARTIHERRERO', 5),
(122, 'MARTINEZ', 5),
(123, 'MEDIANA DE VOLTOYA', 5),
(124, 'MEDINILLA', 5),
(125, 'MENGAMUÑOZ', 5),
(126, 'MESEGAR DE CORNEJA', 5),
(127, 'MIJARES', 5),
(128, 'MINGORRIA', 5),
(129, 'EL MIRON', 5),
(130, 'MIRONCILLO', 5),
(131, 'MIRUEÑA DE LOS INFANZONES', 5),
(132, 'MOMBELTRAN', 5),
(133, 'MONSALUPE', 5),
(134, 'MORALEJA DE MATACABRAS', 5),
(135, 'MUÑANA', 5),
(136, 'MUÑICO', 5),
(138, 'MUÑOGALINDO', 5),
(139, 'MUÑOGRANDE', 5),
(140, 'MUÑOMER DEL PECO', 5),
(141, 'MUÑOPEPE', 5),
(142, 'MUÑOSANCHO', 5),
(143, 'MUÑOTELLO', 5),
(144, 'NARRILLOS DEL ALAMO', 5),
(145, 'NARRILLOS DEL REBOLLAR', 5),
(147, 'NARROS DEL CASTILLO', 5),
(148, 'NARROS DEL PUERTO', 5),
(149, 'NARROS DE SALDUEÑA', 5),
(151, 'NAVACEPEDILLA DE CORNEJA', 5),
(152, 'NAVA DE AREVALO', 5),
(153, 'NAVA DEL BARCO', 5),
(154, 'NAVADIJOS', 5),
(155, 'NAVAESCURIAL', 5),
(156, 'NAVAHONDILLA', 5),
(157, 'NAVALACRUZ', 5),
(158, 'NAVALMORAL', 5),
(159, 'NAVALONGUILLA', 5),
(160, 'NAVALOSA', 5),
(161, 'NAVALPERAL DE PINARES', 5),
(162, 'NAVALPERAL DE TORMES', 5),
(163, 'NAVALUENGA', 5),
(164, 'NAVAQUESERA', 5),
(165, 'NAVARREDONDA DE GREDOS', 5),
(166, 'NAVARREDONDILLA', 5),
(167, 'NAVARREVISCA', 5),
(168, 'LAS NAVAS DEL MARQUES', 5),
(169, 'NAVATALGORDO', 5),
(170, 'NAVATEJARES', 5),
(171, 'NEILA DE SAN MIGUEL', 5),
(172, 'NIHARRA', 5),
(173, 'OJOS-ALBOS', 5),
(174, 'ORBITA', 5),
(175, 'EL OSO', 5),
(176, 'PADIERNOS', 5),
(177, 'PAJARES DE ADAJA', 5),
(178, 'PALACIOS DE GODA', 5),
(179, 'PAPATRIGO', 5),
(180, 'EL PARRAL', 5),
(181, 'PASCUALCOBO', 5),
(182, 'PEDRO BERNARDO', 5),
(183, 'PEDRO RODRIGUEZ', 5),
(184, 'PEGUERINOS', 5),
(185, 'PEÑALBA DE AVILA', 5),
(186, 'PIEDRAHITA', 5),
(187, 'PIEDRALAVES', 5),
(188, 'POVEDA', 5),
(189, 'POYALES DEL HOYO', 5),
(190, 'POZANCO', 5),
(191, 'PRADOSEGAR', 5),
(192, 'PUERTO CASTILLA', 5),
(193, 'RASUEROS', 5),
(194, 'RIOCABADO', 5),
(195, 'RIOFRIO', 5),
(196, 'RIVILLA DE BARAJAS', 5),
(197, 'SALOBRAL', 5),
(198, 'SALVADIOS', 5),
(199, 'SAN BARTOLOME DE BEJAR', 5),
(200, 'SAN BARTOLOME DE CORNEJA', 5),
(201, 'SAN BARTOLOME DE PINARES', 5),
(204, 'SANCHIDRIAN', 5),
(205, 'SANCHORREJA', 5),
(206, 'SAN ESTEBAN DE LOS PATOS', 5),
(207, 'SAN ESTEBAN DEL VALLE', 5),
(208, 'SAN ESTEBAN DE ZAPARDIEL', 5),
(209, 'SAN GARCIA DE INGELMOS', 5),
(210, 'SAN JUAN DE LA ENCINILLA', 5),
(211, 'SAN JUAN DE LA NAVA', 5),
(212, 'SAN JUAN DEL MOLINILLO', 5),
(213, 'SAN JUAN DEL OLMO', 5),
(214, 'SAN LORENZO DE TORMES', 5),
(215, 'SAN MARTIN DE LA VEGA DEL ALBE', 5),
(216, 'SAN MARTIN DEL PIMPOLLAR', 5),
(217, 'SAN MIGUEL DE CORNEJA', 5),
(218, 'SAN MIGUEL DE SERREZUELA', 5),
(219, 'SAN PASCUAL', 5),
(220, 'SAN PEDRO DEL ARROYO', 5),
(221, 'SANTA CRUZ DEL VALLE', 5),
(222, 'SANTA CRUZ DE PINARES', 5),
(224, 'SANTA MARIA DEL ARROYO', 5),
(225, 'SANTA MARIA DEL BERROCAL', 5),
(226, 'SANTA MARIA DE LOS CABALLEROS', 5),
(227, 'SANTA MARIA DEL TIETAR', 5),
(228, 'SANTIAGO DEL COLLADO', 5),
(229, 'SANTO DOMINGO DE LAS POSADAS', 5),
(230, 'SANTO TOME DE ZABARCOS', 5),
(231, 'SAN VICENTE DE AREVALO', 5),
(232, 'LA SERRADA', 5),
(233, 'SERRANILLOS', 5),
(234, 'SIGERES', 5),
(235, 'SINLABAJOS', 5),
(236, 'SOLANA DE AVILA', 5),
(237, 'SOLANA DE RIOALMAR', 5),
(238, 'SOLOSANCHO', 5),
(239, 'SOTALVO', 5),
(240, 'SOTILLO DE LA ADRADA', 5),
(241, 'EL TIEMBLO', 5),
(242, 'TIÑOSILLOS', 5),
(243, 'TOLBAÑOS', 5),
(244, 'TORMELLAS', 5),
(245, 'TORNADIZOS DE AVILA', 5),
(247, 'TORTOLES', 5),
(246, 'LA TORRE', 5),
(249, 'UMBRIAS', 5),
(251, 'VADILLO DE LA SIERRA', 5),
(252, 'VALDECASA', 5),
(253, 'VEGA DE SANTA MARIA', 5),
(254, 'VELAYOS', 5),
(256, 'VILLAFLOR', 5),
(257, 'VILLAFRANCA DE LA SIERRA', 5),
(258, 'VILLANUEVA DE GOMEZ', 5),
(259, 'VILLANUEVA DEL ACERAL', 5),
(260, 'VILLANUEVA DEL CAMPILLO', 5),
(261, 'VILLAR DE CORNEJA', 5),
(262, 'VILLAREJO DEL VALLE', 5),
(263, 'VILLATORO', 5),
(264, 'VIÑEGRA DE MORAÑA', 5),
(265, 'VITA', 5),
(266, 'ZAPARDIEL DE LA CAÑADA', 5),
(267, 'ZAPARDIEL DE LA RIBERA', 5),
(269, 'SAN JUAN DE GREDOS', 5),
(270, 'SANTA MARIA DEL CUBILLO', 5),
(272, 'DIEGO DEL CARPIO', 5),
(273, 'SANTIAGO DE TORMES', 5),
(274, 'VILLANUEVA DE AVILA', 5),
(1, 'ABAJAS', 9),
(3, 'ADRADA DE HAZA', 9),
(6, 'AGUAS CANDIDAS', 9),
(7, 'AGUILAR DE BUREBA', 9),
(9, 'ALBILLOS', 9),
(10, 'ALCOCERO DE MOLA', 9),
(11, 'ALFOZ DE BRICIA', 9),
(12, 'ALFOZ DE SANTA GADEA', 9),
(13, 'ALTABLE', 9),
(14, 'LOS ALTOS', 9),
(16, 'AMEYUGO', 9),
(17, 'ANGUIX', 9),
(18, 'ARANDA DE DUERO', 9),
(19, 'ARANDILLA', 9),
(20, 'ARAUZO DE MIEL', 9),
(21, 'ARAUZO DE SALCE', 9),
(22, 'ARAUZO DE TORRE', 9),
(23, 'ARCOS', 9),
(24, 'ARENILLAS DE RIOPISUERGA', 9),
(26, 'ARIJA', 9),
(27, 'ARLANZON', 9),
(28, 'ARRAYA DE OCA', 9),
(30, 'ATAPUERCA', 9),
(31, 'LOS AUSINES', 9),
(33, 'AVELLANOSA DE MUÑO', 9),
(34, 'BAHABON DE ESGUEVA', 9),
(35, 'LOS BALBASES', 9),
(36, 'BAÑOS DE VALDEARADOS', 9),
(37, 'BAÑUELOS DE BUREBA', 9),
(38, 'BARBADILLO DE HERREROS', 9),
(39, 'BARBADILLO DEL MERCADO', 9),
(40, 'BARBADILLO DEL PEZ', 9),
(42, 'BARRIO DE MUÑO', 9),
(44, 'LOS BARRIOS DE BUREBA', 9),
(45, 'BARRIOS DE COLINA', 9),
(47, 'BASCONCILLOS DEL TOZO', 9),
(48, 'BASCUÑANA', 9),
(49, 'BELBIMBRE', 9),
(50, 'BELORADO', 9),
(52, 'BERBERANA', 9),
(53, 'BERLANGAS DE ROA', 9),
(54, 'BERZOSA DE BUREBA', 9),
(56, 'BOZOO', 9),
(57, 'BRAZACORTA', 9),
(58, 'BRIVIESCA', 9),
(59, 'BUGEDO', 9),
(60, 'BUNIEL', 9),
(900, 'BURGOS', 9),
(62, 'BUSTO DE BUREBA', 9),
(63, 'CABAÑES DE ESGUEVA', 9),
(64, 'CABEZON DE LA SIERRA', 9),
(65, 'CABIA', 9),
(66, 'CALERUEGA', 9),
(68, 'CAMPILLO DE ARANDA', 9),
(69, 'CAMPOLARA', 9),
(70, 'CANICOSA DE LA SIERRA', 9),
(71, 'CANTABRANA', 9),
(73, 'CARAZO', 9),
(74, 'CARCEDO DE BUREBA', 9),
(75, 'CARCEDO DE BURGOS', 9),
(76, 'CARDEÑADIJO', 9),
(77, 'CARDEÑAJIMENO', 9),
(78, 'CARDEÑUELA DE RIO PICO', 9),
(79, 'CARRIAS', 9),
(80, 'CASCAJARES DE BUREBA', 9),
(81, 'CASCAJARES DE LA SIERRA', 9),
(82, 'CASTELLANOS DE CASTRO', 9),
(85, 'CASTILDELGADO', 9),
(86, 'CASTIL DE PEONES', 9),
(87, 'CASTRILLO DE LA REINA', 9),
(88, 'CASTRILLO DE LA VEGA', 9),
(89, 'CASTRILLO DEL VAL', 9),
(91, 'CASTRILLO DE RIOPISUERGA', 9),
(93, 'CASTRILLO MOTA DE JUDIOS', 9),
(94, 'CASTROJERIZ', 9),
(96, 'CAYUELA', 9),
(97, 'CEBRECOS', 9),
(98, 'CELADA DEL CAMINO', 9),
(101, 'CEREZO DE RIOTIRON', 9),
(103, 'CERRATON DE JUARROS', 9),
(104, 'CIADONCHA', 9),
(105, 'CILLAPERLATA', 9),
(106, 'CILLERUELO DE ABAJO', 9),
(107, 'CILLERUELO DE ARRIBA', 9),
(108, 'CIRUELOS DE CERVERA', 9),
(111, 'COGOLLOS', 9),
(112, 'CONDADO DE TREVIÑO', 9),
(113, 'CONTRERAS', 9),
(115, 'CORUÑA DEL CONDE', 9),
(116, 'COVARRUBIAS', 9),
(117, 'CUBILLO DEL CAMPO', 9),
(118, 'CUBO DE BUREBA', 9),
(120, 'LA CUEVA DE ROA', 9),
(122, 'CUEVAS DE SAN CLEMENTE', 9),
(123, 'ENCIO', 9),
(125, 'ESPINOSA DE CERVERA', 9),
(126, 'ESPINOSA DEL CAMINO', 9),
(127, 'ESPINOSA DE LOS MONTEROS', 9),
(128, 'ESTEPAR', 9),
(130, 'FONTIOSO', 9),
(131, 'FRANDOVINEZ', 9),
(132, 'FRESNEDA DE LA SIERRA', 9),
(133, 'FRESNEÑA', 9),
(134, 'FRESNILLO DE LAS DUEÑAS', 9),
(135, 'FRESNO DE RIOTIRON', 9),
(136, 'FRESNO DE RODILLA', 9),
(137, 'FRIAS', 9),
(138, 'FUENTEBUREBA', 9),
(139, 'FUENTECEN', 9),
(140, 'FUENTELCESPED', 9),
(141, 'FUENTELISENDO', 9),
(142, 'FUENTEMOLINOS', 9),
(143, 'FUENTENEBRO', 9),
(144, 'FUENTESPINA', 9),
(146, 'GALBARROS', 9),
(147, 'LA GALLEGA', 9),
(151, 'GRIJALBA', 9),
(152, 'GRISALEÑA', 9),
(154, 'GUMIEL DE IZAN', 9),
(155, 'GUMIEL DEL MERCADO', 9),
(157, 'HACINAS', 9),
(158, 'HAZA', 9),
(162, 'HONTANAS', 9),
(163, 'HONTANGAS', 9),
(165, 'HONTORIA DE LA CANTERA', 9),
(166, 'HONTORIA DEL PINAR', 9),
(167, 'HONTORIA DE VALDEARADOS', 9),
(169, 'LAS HORMAZAS', 9),
(170, 'HORNILLOS DEL CAMINO', 9),
(171, 'LA HORRA', 9),
(172, 'HORTIGUELA', 9),
(173, 'HOYALES DE ROA', 9),
(175, 'HUERMECES', 9),
(176, 'HUERTA DE ARRIBA', 9),
(177, 'HUERTA DE REY', 9),
(178, 'HUMADA', 9),
(179, 'HURONES', 9),
(180, 'IBEAS DE JUARROS', 9),
(181, 'IBRILLOS', 9),
(182, 'IGLESIARRUBIA', 9),
(183, 'IGLESIAS', 9),
(184, 'ISAR', 9),
(185, 'ITERO DEL CASTILLO', 9),
(186, 'JARAMILLO DE LA FUENTE', 9),
(187, 'JARAMILLO QUEMADO', 9),
(192, 'JUNTA DE TRASLALOMA', 9),
(193, 'JUNTA DE VILLALBA DE LOSA', 9),
(194, 'JURISDICCION DE LARA', 9),
(195, 'JURISDICCION DE SAN ZADORNIL', 9),
(197, 'LERMA', 9),
(199, 'LLANO DE BUREBA', 9),
(200, 'MADRIGAL DEL MONTE', 9),
(201, 'MADRIGALEJO DEL MONTE', 9),
(202, 'MAHAMUD', 9),
(203, 'MAMBRILLA DE CASTREJON', 9),
(204, 'MAMBRILLAS DE LARA', 9),
(205, 'MAMOLAR', 9),
(206, 'MANCILES', 9),
(211, 'MAZUELA', 9),
(213, 'MECERREYES', 9),
(214, 'MEDINA DE POMAR', 9),
(216, 'MELGAR DE FERNAMENTAL', 9),
(218, 'MERINDAD DE CUESTA URRIA', 9),
(219, 'MERINDAD DE MONTIJA', 9),
(220, 'MERINDAD DE SOTOSCUEVA', 9),
(221, 'MERINDAD DE VALDEPORRES', 9),
(222, 'MERINDAD DE VALDIVIELSO', 9),
(223, 'MILAGROS', 9),
(224, 'MIRANDA DE EBRO', 9),
(225, 'MIRAVECHE', 9),
(226, 'MODUBAR DE LA EMPAREDADA', 9),
(228, 'MONASTERIO DE LA SIERRA', 9),
(229, 'MONASTERIO DE RODILLA', 9),
(230, 'MONCALVILLO', 9),
(231, 'MONTERRUBIO DE LA DEMANDA', 9),
(232, 'MONTORIO', 9),
(233, 'MORADILLO DE ROA', 9),
(235, 'NAVA DE ROA', 9),
(236, 'NAVAS DE BUREBA', 9),
(237, 'NEBREDA', 9),
(238, 'NEILA', 9),
(241, 'OLMEDILLO DE ROA', 9),
(242, 'OLMILLOS DE MUÑO', 9),
(245, 'OÑA', 9),
(246, 'OQUILLAS', 9),
(248, 'ORBANEJA-RIO PICO', 9),
(250, 'PADILLA DE ABAJO', 9),
(251, 'PADILLA DE ARRIBA', 9),
(252, 'PADRONES DE BUREBA', 9),
(254, 'PALACIOS DE LA SIERRA', 9),
(255, 'PALACIOS DE RIOPISUERGA', 9),
(256, 'PALAZUELOS DE LA SIERRA', 9),
(257, 'PALAZUELOS DE MUÑO', 9),
(258, 'PAMPLIEGA', 9),
(259, 'PANCORBO', 9),
(261, 'PARDILLA', 9),
(263, 'PARTIDO DE LA SIERRA DE TOBALI', 9),
(264, 'PEDROSA DE DUERO', 9),
(265, 'PEDROSA DEL PARAMO', 9),
(266, 'PEDROSA DEL PRINCIPE', 9),
(267, 'PEDROSA DE RIO-URBEL', 9),
(269, 'PEÑARANDA DE DUERO', 9),
(270, 'PERAL DE ARLANZA', 9),
(273, 'PIERNIGAS', 9),
(274, 'PINEDA DE LA SIERRA', 9),
(275, 'PINEDA-TRASMONTE', 9),
(276, 'PINILLA DE LOS BARRUECOS', 9),
(277, 'PINILLA DE LOS MOROS', 9),
(278, 'PINILLA-TRASMONTE', 9),
(280, 'POZA DE LA SAL', 9),
(281, 'PRADANOS DE BUREBA', 9),
(282, 'PRADOLUENGO', 9),
(283, 'PRESENCIO', 9),
(284, 'LA PUEBLA DE ARGANZON', 9),
(285, 'PUENTEDURA', 9),
(287, 'QUEMADA', 9),
(288, 'QUINTANABUREBA', 9),
(289, 'QUINTANA DEL PIDIO', 9),
(291, 'QUINTANAELEZ', 9),
(296, 'QUINTANAORTUÑO', 9),
(297, 'QUINTANAPALLA', 9),
(298, 'QUINTANAR DE LA SIERRA', 9),
(301, 'QUINTANAVIDES', 9),
(304, 'QUINTANILLA DE LA MATA', 9),
(305, 'QUINTANILLA DEL COCO', 9),
(307, 'LAS QUINTANILLAS', 9),
(308, 'QUINTANILLA SAN-GARCIA', 9),
(311, 'QUINTANILLA-VIVAR', 9),
(312, 'RABANERA DEL PINAR', 9),
(313, 'RABANOS', 9),
(314, 'RABE DE LAS CALZADAS', 9),
(316, 'REBOLLEDO DE LA TORRE', 9),
(317, 'REDECILLA DEL CAMINO', 9),
(318, 'REDECILLA DEL CAMPO', 9),
(319, 'REGUMIEL DE LA SIERRA', 9),
(320, 'REINOSO', 9),
(322, 'RETUERTA', 9),
(323, 'LA REVILLA', 9),
(325, 'REVILLA DEL CAMPO', 9),
(326, 'REVILLARRUZ', 9),
(327, 'REVILLA-VALLEJERA', 9),
(328, 'REZMONDO', 9),
(329, 'RIOCAVADO DE LA SIERRA', 9),
(332, 'ROA', 9),
(334, 'ROJAS', 9),
(336, 'ROYUELA DE RIO FRANCO', 9),
(337, 'RUBENA', 9),
(338, 'RUBLACEDO DE ABAJO', 9),
(339, 'RUCANDIO', 9),
(340, 'SALAS DE BUREBA', 9),
(341, 'SALAS DE LOS INFANTES', 9),
(343, 'SALDAÑA DE BURGOS', 9),
(345, 'SALINILLAS DE BUREBA', 9),
(346, 'SAN ADRIAN DE JUARROS', 9),
(348, 'SAN JUAN DEL MONTE', 9),
(349, 'SAN MAMES DE BURGOS', 9),
(350, 'SAN MARTIN DE RUBIALES', 9),
(351, 'SAN MILLAN DE LARA', 9),
(354, 'SANTA CECILIA', 9),
(356, 'SANTA CRUZ DE LA SALCEDA', 9),
(357, 'SANTA CRUZ DEL VALLE URBION', 9),
(358, 'SANTA GADEA DEL CID', 9),
(359, 'SANTA INES', 9),
(361, 'SANTA MARIA DEL CAMPO', 9),
(362, 'SANTA MARIA DEL INVIERNO', 9),
(363, 'SANTA MARIA DE MERCADILLO', 9),
(364, 'SANTA MARIA-RIBARREDONDA', 9),
(366, 'SANTA OLALLA DE BUREBA', 9),
(367, 'SANTIBAÑEZ DE ESGUEVA', 9),
(368, 'SANTIBAÑEZ DEL VAL', 9),
(370, 'SANTO DOMINGO DE SILOS', 9),
(372, 'SAN VICENTE DEL VALLE', 9),
(373, 'SARGENTES DE LA LORA', 9),
(374, 'SARRACIN', 9),
(375, 'SASAMON', 9),
(377, 'LA SEQUERA DE HAZA', 9),
(378, 'SOLARANA', 9),
(380, 'SORDILLOS', 9),
(381, 'SOTILLO DE LA RIBERA', 9),
(384, 'SOTRAGERO', 9),
(385, 'SOTRESGUDO', 9),
(386, 'SUSINOS DEL PARAMO', 9),
(387, 'TAMARON', 9),
(389, 'TARDAJOS', 9),
(390, 'TEJADA', 9),
(392, 'TERRADILLOS DE ESGUEVA', 9),
(393, 'TINIEBLAS', 9),
(394, 'TOBAR', 9),
(396, 'TORDOMAR', 9),
(398, 'TORRECILLA DEL MONTE', 9),
(399, 'TORREGALINDO', 9),
(400, 'TORRELARA', 9),
(401, 'TORREPADRE', 9),
(402, 'TORRESANDINO', 9),
(403, 'TORTOLES DE ESGUEVA', 9),
(404, 'TOSANTOS', 9),
(406, 'TRESPADERNE', 9),
(407, 'TUBILLA DEL AGUA', 9),
(408, 'TUBILLA DEL LAGO', 9),
(410, 'URBEL DEL CASTILLO', 9),
(412, 'VADOCONDES', 9),
(415, 'VALDEANDE', 9),
(417, 'VALDEZATE', 9),
(418, 'VALDORROS', 9),
(419, 'VALMALA', 9),
(420, 'VALLARTA DE BUREBA', 9),
(421, 'VALLE DE MANZANEDO', 9),
(422, 'VALLE DE MENA', 9),
(423, 'VALLE DE OCA', 9),
(424, 'VALLE DE TOBALINA', 9),
(425, 'VALLE DE VALDEBEZANA', 9),
(426, 'VALLE DE VALDELAGUNA', 9),
(427, 'VALLE DE VALDELUCIO', 9),
(428, 'VALLE DE ZAMANZAS', 9),
(429, 'VALLEGERA', 9),
(430, 'VALLES DE PALENZUELA', 9),
(431, 'VALLUERCANES', 9),
(433, 'LA VID Y BARRIOS', 9),
(434, 'LA VID DE BUREBA', 9),
(435, 'VILEÑA', 9),
(436, 'VILORIA DE RIOJA', 9),
(437, 'VILVIESTRE DEL PINAR', 9),
(439, 'VILLADIEGO', 9),
(440, 'VILLAESCUSA DE ROA', 9),
(441, 'VILLAESCUSA LA SOMBRIA', 9),
(442, 'VILLAESPASA', 9),
(443, 'VILLAFRANCA MONTES DE OCA', 9),
(445, 'VILLAFRUELA', 9),
(446, 'VILLAGALIJO', 9),
(447, 'VILLAGONZALO-PEDERNALES', 9),
(450, 'VILLAHOZ', 9),
(451, 'VILLALBA DE DUERO', 9),
(452, 'VILLALBILLA DE BURGOS', 9),
(453, 'VILLALBILLA DE GUMIEL', 9),
(455, 'VILLALDEMIRO', 9),
(456, 'VILLALMANZO', 9),
(458, 'VILLAMAYOR DE LOS MONTES', 9),
(459, 'VILLAMAYOR DE TREVIÑO', 9),
(460, 'VILLAMBISTIA', 9),
(461, 'VILLAMEDIANILLA', 9),
(462, 'VILLAMIEL DE LA SIERRA', 9),
(463, 'VILLANGOMEZ', 9),
(464, 'VILLANUEVA DE ARGAÑO', 9),
(465, 'VILLANUEVA DE CARAZO', 9),
(466, 'VILLANUEVA DE GUMIEL', 9),
(470, 'VILLANUEVA DE TEBA', 9),
(471, 'VILLAQUIRAN DE LA PUEBLA', 9),
(472, 'VILLAQUIRAN DE LOS INFANTES', 9),
(474, 'VILLARIEZO', 9),
(477, 'VILLASANDINO', 9),
(480, 'VILLASUR DE HERREROS', 9),
(481, 'VILLATUELDA', 9),
(483, 'VILLAVERDE DEL MONTE', 9),
(484, 'VILLAVERDE-MOGINA', 9),
(488, 'VILLAYERNO MORQUILLAS', 9),
(489, 'VILLAZOPEQUE', 9),
(490, 'VILLEGAS', 9),
(493, 'VILLORUEBO', 9),
(496, 'VIZCAINOS', 9),
(498, 'ZAEL', 9),
(500, 'ZARZOSA DE RIOPISUERGA', 9),
(501, 'ZAZUAR', 9),
(503, 'ZUÑEDA', 9),
(303, 'QUINTANILLA DEL AGUA-TORDUELES', 9),
(369, 'VALLE DE SANTIBAÑEZ', 9),
(473, 'MERINDAD CAST. VIE VILLARCAYO', 9),
(331, 'VALLE DE LAS NAVAS', 9),
(376, 'VALLE DE SEDANO', 9),
(409, 'MERINDAD DE RIO UBIERNA', 9),
(290, 'ALFOZ DE QUINTANADUEÑAS', 9),
(191, 'VALLE DE LOSA', 9),
(1, 'ACEBEDO', 24),
(2, 'ALGADEFE', 24),
(3, 'ALIJA DEL INFANTADO', 24),
(4, 'ALMANZA', 24),
(5, 'LA ANTIGUA', 24),
(6, 'ARDON', 24),
(7, 'ARGANZA', 24),
(9, 'ASTORGA', 24),
(10, 'BALBOA', 24),
(11, 'LA BAÑEZA', 24),
(12, 'BARJAS', 24),
(13, 'LOS BARRIOS DE LUNA', 24),
(15, 'BEMBIBRE', 24),
(16, 'BENAVIDES', 24),
(17, 'BENUZA', 24),
(18, 'BERCIANOS DEL PARAMO', 24),
(19, 'BERCIANOS DEL REAL CAMINO', 24),
(20, 'BERLANGA DEL BIERZO', 24),
(21, 'BOCA DE HUERGANO', 24),
(22, 'BOÑAR', 24),
(23, 'BORRENES', 24),
(24, 'BRAZUELO', 24),
(25, 'EL BURGO RANERO', 24),
(26, 'BURON', 24),
(27, 'BUSTILLO DEL PARAMO', 24),
(28, 'CABAÑAS RARAS', 24),
(29, 'CABREROS DEL RIO', 24),
(30, 'CABRILLANES', 24),
(31, 'CACABELOS', 24),
(32, 'CALZADA DEL COTO', 24),
(33, 'CAMPAZAS', 24),
(35, 'CAMPO DE VILLAVIDEL', 24),
(36, 'CAMPONARAYA', 24),
(38, 'CANDIN', 24),
(39, 'CARMENES', 24),
(40, 'CARRACEDELO', 24),
(41, 'CARRIZO', 24),
(42, 'CARROCERA', 24),
(43, 'CARUCEDO', 24),
(44, 'CASTILFALE', 24),
(45, 'CASTRILLO DE CABRERA', 24),
(46, 'CASTRILLO DE LA VALDUERNA', 24),
(48, 'CASTROCALBON', 24),
(49, 'CASTROCONTRIGO', 24),
(51, 'CASTROPODAME', 24),
(52, 'CASTROTIERRA', 24),
(53, 'CEA', 24),
(54, 'CEBANICO', 24),
(55, 'CEBRONES DEL RIO', 24),
(56, 'CIMANES DE LA VEGA', 24),
(57, 'CIMANES DEL TEJAR', 24),
(58, 'CISTIERNA', 24),
(59, 'CONGOSTO', 24),
(60, 'CORBILLOS DE LOS OTEROS', 24),
(61, 'CORULLON', 24),
(62, 'CREMENES', 24),
(63, 'CUADROS', 24),
(64, 'CUBILLAS DE LOS OTEROS', 24),
(65, 'CUBILLAS DE RUEDA', 24),
(66, 'CUBILLOS DEL SIL', 24),
(67, 'CHOZAS DE ABAJO', 24),
(68, 'DESTRIANA', 24),
(69, 'ENCINEDO', 24),
(70, 'LA ERCINA', 24),
(71, 'ESCOBAR DE CAMPOS', 24),
(72, 'FABERO', 24),
(73, 'FOLGOSO DE LA RIBERA', 24),
(75, 'FRESNO DE LA VEGA', 24),
(76, 'FUENTES DE CARBAJAL', 24),
(78, 'GARRAFE DE TORIO', 24),
(79, 'GORDALIZA DEL PINO', 24),
(80, 'GORDONCILLO', 24),
(81, 'GRADEFES', 24),
(82, 'GRAJAL DE CAMPOS', 24),
(83, 'GUSENDOS DE LOS OTEROS', 24),
(84, 'HOSPITAL DE ORBIGO', 24),
(85, 'IGUEÑA', 24),
(86, 'IZAGRE', 24),
(88, 'JOARILLA DE LAS MATAS', 24),
(89, 'LAGUNA DALGA', 24),
(90, 'LAGUNA DE NEGRILLOS', 24),
(900, 'LEON', 24),
(92, 'LUCILLO', 24),
(93, 'LUYEGO', 24),
(94, 'LLAMAS DE LA RIBERA', 24),
(95, 'MAGAZ DE CEPEDA', 24),
(96, 'MANSILLA DE LAS MULAS', 24),
(97, 'MANSILLA MAYOR', 24),
(98, 'MARAÑA', 24),
(99, 'MATADEON DE LOS OTEROS', 24),
(100, 'MATALLANA', 24),
(101, 'MATANZA', 24),
(102, 'MOLINASECA', 24),
(103, 'MURIAS DE PAREDES', 24),
(104, 'NOCEDA', 24),
(105, 'OENCIA', 24),
(106, 'LAS OMAÑAS', 24),
(107, 'ONZONILLA', 24),
(108, 'OSEJA DE SAJAMBRE', 24),
(109, 'PAJARES DE LOS OTEROS', 24),
(110, 'PALACIOS DE LA VALDUERNA', 24),
(111, 'PALACIOS DEL SIL', 24),
(113, 'PARAMO DEL SIL', 24),
(115, 'PERANZANES', 24),
(116, 'POBLADURA DE PELAYO GARCIA', 24),
(117, 'LA POLA DE GORDON', 24),
(118, 'PONFERRADA', 24),
(119, 'POSADA DE VALDEON', 24),
(120, 'POZUELO DEL PARAMO', 24),
(121, 'PRADO DE LA GUZPEÑA', 24),
(122, 'PRIARANZA DEL BIERZO', 24),
(123, 'PRIORO', 24),
(124, 'PUEBLA DE LILLO', 24),
(125, 'PUENTE DE DOMINGO FLOREZ', 24),
(126, 'QUINTANA DEL CASTILLO', 24),
(127, 'QUINTANA DEL MARCO', 24),
(128, 'QUINTANA Y CONGOSTO', 24),
(130, 'REGUERAS DE ARRIBA', 24),
(132, 'REYERO', 24),
(133, 'RIAÑO', 24),
(134, 'RIEGO DE LA VEGA', 24),
(135, 'RIELLO', 24),
(136, 'RIOSECO DE TAPIA', 24),
(137, 'LA ROBLA', 24),
(139, 'ROPERUELOS DEL PARAMO', 24),
(140, 'SABERO', 24),
(142, 'SAHAGUN', 24),
(144, 'SAN ADRIAN DEL VALLE', 24),
(145, 'SAN ANDRES DEL RABANEDO', 24),
(146, 'SANCEDO', 24),
(147, 'SAN CRISTOBAL DE LA POLANTERA', 24),
(148, 'SAN EMILIANO', 24),
(149, 'SAN ESTEBAN DE LOS NOGALES', 24),
(151, 'SAN JUSTO DE LA VEGA', 24),
(152, 'SAN MILLAN DE LOS CABALLEROS', 24),
(153, 'SAN PEDRO BERCIANOS', 24),
(154, 'SANTA COLOMBA DE CURUEÑO', 24),
(155, 'SANTA COLOMBA DE SOMOZA', 24),
(156, 'SANTA CRISTINA DE VALMADRIGAL', 24),
(157, 'SANTA ELENA DE JAMUZ', 24),
(158, 'SANTA MARIA DE LA ISLA', 24),
(159, 'SANTA MARIA DEL MONTE DE CEA', 24),
(160, 'SANTA MARIA DEL PARAMO', 24),
(161, 'SANTA MARIA DE ORDAS', 24),
(162, 'SANTA MARINA DEL REY', 24),
(163, 'SANTAS MARTAS', 24),
(164, 'SANTIAGO MILLAS', 24),
(165, 'SANTOVENIA DE LA VALDONCINA', 24),
(166, 'SARIEGOS', 24),
(167, 'SENA DE LUNA', 24),
(168, 'SOBRADO', 24),
(169, 'SOTO DE LA VEGA', 24),
(170, 'SOTO Y AMIO', 24),
(171, 'TORAL DE LOS GUZMANES', 24),
(172, 'TORENO', 24),
(173, 'TORRE DEL BIERZO', 24),
(174, 'TRABADELO', 24),
(175, 'TRUCHAS', 24),
(176, 'TURCIA', 24),
(177, 'URDIALES DEL PARAMO', 24),
(178, 'VALDEFRESNO', 24),
(179, 'VALDEFUENTES DEL PARAMO', 24),
(180, 'VALDELUGUEROS', 24),
(181, 'VALDEMORA', 24),
(182, 'VALDEPIELAGO', 24),
(183, 'VALDEPOLO', 24),
(184, 'VALDERAS', 24),
(185, 'VALDERREY', 24),
(186, 'VALDERRUEDA', 24),
(187, 'VALDESAMARIO', 24),
(188, 'VAL DE SAN LORENZO', 24),
(190, 'VALDEVIMBRE', 24),
(191, 'VALENCIA DE DON JUAN', 24),
(192, 'VALVERDE DE LA VIRGEN', 24),
(193, 'VALVERDE-ENRIQUE', 24),
(194, 'VALLECILLO', 24),
(196, 'LA VECILLA', 24),
(197, 'VEGACERVERA', 24),
(199, 'VEGA DE ESPINAREDA', 24),
(200, 'VEGA DE INFANZONES', 24),
(201, 'VEGA DE VALCARCE', 24),
(203, 'VEGAQUEMADA', 24),
(205, 'VEGAS DEL CONDADO', 24),
(206, 'VILLABLINO', 24),
(207, 'VILLABRAZ', 24),
(209, 'VILLADANGOS DEL PARAMO', 24),
(210, 'TORAL DE LOS VADOS', 24),
(211, 'VILLADEMOR DE LA VEGA', 24),
(213, 'VILLAFRANCA DEL BIERZO', 24),
(214, 'VILLAGATON', 24),
(215, 'VILLAMANDOS', 24),
(216, 'VILLAMAÑAN', 24),
(217, 'VILLAMARTIN DE DON SANCHO', 24),
(218, 'VILLAMEJIL', 24),
(219, 'VILLAMOL', 24),
(220, 'VILLAMONTAN DE LA VALDUERNA', 24),
(221, 'VILLAMORATIEL DE LAS MATAS', 24),
(222, 'VILLANUEVA DE LAS MANZANAS', 24),
(223, 'VILLAOBISPO', 24),
(225, 'VILLAQUEJIDA', 24),
(226, 'VILLAQUILAMBRE', 24),
(227, 'VILLAREJO DE ORBIGO', 24),
(228, 'VILLARES DE ORBIGO', 24),
(229, 'VILLASABARIEGO', 24),
(230, 'VILLASELAN', 24),
(231, 'VILLATURIEL', 24),
(233, 'VILLAZALA', 24),
(234, 'VILLAZANZO DE VALDERADUEY', 24),
(235, 'ZOTES DEL PARAMO', 24),
(138, 'VILLAMANIN', 24),
(224, 'VILLAORNATE Y CASTRO', 24),
(1, 'ABARCA', 34),
(3, 'ABIA DE LAS TORRES', 34),
(4, 'AGUILAR DE CAMPOO', 34),
(5, 'ALAR DEL REY', 34),
(6, 'ALBA DE CERRATO', 34),
(9, 'AMAYUELAS DE ARRIBA', 34),
(10, 'AMPUDIA', 34),
(11, 'AMUSCO', 34),
(12, 'ANTIGUEDAD', 34),
(15, 'ARCONADA', 34),
(17, 'ASTUDILLO', 34),
(18, 'AUTILLA DEL PINO', 34),
(19, 'AUTILLO DE CAMPOS', 34),
(20, 'AYUELA', 34),
(22, 'BALTANAS', 34),
(23, 'VENTA BAÑOS', 34),
(24, 'BAQUERIN DE CAMPOS', 34),
(25, 'BARCENA DE CAMPOS', 34),
(27, 'BARRUELO DE SANTULLAN', 34),
(28, 'BASCONES DE OJEDA', 34),
(29, 'BECERRIL DE CAMPOS', 34),
(31, 'BELMONTE DE CAMPOS', 34),
(32, 'BERZOSILLA', 34),
(33, 'BOADA DE CAMPOS', 34),
(34, 'BOADILLA DEL CAMINO', 34),
(35, 'BOADILLA DE RIOSECO', 34),
(36, 'BRAÑOSERA', 34),
(37, 'BUENAVISTA DE VALDAVIA', 34),
(38, 'BUSTILLO DE LA VEGA', 34),
(39, 'BUSTILLO DEL PARAMO DE CARRION', 34),
(41, 'CALAHORRA DE BOEDO', 34),
(42, 'CALZADA DE LOS MOLINOS', 34),
(45, 'CAPILLAS', 34),
(46, 'CARDEÑOSA DE VOLPEJERA', 34),
(47, 'CARRION DE LOS CONDES', 34),
(48, 'CASTIL DE VELA', 34),
(49, 'CASTREJON DE LA PEÑA', 34),
(50, 'CASTRILLO DE DON JUAN', 34),
(51, 'CASTRILLO DE ONIELO', 34),
(52, 'CASTRILLO DE VILLAVEGA', 34),
(53, 'CASTROMOCHO', 34),
(56, 'CERVATOS DE LA CUEZA', 34),
(57, 'CERVERA DE PISUERGA', 34),
(58, 'CEVICO DE LA TORRE', 34),
(59, 'CEVICO NAVERO', 34),
(60, 'CISNEROS', 34),
(61, 'COBOS DE CERRATO', 34),
(62, 'COLLAZOS DE BOEDO', 34),
(63, 'CONGOSTO DE VALDAVIA', 34),
(64, 'CORDOVILLA LA REAL', 34),
(66, 'CUBILLAS DE CERRATO', 34),
(67, 'DEHESA DE MONTEJO', 34),
(68, 'DEHESA DE ROMANOS', 34),
(69, 'DUEÑAS', 34),
(70, 'ESPINOSA DE CERRATO', 34),
(71, 'ESPINOSA DE VILLAGONZALO', 34),
(72, 'FRECHILLA', 34),
(73, 'FRESNO DEL RIO', 34),
(74, 'FROMISTA', 34),
(76, 'FUENTES DE NAVA', 34),
(77, 'FUENTES DE VALDEPERO', 34),
(79, 'GRIJOTA', 34),
(80, 'GUARDO', 34),
(81, 'GUAZA DE CAMPOS', 34),
(82, 'HERMEDES DE CERRATO', 34),
(83, 'HERRERA DE PISUERGA', 34),
(84, 'HERRERA DE VALDECAÑAS', 34),
(86, 'HONTORIA DE CERRATO', 34),
(87, 'HORNILLOS DE CERRATO', 34),
(88, 'HUSILLOS', 34),
(89, 'ITERO DE LA VEGA', 34),
(91, 'LAGARTOS', 34),
(92, 'LANTADILLA', 34),
(93, 'LAVID DE OJEDA', 34),
(94, 'LEDIGOS', 34),
(96, 'LOMAS', 34),
(98, 'MAGAZ', 34),
(99, 'MANQUILLOS', 34),
(100, 'MANTINOS', 34),
(101, 'MARCILLA DE CAMPOS', 34),
(102, 'MAZARIEGOS', 34),
(103, 'MAZUECOS DE VALDEGINATE', 34),
(104, 'MELGAR DE YUSO', 34),
(106, 'MENESES DE CAMPOS', 34),
(107, 'MICIECES DE OJEDA', 34),
(108, 'MONZON DE CAMPOS', 34),
(109, 'MORATINOS', 34),
(110, 'MUDA', 34),
(112, 'NOGAL DE LAS HUERTAS', 34),
(113, 'OLEA DE BOEDO', 34),
(114, 'OLMOS DE OJEDA', 34),
(116, 'OSORNILLO', 34),
(900, 'PALENCIA', 34),
(121, 'PALENZUELA', 34),
(122, 'PARAMO DE BOEDO', 34),
(123, 'PAREDES DE NAVA', 34),
(124, 'PAYO DE OJEDA', 34),
(125, 'PEDRAZA DE CAMPOS', 34),
(126, 'PEDROSA DE LA VEGA', 34),
(127, 'PERALES', 34),
(129, 'PINO DEL RIO', 34),
(130, 'PIÑA DE CAMPOS', 34),
(131, 'POBLACION DE ARROYO', 34),
(132, 'POBLACION DE CAMPOS', 34),
(133, 'POBLACION DE CERRATO', 34),
(134, 'POLENTINOS', 34),
(135, 'POMAR DE VALDIVIA', 34),
(136, 'POZA DE LA VEGA', 34),
(137, 'POZO DE URAMA', 34),
(139, 'PRADANOS DE OJEDA', 34),
(140, 'LA PUEBLA DE VALDAVIA', 34),
(141, 'QUINTANA DEL PUENTE', 34),
(143, 'QUINTANILLA DE ONSOÑA', 34),
(146, 'REINOSO DE CERRATO', 34),
(147, 'RENEDO DE LA VEGA', 34),
(149, 'REQUENA DE CAMPOS', 34),
(151, 'RESPENDA DE LA PEÑA', 34),
(152, 'REVENGA DE CAMPOS', 34),
(154, 'REVILLA DE COLLAZOS', 34),
(155, 'RIBAS DE CAMPOS', 34),
(156, 'RIBEROS DE LA CUEZA', 34),
(157, 'SALDAÑA', 34),
(158, 'SALINAS DE PISUERGA', 34),
(159, 'SAN CEBRIAN DE CAMPOS', 34),
(160, 'SAN CEBRIAN DE MUDA', 34),
(161, 'SAN CRISTOBAL DE BOEDO', 34),
(163, 'SAN MAMES DE CAMPOS', 34),
(165, 'SAN ROMAN DE LA CUBA', 34),
(167, 'SANTA CECILIA DEL ALCOR', 34),
(168, 'SANTA CRUZ DE BOEDO', 34),
(169, 'SANTERVAS DE LA VEGA', 34),
(170, 'SANTIBAÑEZ DE ECLA', 34),
(171, 'SANTIBAÑEZ DE LA PEÑA', 34),
(174, 'SANTOYO', 34),
(175, 'LA SERNA', 34),
(176, 'SOTOBAÑADO Y PRIORATO', 34),
(177, 'SOTO DE CERRATO', 34),
(178, 'TABANERA DE CERRATO', 34),
(179, 'TABANERA DE VALDAVIA', 34),
(180, 'TAMARA', 34),
(181, 'TARIEGO', 34),
(182, 'TORQUEMADA', 34),
(184, 'TORREMORMOJON', 34),
(185, 'TRIOLLO', 34),
(186, 'VALBUENA DE PISUERGA', 34),
(189, 'VALDEOLMILLOS', 34),
(190, 'VALDERRABANO', 34),
(192, 'VALDE UCIEZA', 34),
(196, 'VALLE DE CERRATO', 34),
(199, 'VELILLA DEL RIO CARRION', 34),
(201, 'VERTAVILLO', 34),
(202, 'VILLABASTA', 34),
(204, 'VILLACIDALER', 34),
(205, 'VILLACONANCIO', 34),
(206, 'VILLADA', 34),
(208, 'VILLAELES DE VALDAVIA', 34),
(210, 'VILLAHAN', 34),
(211, 'VILLAHERREROS', 34),
(213, 'VILLALACO', 34),
(214, 'VILLALBA DE GUARDO', 34),
(215, 'VILLALCAZAR DE SIRGA', 34),
(216, 'VILLALCON', 34),
(217, 'VILLALOBON', 34),
(218, 'VILLALUENGA DE LA VEGA', 34),
(220, 'VILLAMARTIN DE CAMPOS', 34),
(221, 'VILLAMEDIANA', 34),
(222, 'VILLAMERIEL', 34),
(223, 'VILLAMORONTA', 34),
(224, 'VILLAMUERA DE LA CUEZA', 34),
(225, 'VILLAMURIEL DE CERRATO', 34),
(228, 'VILLANUEVA DEL REBOLLAR', 34),
(229, 'VILLANUÑO DE VALDAVIA', 34),
(230, 'VILLAPROVEDO', 34),
(231, 'VILLARMENTERO DE CAMPOS', 34),
(232, 'VILLARRABE', 34),
(233, 'VILLARRAMIEL', 34),
(234, 'VILLASARRACINO', 34),
(235, 'VILLASILA DE VALDAVIA', 34),
(237, 'VILLATURDE', 34),
(238, 'VILLAUMBRALES', 34),
(239, 'VILLAVIUDAS', 34),
(241, 'VILLERIAS', 34),
(242, 'VILLODRE', 34),
(243, 'VILLODRIGO', 34),
(244, 'VILLOLDO', 34),
(246, 'VILLOTA DEL PARAMO', 34),
(247, 'VILLOVIECO', 34),
(117, 'OSORNO LA MAYOR', 34),
(219, 'VALLE DEL RETORTILLO', 34),
(90, 'LOMA DE UCIEZA', 34),
(166, 'LA PERNIA', 34),
(1, 'ABUSEJO', 37),
(2, 'AGALLAS', 37),
(3, 'AHIGAL DE LOS ACEITEROS', 37),
(4, 'AHIGAL DE VILLARINO', 37),
(5, 'LA ALAMEDA DE GARDON', 37),
(6, 'LA ALAMEDILLA', 37),
(7, 'ALARAZ', 37),
(8, 'ALBA DE TORMES', 37),
(9, 'ALBA DE YELTES', 37),
(10, 'LA ALBERCA', 37),
(11, 'LA ALBERGUERIA DE ARGAÑAN', 37),
(12, 'ALCONADA', 37),
(13, 'ALDEACIPRESTE', 37),
(14, 'ALDEADAVILA DE LA RIBERA', 37),
(15, 'ALDEA DEL OBISPO', 37),
(16, 'ALDEALENGUA', 37),
(17, 'ALDEANUEVA DE FIGUEROA', 37),
(18, 'ALDEANUEVA DE LA SIERRA', 37),
(19, 'ALDEARRODRIGO', 37),
(20, 'ALDEARRUBIA', 37),
(21, 'ALDEASECA DE ALBA', 37),
(22, 'ALDEASECA DE LA FRONTERA', 37),
(23, 'ALDEATEJADA', 37),
(24, 'ALDEAVIEJA DE TORMES', 37),
(25, 'ALDEHUELA DE LA BOVEDA', 37),
(26, 'ALDEHUELA DE YELTES', 37),
(27, 'ALMENARA DE TORMES', 37),
(28, 'ALMENDRA', 37),
(29, 'ANAYA DE ALBA', 37),
(30, 'AÑOVER DE TORMES', 37),
(31, 'ARABAYONA', 37),
(32, 'ARAPILES', 37),
(33, 'ARCEDIANO', 37),
(34, 'EL ARCO', 37),
(35, 'ARMENTEROS', 37),
(36, 'SAN MIGUEL DE ROBLEDO', 37),
(37, 'LA ATALAYA', 37),
(38, 'BABILAFUENTE', 37),
(39, 'BAÑOBAREZ', 37),
(40, 'BARBADILLO', 37),
(41, 'BARBALOS', 37),
(42, 'BARCEO', 37),
(44, 'BARRUECOPARDO', 37),
(45, 'LA BASTIDA', 37),
(46, 'BEJAR', 37),
(47, 'BELEÑA', 37),
(49, 'BERMELLAR', 37),
(50, 'BERROCAL DE HUEBRA', 37),
(51, 'BERROCAL DE SALVATIERRA', 37),
(52, 'BOADA', 37),
(54, 'EL BODON', 37),
(55, 'BOGAJO', 37),
(56, 'LA BOUZA', 37),
(57, 'BOVEDA DEL RIO ALMAR', 37),
(58, 'BRINCONES', 37),
(59, 'BUENAMADRE', 37),
(60, 'BUENAVISTA', 37),
(61, 'EL CABACO', 37),
(62, 'CABEZABELLOSA DE LA CALZADA', 37),
(63, 'LA CABEZA DE BEJAR', 37),
(65, 'CABEZA DEL CABALLO', 37),
(67, 'CABRERIZOS', 37),
(68, 'CABRILLAS', 37),
(69, 'CALVARRASA DE ABAJO', 37),
(70, 'CALVARRASA DE ARRIBA', 37),
(71, 'LA CALZADA DE BEJAR', 37),
(72, 'CALZADA DE DON DIEGO', 37),
(73, 'CALZADA DE VALDUNCIEL', 37),
(74, 'CAMPILLO DE AZABA', 37),
(77, 'EL CAMPO DE PEÑARANDA', 37),
(78, 'CANDELARIO', 37),
(79, 'CANILLAS DE ABAJO', 37),
(80, 'CANTAGALLO', 37),
(81, 'CANTALAPIEDRA', 37),
(82, 'CANTALPINO', 37),
(83, 'CANTARACILLO', 37),
(85, 'CARBAJOSA DE LA SAGRADA', 37),
(86, 'CARPIO DE AZABA', 37),
(87, 'CARRASCAL DE BARREGAS', 37),
(88, 'CARRASCAL DEL OBISPO', 37),
(89, 'CASAFRANCA', 37),
(90, 'LAS CASAS DEL CONDE', 37),
(91, 'CASILLAS DE FLORES', 37),
(92, 'CASTELLANOS DE MORISCOS', 37),
(96, 'CASTILLEJO DE MARTIN VIEJO', 37),
(97, 'CASTRAZ', 37),
(98, 'CEPEDA', 37),
(99, 'CERECEDA DE LA SIERRA', 37),
(100, 'CEREZAL DE PEÑAHORCADA', 37),
(101, 'CERRALBO', 37),
(102, 'EL CERRO', 37),
(103, 'CESPEDOSA', 37),
(104, 'CILLEROS DE LA BASTIDA', 37),
(106, 'CIPEREZ', 37),
(107, 'CIUDAD-RODRIGO', 37),
(108, 'COCA DE ALBA', 37),
(109, 'COLMENAR DE MONTEMAYOR', 37),
(110, 'CORDOVILLA', 37),
(112, 'CRISTOBAL', 37),
(113, 'EL CUBO DE DON SANCHO', 37),
(114, 'CHAGARCIA-MEDIANERO', 37),
(115, 'DIOS LE GUARDE', 37),
(116, 'DOÑINOS DE LEDESMA', 37),
(117, 'DOÑINOS DE SALAMANCA', 37),
(118, 'EJEME', 37),
(119, 'LA ENCINA', 37),
(120, 'ENCINA DE SAN SILVESTRE', 37),
(121, 'ENCINAS DE ABAJO', 37),
(122, 'ENCINAS DE ARRIBA', 37),
(123, 'ENCINASOLA DE LOS COMENDADORES', 37),
(124, 'ENDRINAL', 37),
(125, 'ESCURIAL DE LA SIERRA', 37),
(126, 'ESPADAÑA', 37),
(127, 'ESPEJA', 37),
(128, 'ESPINO DE LA ORBADA', 37),
(129, 'FLORIDA DE LIEBANA', 37),
(130, 'FORFOLEDA', 37),
(131, 'FRADES DE LA SIERRA', 37),
(132, 'LA FREGENEDA', 37),
(133, 'FRESNEDOSO', 37),
(134, 'FRESNO-ALHANDIGA', 37),
(135, 'LA FUENTE DE SAN ESTEBAN', 37),
(136, 'FUENTEGUINALDO', 37),
(137, 'FUENTELIANTE', 37),
(138, 'FUENTERROBLE DE SALVATIERRA', 37),
(139, 'FUENTES DE BEJAR', 37),
(140, 'FUENTES DE OÑORO', 37),
(141, 'GAJATES', 37),
(142, 'GALINDO Y PERAHUY', 37),
(143, 'GALINDUSTE', 37),
(144, 'GALISANCHO', 37),
(145, 'GALLEGOS DE ARGAÑAN', 37),
(146, 'GALLEGOS DE SOLMIRON', 37),
(147, 'GARCIBUEY', 37),
(148, 'GARCIHERNANDEZ', 37),
(149, 'GARCIRREY', 37),
(151, 'GEJUELO DEL BARRO', 37),
(152, 'GOLPEJAS', 37),
(153, 'GOMECELLO', 37),
(155, 'GUADRAMIRO', 37),
(156, 'GUIJO DE AVILA', 37),
(157, 'GUIJUELO', 37),
(158, 'HERGUIJUELA DE CIUDAD-RODRIGO', 37),
(159, 'HERGUIJUELA DE LA SIERRA', 37),
(160, 'HERGUIJUELA DEL CAMPO', 37),
(161, 'HINOJOSA DE DUERO', 37),
(162, 'HORCAJO DE MONTEMAYOR', 37),
(163, 'HORCAJO-MEDIANERO', 37),
(164, 'LA HOYA', 37),
(165, 'HUERTA', 37),
(166, 'IRUELOS', 37),
(167, 'ITUERO DE AZABA', 37),
(168, 'JUZBADO', 37),
(169, 'LAGUNILLA', 37),
(170, 'LARRODRIGO', 37),
(171, 'LEDESMA', 37),
(172, 'LEDRADA', 37),
(173, 'LINARES DE RIOFRIO', 37),
(174, 'LUMBRALES', 37),
(175, 'MACOTERA', 37),
(176, 'MACHACON', 37),
(177, 'MADROÑAL', 37),
(178, 'EL MAILLO', 37),
(179, 'MALPARTIDA', 37),
(180, 'MANCERA DE ABAJO', 37),
(181, 'EL MANZANO', 37),
(182, 'MARTIAGO', 37),
(183, 'MARTINAMOR', 37),
(184, 'MARTIN DE YELTES', 37),
(185, 'MASUECO', 37),
(186, 'CASTELLANOS DE VILLIQUERA', 37),
(187, 'LA MATA DE LEDESMA', 37),
(188, 'MATILLA DE LOS CAÑOS DEL RIO', 37),
(189, 'LA MAYA', 37),
(190, 'MEMBRIBE', 37),
(191, 'MIEZA', 37),
(192, 'MILANO', 37),
(193, 'MIRANDA DE AZAN', 37),
(194, 'MIRANDA DEL CASTAÑAR', 37),
(195, 'MOGARRAZ', 37),
(196, 'MOLINILLO', 37),
(197, 'MONFORTE DE LA SIERRA', 37),
(198, 'MONLEON', 37),
(199, 'MONLERAS', 37),
(200, 'MONSAGRO', 37),
(201, 'MONTEJO', 37),
(202, 'MONTEMAYOR DEL RIO', 37),
(203, 'MONTERRUBIO DE LA ARMUÑA', 37),
(204, 'MONTERRUBIO DE LA SIERRA', 37),
(205, 'MORASVERDES', 37),
(206, 'MORILLE', 37),
(207, 'MORIÑIGO', 37),
(208, 'MORISCOS', 37),
(209, 'MORONTA', 37),
(210, 'MOZARBEZ', 37),
(212, 'NARROS DE MATALAYEGUA', 37),
(213, 'NAVACARROS', 37),
(214, 'NAVA BEJAR', 37),
(215, 'NAVA DE FRANCIA', 37),
(216, 'NAVA DE SOTROBAL', 37),
(217, 'NAVALES', 37),
(218, 'NAVALMORAL DE BEJAR', 37),
(219, 'NAVAMORALES', 37),
(220, 'NAVARREDONDA DE LA RINCONADA', 37),
(222, 'NAVASFRIAS', 37),
(223, 'NEGRILLA DE PALENCIA', 37),
(224, 'OLMEDO DE CAMACES', 37),
(225, 'LA ORBADA', 37),
(226, 'PAJARES DE LA LAGUNA', 37),
(227, 'PALACIOS DEL ARZOBISPO', 37),
(229, 'PALACIOSRUBIOS', 37),
(230, 'PALENCIA DE NEGRILLA', 37),
(232, 'PARADA DE ARRIBA', 37),
(233, 'PARADA DE RUBIALES', 37),
(234, 'PARADINAS DE SAN JUAN', 37),
(235, 'PASTORES', 37),
(236, 'EL PAYO', 37),
(237, 'PEDRAZA DE ALBA', 37),
(238, 'PEDROSILLO DE ALBA', 37),
(239, 'PEDROSILLO DE LOS AIRES', 37),
(240, 'PEDROSILLO EL RALO', 37),
(241, 'EL PEDROSO DE LA ARMUÑA', 37),
(242, 'PELABRAVO', 37),
(243, 'PELARRODRIGUEZ', 37),
(244, 'PELAYOS', 37),
(245, 'LA PEÑA', 37),
(246, 'PEÑACABALLERA', 37),
(247, 'PEÑAPARDA', 37),
(248, 'PEÑARANDA DE BRACAMONTE', 37),
(249, 'PEÑARANDILLA', 37),
(250, 'PERALEJOS DE ABAJO', 37),
(251, 'PERALEJOS DE ARRIBA', 37),
(252, 'PEREÑA', 37),
(253, 'PEROMINGO', 37),
(254, 'PINEDAS', 37),
(255, 'EL PINO DE TORMES', 37),
(256, 'PITIEGUA', 37),
(257, 'PIZARRAL', 37),
(258, 'POVEDA DE LAS CINTAS', 37),
(259, 'POZOS DE HINOJO', 37),
(260, 'PUEBLA DE AZABA', 37),
(261, 'PUEBLA DE SAN MEDEL', 37),
(262, 'PUEBLA DE YELTES', 37),
(263, 'PUENTE DEL CONGOSTO', 37),
(264, 'PUERTAS', 37),
(265, 'PUERTO DE BEJAR', 37),
(266, 'PUERTO SEGURO', 37),
(267, 'RAGAMA', 37),
(268, 'LA REDONDA', 37),
(269, 'RETORTILLO', 37),
(270, 'LA RINCONADA DE LA SIERRA', 37),
(271, 'ROBLEDA', 37),
(272, 'ROBLIZA DE COJOS', 37),
(273, 'ROLLAN', 37),
(274, 'SAELICES EL CHICO', 37),
(275, 'LA SAGRADA', 37),
(900, 'SALAMANCA', 37),
(277, 'SALDEANA', 37),
(278, 'SALMORAL', 37),
(279, 'SALVATIERRA DE TORMES', 37),
(280, 'SAN CRISTOBAL', 37),
(281, 'SANCTI-SPIRITUS', 37),
(282, 'SANCHON DE LA RIBERA', 37),
(283, 'SANCHON DE LA SAGRADA', 37),
(284, 'SANCHOTELLO', 37),
(285, 'SANDO', 37),
(286, 'SAN ESTEBAN DE LA SIERRA', 37),
(287, 'SAN FELICES DE LOS GALLEGOS', 37),
(288, 'SAN MARTIN DEL CASTAÑAR', 37),
(289, 'SAN MIGUEL DE VALERO', 37),
(290, 'SAN MORALES', 37),
(291, 'SAN MUÑOZ', 37),
(292, 'SAN PEDRO DEL VALLE', 37),
(293, 'SAN PEDRO DE ROZADOS', 37),
(294, 'SAN PELAYO DE GUAREÑA', 37),
(295, 'SANTA MARIA DE SANDO', 37),
(296, 'SANTA MARTA DE TORMES', 37),
(298, 'SANTIAGO DE LA PUEBLA', 37),
(299, 'SANTIBAÑEZ DE BEJAR', 37),
(300, 'SANTIBAÑEZ DE LA SIERRA', 37),
(301, 'SANTIZ', 37),
(302, 'LOS SANTOS', 37),
(303, 'SARDON DE LOS FRAILES', 37),
(304, 'SAUCELLE', 37),
(305, 'EL SAHUGO', 37);
INSERT INTO `municipios` (`id`, `nombre`, `id_provincia`) VALUES
(306, 'SEPULCRO-HILARIO', 37),
(307, 'SEQUEROS', 37),
(308, 'SERRADILLA DEL ARROYO', 37),
(309, 'SERRADILLA DEL LLANO', 37),
(311, 'LA SIERPE', 37),
(312, 'SIETEIGLESIAS DE TORMES', 37),
(313, 'SOBRADILLO', 37),
(314, 'SORIHUELA', 37),
(315, 'SOTOSERRANO', 37),
(316, 'TABERA DE ABAJO', 37),
(317, 'LA TALA', 37),
(318, 'TAMAMES', 37),
(319, 'TARAZONA DE GUAREÑA', 37),
(320, 'TARDAGUILA', 37),
(321, 'EL TEJADO', 37),
(323, 'TEJEDA Y SEGOYUELA', 37),
(324, 'TENEBRON', 37),
(325, 'TERRADILLOS', 37),
(326, 'TOPAS', 37),
(327, 'TORDILLOS', 37),
(328, 'EL TORNADIZO', 37),
(330, 'TORRESMENUDAS', 37),
(331, 'TRABANCA', 37),
(332, 'TREMEDAL DE TORMES', 37),
(333, 'VALDECARROS', 37),
(334, 'VALDEFUENTES DE SANGUSIN', 37),
(335, 'VALDEHIJADEROS', 37),
(336, 'VALDELACASA', 37),
(337, 'VALDELAGEVE', 37),
(338, 'VALDELOSA', 37),
(339, 'VALDEMIERQUE', 37),
(340, 'VALDERRODRIGO', 37),
(341, 'VALDUNCIEL', 37),
(342, 'VALERO', 37),
(343, 'VALSALABROSO', 37),
(344, 'VALVERDE DE VALDELACASA', 37),
(345, 'VALVERDON', 37),
(346, 'VALLEJERA DE RIOFRIO', 37),
(347, 'VECINOS', 37),
(348, 'VEGA DE TIRADOS', 37),
(349, 'LAS VEGUILLAS', 37),
(350, 'LA VELLES', 37),
(351, 'VENTOSA DEL RIO ALMAR', 37),
(352, 'LA VIDOLA', 37),
(353, 'VILVESTRE', 37),
(354, 'VILLAFLORES', 37),
(355, 'VILLAGONZALO DE TORMES', 37),
(356, 'VILLALBA DE LOS LLANOS', 37),
(357, 'VILLAMAYOR', 37),
(358, 'VILLANUEVA DEL CONDE', 37),
(359, 'VILLAR DE ARGAÑAN', 37),
(360, 'VILLAR DE CIERVO', 37),
(361, 'VILLAR DE GALLIMAZO', 37),
(362, 'VILLAR DE LA YEGUA', 37),
(363, 'VILLAR DE PERALONSO', 37),
(364, 'VILLAR DE SAMANIEGO', 37),
(365, 'VILLARES DE LA REINA', 37),
(366, 'VILLARES DE YELTES', 37),
(367, 'VILLARINO', 37),
(368, 'VILLARMAYOR', 37),
(369, 'VILLARMUERTO', 37),
(370, 'VILLASBUENAS', 37),
(371, 'VILLASDARDO', 37),
(372, 'VILLASECO DE LOS GAMITOS', 37),
(373, 'VILLASECO DE LOS REYES', 37),
(374, 'VILLASRUBIAS', 37),
(375, 'VILLAVERDE DE GUAREÑA', 37),
(376, 'VILLAVIEJA DE YELTES', 37),
(377, 'VILLORIA', 37),
(378, 'VILLORUELA', 37),
(379, 'VITIGUDINO', 37),
(380, 'YECLA DE YELTES', 37),
(381, 'ZAMARRA', 37),
(382, 'ZAMAYON', 37),
(383, 'ZARAPICOS', 37),
(384, 'ZARZA DE PUMAREDA', 37),
(385, 'ZORITA DE LA FRONTERA', 37),
(1, 'ABADES', 40),
(2, 'ADRADA DE PIRON', 40),
(3, 'ADRADOS', 40),
(4, 'AGUILAFUENTE', 40),
(5, 'ALCONADA DE MADERUELO', 40),
(6, 'ALDEALCORVO', 40),
(7, 'ALDEALENGUA DE PEDRAZA', 40),
(8, 'ALDEALENGUA DE SANTA MARIA', 40),
(9, 'ALDEANUEVA DE LA SERREZUELA', 40),
(10, 'ALDEANUEVA DEL CODONAL', 40),
(12, 'ALDEA REAL', 40),
(13, 'ALDEASOÑA', 40),
(14, 'ALDEHORNO', 40),
(15, 'ALDEHUELA DE CODONAL', 40),
(17, 'ALDEONTE', 40),
(18, 'ANAYA', 40),
(19, 'AÑE', 40),
(21, 'ARAHUETES', 40),
(22, 'ARCONES', 40),
(23, 'AREVALILLO DE CEGA', 40),
(24, 'ARMUÑA', 40),
(26, 'AYLLON', 40),
(28, 'BARBOLLA', 40),
(29, 'BASARDILLA', 40),
(31, 'BERCIAL', 40),
(32, 'BERCIMUEL', 40),
(33, 'BERNARDOS', 40),
(35, 'BERNUY DE PORREROS', 40),
(36, 'BOCEGUILLAS', 40),
(37, 'BRIEVA', 40),
(38, 'CABALLAR', 40),
(39, 'CABAÑAS DE POLENDOS', 40),
(40, 'CABEZUELA', 40),
(41, 'CALABAZAS', 40),
(43, 'CAMPO DE SAN PEDRO', 40),
(44, 'CANTALEJO', 40),
(45, 'CANTIMPALOS', 40),
(47, 'CARBONERO EL MAYOR', 40),
(48, 'CARRASCAL DEL RIO', 40),
(50, 'CASLA', 40),
(51, 'CASTILLEJO DE MESLEON', 40),
(53, 'CASTRO DE FUENTIDUEÑA', 40),
(54, 'CASTROJIMENO', 40),
(55, 'CASTROSERNA DE ABAJO', 40),
(57, 'CASTROSERRACIN', 40),
(58, 'CEDILLO DE LA TORRE', 40),
(59, 'CEREZO DE ABAJO', 40),
(60, 'CEREZO DE ARRIBA', 40),
(61, 'CILLERUELO DE SAN MAMES', 40),
(63, 'COBOS DE FUENTIDUEÑA', 40),
(65, 'COCA', 40),
(66, 'CODORNIZ', 40),
(67, 'COLLADO HERMOSO', 40),
(68, 'CONDADO DE CASTILNOVO', 40),
(69, 'CORRAL DE AYLLON', 40),
(71, 'CUBILLO', 40),
(72, 'CUELLAR', 40),
(75, 'CHAÑE', 40),
(78, 'DOMINGO GARCIA', 40),
(79, 'DONHIERRO', 40),
(81, 'DURUELO', 40),
(82, 'ENCINAS', 40),
(83, 'ENCINILLAS', 40),
(84, 'ESCALONA DEL PRADO', 40),
(85, 'ESCARABAJOSA DE CABEZAS', 40),
(86, 'ESCOBAR DE POLENDOS', 40),
(87, 'EL ESPINAR', 40),
(88, 'ESPIRDO', 40),
(91, 'FRESNEDA DE CUELLAR', 40),
(92, 'FRESNO DE CANTESPINO', 40),
(93, 'FRESNO DE LA FUENTE', 40),
(94, 'FRUMALES', 40),
(95, 'FUENTE DE SANTA CRUZ', 40),
(96, 'FUENTE EL OLMO DE FUENTIDUEÑA', 40),
(97, 'FUENTE EL OLMO DE ISCAR', 40),
(100, 'FUENTEPELAYO', 40),
(101, 'FUENTEPIÑEL', 40),
(102, 'FUENTERREBOLLO', 40),
(103, 'FUENTESAUCO DE FUENTIDUEÑA', 40),
(105, 'FUENTESOTO', 40),
(106, 'FUENTIDUEÑA', 40),
(107, 'GALLEGOS', 40),
(108, 'GARCILLAN', 40),
(109, 'GOMEZSERRACIN', 40),
(111, 'GRAJERA', 40),
(114, 'HONRUBIA DE LA CUESTA', 40),
(115, 'HONTALBILLA', 40),
(116, 'HONTANARES DE ERESMA', 40),
(119, 'LOS HUERTOS', 40),
(120, 'ITUERO Y LAMA', 40),
(122, 'JUARROS DE RIOMOROS', 40),
(123, 'JUARROS DE VOLTOYA', 40),
(124, 'LABAJOS', 40),
(125, 'LAGUNA DE CONTRERAS', 40),
(127, 'LANGUILLA', 40),
(128, 'LASTRAS DE CUELLAR', 40),
(129, 'LASTRAS DEL POZO', 40),
(130, 'LA LASTRILLA', 40),
(131, 'LA LOSA', 40),
(134, 'MADERUELO', 40),
(138, 'MARAZUELA', 40),
(139, 'MARTIN MIGUEL', 40),
(140, 'MARTIN MUÑOZ DE LA DEHESA', 40),
(141, 'MARTIN MUÑOZ DE LAS POSADAS', 40),
(142, 'MARUGAN', 40),
(143, 'MATABUENA', 40),
(144, 'MATA DE CUELLAR', 40),
(145, 'LA MATILLA', 40),
(146, 'MELQUE', 40),
(147, 'MEMBIBRE DE LA HOZ', 40),
(148, 'MIGUELAÑEZ', 40),
(150, 'MONTEJO DE AREVALO', 40),
(151, 'MONTEJO DE LA VEGA DE LA SERRE', 40),
(152, 'MONTERRUBIO', 40),
(154, 'MORAL DE HORNUEZ', 40),
(157, 'MOZONCILLO', 40),
(158, 'MUÑOPEDRO', 40),
(159, 'MUÑOVEROS', 40),
(162, 'NAVA DE LA ASUNCION', 40),
(163, 'NAVAFRIA', 40),
(164, 'NAVALILLA', 40),
(165, 'NAVALMANZANO', 40),
(166, 'NAVARES DE AYUSO', 40),
(167, 'NAVARES DE ENMEDIO', 40),
(168, 'NAVARES DE LAS CUEVAS', 40),
(169, 'NAVAS DE ORO', 40),
(170, 'NAVAS DE SAN ANTONIO', 40),
(172, 'NIEVA', 40),
(174, 'OLOMBRADA', 40),
(175, 'OREJANA', 40),
(177, 'ORTIGOSA DE PESTAÑO', 40),
(178, 'OTERO DE HERREROS', 40),
(180, 'PAJAREJOS', 40),
(182, 'PALAZUELOS DE ERESMA', 40),
(184, 'PEDRAZA', 40),
(185, 'PELAYOS DEL ARROYO', 40),
(187, 'PEROSILLO', 40),
(188, 'PINAREJOS', 40),
(189, 'PINARNEGRILLO', 40),
(191, 'PRADALES', 40),
(192, 'PRADENA', 40),
(193, 'PUEBLA DE PEDRAZA', 40),
(194, 'RAPARIEGOS', 40),
(195, 'REBOLLO', 40),
(196, 'REMONDO', 40),
(198, 'RIAGUAS DE SAN BARTOLOME', 40),
(200, 'RIAZA', 40),
(201, 'RIBOTA', 40),
(202, 'RIOFRIO DE RIAZA', 40),
(203, 'RODA DE ERESMA', 40),
(204, 'SACRAMENIA', 40),
(207, 'SAMBOAL', 40),
(208, 'SAN CRISTOBAL DE CUELLAR', 40),
(209, 'SAN CRISTOBAL DE LA VEGA', 40),
(210, 'SANCHONUÑO', 40),
(211, 'SANGARCIA', 40),
(212, 'REAL SITIO DE SAN ILDEFONSO', 40),
(213, 'SAN MARTIN Y MUDRIAN', 40),
(214, 'SAN MIGUEL DE BERNUY', 40),
(215, 'SAN PEDRO DE GAILLOS', 40),
(217, 'SANTA MARIA LA REAL DE NIEVA', 40),
(218, 'SANTA MARTA DEL CERRO', 40),
(220, 'SANTIUSTE DE PEDRAZA', 40),
(221, 'SANTIUSTE DE SAN JUAN BAUTISTA', 40),
(222, 'SANTO DOMINGO DE PIRON', 40),
(223, 'SANTO TOME DEL PUERTO', 40),
(224, 'SAUQUILLO DE CABEZAS', 40),
(225, 'SEBULCOR', 40),
(900, 'SEGOVIA', 40),
(227, 'SEPULVEDA', 40),
(228, 'SEQUERA DE FRESNO', 40),
(232, 'SOTILLO', 40),
(233, 'SOTOSALBOS', 40),
(234, 'TABANERA LA LUENGA', 40),
(236, 'TOLOCIRIO', 40),
(237, 'TORREADRADA', 40),
(238, 'TORRECABALLEROS', 40),
(239, 'TORRECILLA DEL PINAR', 40),
(240, 'TORREIGLESIAS', 40),
(241, 'TORRE VAL DE SAN PEDRO', 40),
(242, 'TRESCASAS', 40),
(243, 'TUREGANO', 40),
(245, 'URUEÑAS', 40),
(246, 'VALDEPRADOS', 40),
(248, 'VALDEVACAS DE MONTEJO', 40),
(249, 'VALDEVACAS Y GUIJAR', 40),
(251, 'VALSECA', 40),
(252, 'VALTIENDAS', 40),
(253, 'VALVERDE DEL MAJANO', 40),
(255, 'VALLE DE TABLADILLO', 40),
(256, 'VALLELADO', 40),
(257, 'VALLERUELA DE PEDRAZA', 40),
(258, 'VALLERUELA DE SEPULVEDA', 40),
(260, 'VEGANZONES', 40),
(261, 'VEGAS DE MATUTE', 40),
(262, 'VENTOSILLA Y TEJADILLA', 40),
(263, 'VILLACASTIN', 40),
(268, 'VILLAVERDE DE ISCAR Y CASTREJO', 40),
(269, 'VILLAVERDE DE MONTEJO Y VILLAV', 40),
(270, 'VILLEGUILLO', 40),
(272, 'YANGUAS DE ERESMA', 40),
(274, 'ZARZUELA DEL MONTE', 40),
(275, 'ZARZUELA DEL PINAR', 40),
(176, 'ORTIGOSA DEL MONTE', 40),
(70, 'COZUELOS FUENTIDUEÑA', 40),
(137, 'MARAZOLEJA', 40),
(279, 'NAVAS DE RIOFRIO', 40),
(74, 'CUEVAS PROVA', 40),
(280, 'SAN CRISTOBAL DE SEGOVIA', 40),
(2, 'ABEJAR', 42),
(5, 'ADRADAS', 42),
(6, 'AGREDA', 42),
(12, 'ALCONABA', 42),
(14, 'ALCUBILLA DE AVELLANEDA', 42),
(15, 'ALCUBILLA DE LAS PEÑAS', 42),
(18, 'ALDEALAFUENTE', 42),
(19, 'ALDEALICES', 42),
(20, 'ALDEALPOZO', 42),
(21, 'ALDEALSEÑOR', 42),
(24, 'ALDEHUELA DE PERIAÑEZ', 42),
(25, 'LAS ALDEHUELAS', 42),
(26, 'ALENTISQUE', 42),
(27, 'ALIUD', 42),
(28, 'ALMAJANO', 42),
(29, 'ALMALUEZ', 42),
(31, 'ALMARZA', 42),
(32, 'ALMAZAN', 42),
(33, 'ALMAZUL', 42),
(34, 'ALMENAR DE SORIA', 42),
(35, 'ALPANSEQUE', 42),
(38, 'ARANCON', 42),
(39, 'ARCOS DE JALON', 42),
(40, 'ARENILLAS', 42),
(41, 'AREVALO DE LA SIERRA', 42),
(45, 'AUSEJO DE LA SIERRA', 42),
(47, 'BARAHONA', 42),
(48, 'BARCA', 42),
(49, 'BARCONES', 42),
(51, 'BAYUBAS DE ABAJO', 42),
(52, 'BAYUBAS DE ARRIBA', 42),
(55, 'BERATON', 42),
(56, 'BERLANGA DE DUERO', 42),
(58, 'BLACOS', 42),
(59, 'BLIECOS', 42),
(64, 'BORJABAD', 42),
(65, 'BOROBIA', 42),
(68, 'BUBEROS', 42),
(70, 'BUITRAGO', 42),
(71, 'BURGO DE OSMA-CIUDAD DE OSMA', 42),
(72, 'CABREJAS DEL CAMPO', 42),
(73, 'CABREJAS DEL PINAR', 42),
(75, 'CALATAÑAZOR', 42),
(77, 'CALTOJAR', 42),
(79, 'CANDILICHERA', 42),
(81, 'CAÑAMAQUE', 42),
(82, 'CARABANTES', 42),
(83, 'CARACENA', 42),
(86, 'CARRASCOSA DE ABAJO', 42),
(88, 'CARRASCOSA DE LA SIERRA', 42),
(89, 'CASAREJOS', 42),
(92, 'CASTILFRIO DE LA SIERRA', 42),
(93, 'CASTILRUIZ', 42),
(94, 'CASTILLEJO DE ROBLEDO', 42),
(95, 'CENTENERA DE ANDALUZ', 42),
(96, 'CERBON', 42),
(97, 'CIDONES', 42),
(98, 'CIGUDOSA', 42),
(99, 'CIHUELA', 42),
(100, 'CIRIA', 42),
(102, 'CIRUJALES DEL RIO', 42),
(107, 'COSCURITA', 42),
(108, 'COVALEDA', 42),
(109, 'CUBILLA', 42),
(111, 'CUBO DE LA SOLANA', 42),
(114, 'CUEVA DE AGREDA', 42),
(120, 'DEVANOS', 42),
(121, 'DEZA', 42),
(124, 'DURUELO DE LA SIERRA', 42),
(125, 'ESCOBOSA DE ALMAZAN', 42),
(126, 'ESPEJA DE SAN MARCELINO', 42),
(127, 'ESPEJON', 42),
(128, 'ESTEPA DE SAN JUAN', 42),
(132, 'FRECHILLA DE ALMAZAN', 42),
(133, 'FRESNO DE CARACENA', 42),
(135, 'FUENTEARMEGIL', 42),
(137, 'FUENTECAMBRON', 42),
(139, 'FUENTECANTOS', 42),
(142, 'FUENTELMONJE', 42),
(143, 'FUENTELSAZ DE SORIA', 42),
(144, 'FUENTEPINILLA', 42),
(146, 'FUENTES DE MAGAÑA', 42),
(147, 'FUENTESTRUN', 42),
(150, 'GARRAY', 42),
(151, 'GOLMAYO', 42),
(152, 'GOMARA', 42),
(153, 'GORMAZ', 42),
(154, 'HERRERA DE SORIA', 42),
(157, 'HINOJOSA DEL CAMPO', 42),
(169, 'LANGA DE DUERO', 42),
(172, 'LICERAS', 42),
(175, 'LOSILLA', 42),
(178, 'MAGAÑA', 42),
(179, 'MAJAN', 42),
(182, 'MATALEBRERAS', 42),
(183, 'MATAMALA DE ALMAZAN', 42),
(187, 'MEDINACELI', 42),
(190, 'MIÑO DE MEDINACELI', 42),
(191, 'MIÑO DE SAN ESTEBAN', 42),
(193, 'MOLINOS DE DUERO', 42),
(194, 'MOMBLONA', 42),
(195, 'MONTEAGUDO DE LAS VICARIAS', 42),
(196, 'MONTEJO DE TIERMES', 42),
(197, 'MONTENEGRO DE CAMEROS', 42),
(201, 'MORON DE ALMAZAN', 42),
(202, 'MURIEL DE LA FUENTE', 42),
(203, 'MURIEL VIEJO', 42),
(205, 'NAFRIA DE UCERO', 42),
(207, 'NARROS', 42),
(209, 'NAVALENO', 42),
(210, 'NEPAS', 42),
(213, 'NOLAY', 42),
(216, 'NOVIERCAS', 42),
(219, 'OLVEGA', 42),
(220, 'ONCALA', 42),
(228, 'PINILLA DEL CAMPO', 42),
(232, 'PORTILLO DE SORIA', 42),
(233, 'LA POVEDA DE SORIA', 42),
(234, 'POZALMURO', 42),
(236, 'QUINTANA REDONDA', 42),
(237, 'QUINTANAS DE GORMAZ', 42),
(241, 'LA QUIÑONERIA', 42),
(242, 'LOS RABANOS', 42),
(244, 'REBOLLAR', 42),
(246, 'RECUERDA', 42),
(248, 'RELLO', 42),
(249, 'RENIEBLAS', 42),
(250, 'RETORTILLO DE SORIA', 42),
(252, 'REZNOS', 42),
(253, 'LA RIBA DE ESCALOTE', 42),
(254, 'RIOSECO DE SORIA', 42),
(255, 'ROLLAMIENTA', 42),
(257, 'EL ROYO', 42),
(259, 'SALDUERO', 42),
(263, 'SAN ESTEBAN DE GORMAZ', 42),
(264, 'SAN FELICES', 42),
(265, 'SAN LEONARDO DE YAGUE', 42),
(266, 'SAN PEDRO MANRIQUE', 42),
(267, 'SANTA CRUZ DE YANGUAS', 42),
(268, 'SANTA MARIA DE HUERTA', 42),
(269, 'SANTA MARIA DE LAS HOYAS', 42),
(274, 'SERON DE NAJIMA', 42),
(275, 'SOLIEDRA', 42),
(900, 'SORIA', 42),
(278, 'SOTILLO DEL RINCON', 42),
(280, 'SUELLACABRAS', 42),
(281, 'TAJAHUERCE', 42),
(282, 'TAJUECO', 42),
(283, 'TALVEILA', 42),
(287, 'TARDELCUENDE', 42),
(289, 'TARODA', 42),
(290, 'TEJADO', 42),
(292, 'TORLENGUA', 42),
(295, 'TORREBLACOS', 42),
(298, 'TORRUBIA DE SORIA', 42),
(299, 'TREVAGO', 42),
(300, 'UCERO', 42),
(302, 'VADILLO', 42),
(304, 'VALDEAVELLANO DE TERA', 42),
(305, 'VALDEGEÑA', 42),
(306, 'VALDELAGUA DEL CERRO', 42),
(307, 'VALDEMALUQUE', 42),
(309, 'VALDENEBRO', 42),
(310, 'VALDEPRADO', 42),
(311, 'VALDERRODILLA', 42),
(313, 'VALTAJEROS', 42),
(318, 'VELAMAZAN', 42),
(319, 'VELILLA DE LA SIERRA', 42),
(320, 'VELILLA DE LOS AJOS', 42),
(325, 'VIANA DE DUERO', 42),
(328, 'VILLACIERVOS', 42),
(330, 'VILLANUEVA DE GORMAZ', 42),
(331, 'VILLAR DEL ALA', 42),
(332, 'VILLAR DEL CAMPO', 42),
(333, 'VILLAR DEL RIO', 42),
(335, 'LOS VILLARES DE SORIA', 42),
(337, 'VILLASAYAS', 42),
(338, 'VILLASECA DE ARCIEL', 42),
(340, 'VINUESA', 42),
(341, 'VIZMANOS', 42),
(342, 'VOZMEDIANO', 42),
(343, 'YANGUAS', 42),
(344, 'YELO', 42),
(1, 'ADALIA', 47),
(2, 'AGUASAL', 47),
(3, 'AGUILAR DE CAMPOS', 47),
(4, 'ALAEJOS', 47),
(5, 'ALCAZAREN', 47),
(6, 'ALDEA DE SAN MIGUEL', 47),
(7, 'ALDEAMAYOR DE SAN MARTIN', 47),
(9, 'ALMENARA DE ADAJA', 47),
(10, 'AMUSQUILLO', 47),
(11, 'ARROYO DE LA ENCOMIENDA', 47),
(12, 'ATAQUINES', 47),
(13, 'BAHABON', 47),
(14, 'BARCIAL DE LA LOMA', 47),
(15, 'BARRUELO DEL VALLE', 47),
(16, 'BECILLA DE VALDERADUEY', 47),
(17, 'BENAFARCES', 47),
(18, 'BERCERO', 47),
(19, 'BERCERUELO', 47),
(20, 'BERRUECES DE CAMPOS', 47),
(21, 'BOBADILLA DEL CAMPO', 47),
(22, 'BOCIGAS', 47),
(23, 'BOCOS DE DUERO', 47),
(24, 'BOECILLO', 47),
(25, 'BOLAÑOS DE CAMPOS', 47),
(26, 'BRAHOJOS DE MEDINA', 47),
(27, 'BUSTILLO DE CHAVES', 47),
(28, 'CABEZON DE PISUERGA', 47),
(29, 'CABEZON DE VALDERADUEY', 47),
(30, 'CABREROS DEL MONTE', 47),
(31, 'CAMPASPERO', 47),
(32, 'EL CAMPILLO', 47),
(33, 'CAMPORREDONDO', 47),
(34, 'CANALEJAS DE PEÑAFIEL', 47),
(35, 'CANILLAS DE ESGUEVA', 47),
(36, 'CARPIO', 47),
(37, 'CASASOLA DE ARION', 47),
(38, 'CASTREJON DE TRABANCOS', 47),
(39, 'CASTRILLO DE DUERO', 47),
(40, 'CASTRILLO TEJERIEGO', 47),
(41, 'CASTROBOL', 47),
(42, 'CASTRODEZA', 47),
(43, 'CASTROMEMBIBRE', 47),
(44, 'CASTROMONTE', 47),
(45, 'CASTRONUEVO DE ESGUEVA', 47),
(46, 'CASTRONUÑO', 47),
(47, 'CASTROPONCE DE VALDERADUEY', 47),
(48, 'CASTROVERDE DE CERRATO', 47),
(49, 'CEINOS DE CAMPOS', 47),
(50, 'CERVILLEGO DE LA CRUZ', 47),
(51, 'CIGALES', 47),
(52, 'CIGUÑUELA', 47),
(53, 'LA CISTERNIGA', 47),
(54, 'COGECES DE ISCAR', 47),
(55, 'COGECES DEL MONTE', 47),
(56, 'CORCOS DEL VALLE', 47),
(57, 'CORRALES DE DUERO', 47),
(58, 'CUBILLAS DE SANTA MARTA', 47),
(59, 'CUENCA DE CAMPOS', 47),
(60, 'CURIEL DE DUERO', 47),
(61, 'ENCINAS DE ESGUEVA', 47),
(62, 'ESGUEVILLAS DE ESGUEVA', 47),
(63, 'FOMBELLIDA', 47),
(64, 'FOMPEDRAZA', 47),
(65, 'FONTIHOYUELO', 47),
(66, 'FRESNO EL VIEJO', 47),
(67, 'FUENSALDAÑA', 47),
(68, 'FUENTE EL SOL', 47),
(69, 'FUENTE OLMEDO', 47),
(70, 'GALLEGOS DE HORNIJA', 47),
(71, 'GATON DE CAMPOS', 47),
(72, 'GERIA', 47),
(74, 'HERRIN DE CAMPOS', 47),
(75, 'HORNILLOS DE ERESMA', 47),
(76, 'ISCAR', 47),
(77, 'LAGUNA DE DUERO', 47),
(78, 'LANGAYO', 47),
(79, 'LOMOVIEJO', 47),
(80, 'LLANO DE OLMEDO', 47),
(81, 'MANZANILLO', 47),
(82, 'MARZALES', 47),
(83, 'MATAPOZUELOS', 47),
(84, 'MATILLA DE LOS CAÑOS', 47),
(85, 'MAYORGA', 47),
(86, 'MEDINA DEL CAMPO', 47),
(87, 'MEDINA DE RIOSECO', 47),
(88, 'MEGECES', 47),
(89, 'MELGAR DE ABAJO', 47),
(90, 'MELGAR DE ARRIBA', 47),
(91, 'MOJADOS', 47),
(92, 'MONASTERIO DE VEGA', 47),
(93, 'MONTEALEGRE DE CAMPOS', 47),
(94, 'MONTEMAYOR DE PILILLA', 47),
(95, 'MORAL DE LA REINA', 47),
(96, 'MORALEJA DE LAS PANADERAS', 47),
(97, 'MORALES DE CAMPOS', 47),
(98, 'MOTA DEL MARQUES', 47),
(99, 'MUCIENTES', 47),
(100, 'LA MUDARRA', 47),
(101, 'MURIEL DE ZAPARDIEL', 47),
(102, 'NAVA DEL REY', 47),
(103, 'NUEVA VILLA DE LAS TORRES', 47),
(104, 'OLIVARES DE DUERO', 47),
(105, 'OLMEDO', 47),
(106, 'OLMOS DE ESGUEVA', 47),
(107, 'OLMOS DE PEÑAFIEL', 47),
(110, 'PALAZUELO DE VEDIJA', 47),
(111, 'LA PARRILLA', 47),
(112, 'LA PEDRAJA DE PORTILLO', 47),
(113, 'PEDRAJAS DE SAN ESTEBAN', 47),
(114, 'PEDROSA DEL REY', 47),
(115, 'PEÑAFIEL', 47),
(116, 'PEÑAFLOR DE HORNIJA', 47),
(117, 'PESQUERA DE DUERO', 47),
(118, 'PIÑA DE ESGUEVA', 47),
(119, 'PIÑEL DE ABAJO', 47),
(120, 'PIÑEL DE ARRIBA', 47),
(122, 'POLLOS', 47),
(123, 'PORTILLO', 47),
(124, 'POZAL DE GALLINAS', 47),
(125, 'POZALDEZ', 47),
(126, 'POZUELO DE LA ORDEN', 47),
(127, 'PURAS', 47),
(128, 'QUINTANILLA DE ARRIBA', 47),
(129, 'QUINTANILLA DEL MOLAR', 47),
(130, 'QUINTANILLA DE ONESIMO', 47),
(131, 'QUINTANILLA DE TRIGUEROS', 47),
(132, 'RABANO', 47),
(133, 'RAMIRO', 47),
(134, 'RENEDO DE ESGUEVA', 47),
(135, 'ROALES DE CAMPOS', 47),
(136, 'ROBLADILLO', 47),
(138, 'ROTURAS', 47),
(139, 'RUBI DE BRACAMONTE', 47),
(140, 'RUEDA', 47),
(141, 'SAELICES DE MAYORGA', 47),
(142, 'SALVADOR DE ZAPARDIEL', 47),
(143, 'SAN CEBRIAN DE MAZOTE', 47),
(144, 'SAN LLORENTE DEL VALLE', 47),
(145, 'SAN MARTIN DE VALVENI', 47),
(146, 'SAN MIGUEL DEL ARROYO', 47),
(147, 'SAN MIGUEL DEL PINO', 47),
(148, 'SAN PABLO DE LA MORALEJA', 47),
(149, 'SAN PEDRO DE LATARCE', 47),
(150, 'SAN PELAYO', 47),
(151, 'SAN ROMAN DE HORNIJA', 47),
(152, 'SAN SALVADOR', 47),
(153, 'SANTA EUFEMIA DEL ARROYO', 47),
(154, 'SANTERVAS DE CAMPOS', 47),
(155, 'SANTIBAÑEZ DE VALCORBA', 47),
(156, 'SANTOVENIA DE PISUERGA', 47),
(157, 'SAN VICENTE DEL PALACIO', 47),
(158, 'SARDON DE DUERO', 47),
(159, 'LA SECA', 47),
(160, 'SERRADA', 47),
(161, 'SIETE IGLESIAS DE TRABANCOS', 47),
(162, 'SIMANCAS', 47),
(163, 'TAMARIZ DE CAMPOS', 47),
(164, 'TIEDRA', 47),
(165, 'TORDEHUMOS', 47),
(166, 'TORDESILLAS', 47),
(167, 'TORRECILLA DE LA ABADESA', 47),
(168, 'TORRECILLA DE LA ORDEN', 47),
(169, 'TORRECILLA DE LA TORRE', 47),
(170, 'TORRE DE ESGUEVA', 47),
(171, 'TORRE DE PEÑAFIEL', 47),
(172, 'TORRELOBATON', 47),
(173, 'TORRESCARCELA', 47),
(174, 'TRASPINEDO', 47),
(175, 'TRIGUEROS DEL VALLE', 47),
(176, 'TUDELA DE DUERO', 47),
(177, 'LA UNION DE CAMPOS', 47),
(178, 'URONES DE CASTROPONCE', 47),
(179, 'URUEÑA', 47),
(180, 'VALBUENA DE DUERO', 47),
(181, 'VALDEARCOS DE LA VEGA', 47),
(182, 'VALDENEBRO DE LOS VALLES', 47),
(183, 'VALDESTILLAS', 47),
(184, 'VALDUNQUILLO', 47),
(185, 'VALORIA LA BUENA', 47),
(186, 'VALVERDE DE CAMPOS', 47),
(900, 'VALLADOLID', 47),
(188, 'VEGA DE RUIPONCE', 47),
(189, 'VEGA DE VALDETRONCO', 47),
(190, 'VELASCALVARO', 47),
(191, 'VELILLA', 47),
(192, 'VELLIZA', 47),
(193, 'VENTOSA DE LA CUESTA', 47),
(194, 'VIANA DE CEGA', 47),
(195, 'VILORIA DEL HENAR', 47),
(196, 'VILLABAÑEZ', 47),
(197, 'VILLABARUZ DE CAMPOS', 47),
(198, 'VILLABRAGIMA', 47),
(199, 'VILLACARRALON', 47),
(200, 'VILLACID DE CAMPOS', 47),
(201, 'VILLACO', 47),
(204, 'VILLAFRADES DE CAMPOS', 47),
(205, 'VILLAFRANCA DE DUERO', 47),
(206, 'VILLAFRECHOS', 47),
(207, 'VILLAFUERTE DE ESGUEVA', 47),
(208, 'VILLAGARCIA DE CAMPOS', 47),
(209, 'VILLAGOMEZ LA NUEVA', 47),
(210, 'VILLALAN DE CAMPOS', 47),
(211, 'VILLALAR DE LOS COMUNEROS', 47),
(212, 'VILLALBA DE LA LOMA', 47),
(213, 'VILLALBA DE LOS ALCORES', 47),
(214, 'VILLALBARBA', 47),
(215, 'VILLALON DE CAMPOS', 47),
(216, 'VILLAMURIEL DE CAMPOS', 47),
(217, 'VILLAN DE TORDESILLAS', 47),
(218, 'VILLANUBLA', 47),
(219, 'VILLANUEVA DE DUERO', 47),
(220, 'VILLANUEVA DE LA CONDESA', 47),
(221, 'VILLANUEVA DE LOS CABALLEROS', 47),
(222, 'VILLANUEVA DE LOS INFANTES', 47),
(223, 'VILLANUEVA DE SAN MANCIO', 47),
(224, 'VILLARDEFRADES', 47),
(225, 'VILLARMENTERO DE ESGUEVA', 47),
(226, 'VILLASEXMIR', 47),
(227, 'VILLAVAQUERIN DE CERRATO', 47),
(228, 'VILLAVELLID', 47),
(229, 'VILLAVERDE DE MEDINA', 47),
(230, 'VILLAVICENCIO DE LOS CABALLERO', 47),
(231, 'WAMBA', 47),
(232, 'ZARATAN', 47),
(233, 'LA ZARZA', 47),
(2, 'ABEZAMES', 49),
(3, 'ALCAÑICES', 49),
(4, 'ALCUBILLA DE NOGALES', 49),
(5, 'ALFARAZ DE SAYAGO', 49),
(6, 'ALGODRE', 49),
(7, 'ALMARAZ DE DUERO', 49),
(8, 'ALMEIDA DE SAYAGO', 49),
(9, 'ANDAVIAS', 49),
(10, 'ARCENILLAS', 49),
(11, 'ARCOS DE LA POLVOROSA', 49),
(12, 'ARGAÑIN', 49),
(13, 'ARGUJILLO', 49),
(15, 'ARQUILLINOS', 49),
(16, 'ARRABALDE', 49),
(17, 'ASPARIEGOS', 49),
(18, 'ASTURIANOS', 49),
(19, 'AYOO DE VIDRIALES', 49),
(21, 'BARCIAL DEL BARCO', 49),
(22, 'BELVER DE LOS MONTES', 49),
(23, 'BENAVENTE', 49),
(24, 'BENEGILES', 49),
(26, 'BERMILLO DE SAYAGO', 49),
(27, 'LA BOVEDA DE TORO', 49),
(29, 'BRETO', 49),
(30, 'BRETOCINO', 49),
(31, 'BRIME DE SOG', 49),
(32, 'BRIME DE URZ', 49),
(33, 'BURGANES DE VALVERDE', 49),
(34, 'BUSTILLO DEL ORO', 49),
(35, 'CABAÑAS DE SAYAGO', 49),
(36, 'CALZADILLA DE TERA', 49),
(37, 'CAMARZANA DE TERA', 49),
(38, 'CAÑIZAL', 49),
(39, 'CAÑIZO', 49),
(40, 'CARBAJALES DE ALBA', 49),
(41, 'CARBELLINO', 49),
(43, 'CASASECA DE CAMPEAN', 49),
(44, 'CASASECA DE LAS CHANAS', 49),
(45, 'CASTRILLO DE LA GUAREÑA', 49),
(46, 'CASTROGONZALO', 49),
(47, 'CASTRONUEVO', 49),
(48, 'CASTROVERDE DE CAMPOS', 49),
(49, 'CAZURRA', 49),
(51, 'CERECINOS DE CAMPOS', 49),
(52, 'CERECINOS DEL CARRIZAL', 49),
(54, 'CERNADILLA', 49),
(57, 'COBREROS', 49),
(60, 'COOMONTE', 49),
(61, 'CORESES', 49),
(62, 'CORRALES DEL VINO', 49),
(63, 'COTANES DEL MONTE', 49),
(64, 'CUBILLOS', 49),
(65, 'CUBO DE BENAVENTE', 49),
(66, 'EL CUBO DE TIERRA DEL VINO', 49),
(67, 'CUELGAMURES', 49),
(70, 'ENTRALA', 49),
(72, 'ESPADAÑEDO', 49),
(74, 'FARAMONTANOS DE TABARA', 49),
(75, 'FARIZA', 49),
(76, 'FERMOSELLE', 49),
(77, 'FERRERAS DE ABAJO', 49),
(78, 'FERRERAS DE ARRIBA', 49),
(79, 'FERRERUELA', 49),
(81, 'FIGUERUELA DE ARRIBA', 49),
(83, 'FONFRIA', 49),
(87, 'FRESNO DE LA POLVOROSA', 49),
(88, 'FRESNO DE LA RIBERA', 49),
(89, 'FRESNO DE SAYAGO', 49),
(90, 'FRIERA DE VALVERDE', 49),
(92, 'FUENTE ENCALADA', 49),
(93, 'FUENTELAPEÑA', 49),
(94, 'FUENTESAUCO', 49),
(95, 'FUENTES DE ROPEL', 49),
(96, 'FUENTESECAS', 49),
(97, 'FUENTESPREADAS', 49),
(98, 'GALENDE', 49),
(99, 'GALLEGOS DEL PAN', 49),
(100, 'GALLEGOS DEL RIO', 49),
(101, 'GAMONES', 49),
(103, 'GEMA', 49),
(104, 'GRANJA DE MORERUELA', 49),
(105, 'GRANUCILLO', 49),
(106, 'GUARRATE', 49),
(107, 'HERMISENDE', 49),
(108, 'LA HINIESTA', 49),
(109, 'JAMBRINA', 49),
(110, 'JUSTEL', 49),
(111, 'LOSACINO', 49),
(112, 'LOSACIO', 49),
(113, 'LUBIAN', 49),
(114, 'LUELMO', 49),
(115, 'EL MADERAL', 49),
(116, 'MADRIDANOS', 49),
(117, 'MAHIDE', 49),
(118, 'MAIRE DE CASTROPONCE', 49),
(120, 'MALVA', 49),
(121, 'MANGANESES DE LA LAMPREANA', 49),
(122, 'MANGANESES DE LA POLVOROSA', 49),
(123, 'MANZANAL DE ARRIBA', 49),
(124, 'MANZANAL DEL BARCO', 49),
(125, 'MANZANAL DE LOS INFANTES', 49),
(126, 'MATILLA DE ARZON', 49),
(127, 'MATILLA LA SECA', 49),
(128, 'MAYALDE', 49),
(129, 'MELGAR DE TERA', 49),
(130, 'MICERECES DE TERA', 49),
(131, 'MILLES DE LA POLVOROSA', 49),
(133, 'MOLACILLOS', 49),
(134, 'MOLEZUELAS DE LA CARBALLEDA', 49),
(135, 'MOMBUEY', 49),
(136, 'MONFARRACINOS', 49),
(137, 'MONTAMARTA', 49),
(138, 'MORAL DE SAYAGO', 49),
(139, 'MORALEJA DEL VINO', 49),
(140, 'MORALEJA DE SAYAGO', 49),
(141, 'MORALES DEL VINO', 49),
(142, 'MORALES DE REY', 49),
(143, 'MORALES DE TORO', 49),
(144, 'MORALES DE VALVERDE', 49),
(145, 'MORALINA', 49),
(146, 'MORERUELA DE LOS INFANZONES', 49),
(147, 'MORERUELA DE TABARA', 49),
(148, 'MUELAS DE LOS CABALLEROS', 49),
(149, 'MUELAS DEL PAN', 49),
(150, 'MUGA DE SAYAGO', 49),
(151, 'NAVIANOS DE VALVERDE', 49),
(152, 'OLMILLOS DE CASTRO', 49),
(153, 'OTERO DE BODAS', 49),
(156, 'PAJARES DE LA LAMPREANA', 49),
(157, 'PALACIOS DEL PAN', 49),
(158, 'PALACIOS DE SANABRIA', 49),
(160, 'PEDRALBA DE LA PRADERIA', 49),
(161, 'EL PEGO', 49),
(162, 'PELEAGONZALO', 49),
(163, 'PELEAS DE ABAJO', 49),
(165, 'PEÑAUSENDE', 49),
(166, 'PEQUE', 49),
(167, 'EL PERDIGON', 49),
(168, 'PERERUELA', 49),
(169, 'PERILLA DE CASTRO', 49),
(170, 'PIAS', 49),
(171, 'PIEDRAHITA DE CASTRO', 49),
(172, 'PINILLA DE TORO', 49),
(173, 'PINO DEL ORO', 49),
(174, 'EL PIÑERO', 49),
(176, 'POBLADURA DEL VALLE', 49),
(177, 'POBLADURA DE VALDERADUEY', 49),
(179, 'PORTO', 49),
(180, 'POZOANTIGUO', 49),
(181, 'POZUELO DE TABARA', 49),
(183, 'PRADO', 49),
(184, 'PUEBLA DE SANABRIA', 49),
(185, 'PUEBLICA DE VALVERDE', 49),
(186, 'QUINTANILLA DEL MONTE', 49),
(187, 'QUINTANILLA DEL OLMO', 49),
(188, 'QUINTANILLA DE URZ', 49),
(189, 'QUIRUELAS DE VIDRIALES', 49),
(190, 'RABANALES', 49),
(191, 'RABANO DE ALISTE', 49),
(192, 'REQUEJO', 49),
(193, 'REVELLINOS', 49),
(196, 'RIOFRIO DE ALISTE', 49),
(197, 'RIONEGRO DEL PUENTE', 49),
(198, 'ROALES', 49),
(199, 'ROBLEDA-CERVANTES', 49),
(200, 'ROELOS DE SAYAGO', 49),
(201, 'ROSINOS DE LA REQUEJADA', 49),
(203, 'SALCE', 49),
(204, 'SAMIR DE LOS CAÑOS', 49),
(205, 'SAN AGUSTIN DEL POZO', 49),
(206, 'SAN CEBRIAN DE CASTRO', 49),
(208, 'SAN CRISTOBAL DE ENTREVIÑAS', 49),
(209, 'SAN ESTEBAN DEL MOLAR', 49),
(210, 'SAN JUSTO', 49),
(212, 'SAN MARTIN DE VALDERADUEY', 49),
(213, 'SAN MIGUEL DE LA RIBERA', 49),
(214, 'SAN MIGUEL DEL VALLE', 49),
(215, 'SAN PEDRO DE CEQUE', 49),
(216, 'SAN PEDRO DE LA NAVE-ALMENDRA', 49),
(220, 'SANTA CLARA DE AVEDILLO', 49),
(222, 'SANTA COLOMBA DE LAS MONJAS', 49),
(223, 'SANTA CRISTINA DE LA POLVOROSA', 49),
(224, 'SANTA CROYA DE TERA', 49),
(225, 'SANTA EUFEMIA DEL BARCO', 49),
(226, 'SANTA MARIA DE LA VEGA', 49),
(227, 'SANTA MARIA DE VALVERDE', 49),
(228, 'SANTIBAÑEZ DE TERA', 49),
(229, 'SANTIBAÑEZ DE VIDRIALES', 49),
(230, 'SANTOVENIA', 49),
(231, 'SAN VICENTE DE LA CABEZA', 49),
(232, 'SAN VITERO', 49),
(233, 'SANZOLES', 49),
(237, 'TABARA', 49),
(240, 'TAPIOLES', 49),
(244, 'TORO', 49),
(245, 'LA TORRE DEL VALLE', 49),
(247, 'TORREGAMONES', 49),
(248, 'TORRES DEL CARRIZAL', 49),
(249, 'TRABAZOS', 49),
(250, 'TREFACIO', 49),
(253, 'UÑA DE QUINTANA', 49),
(254, 'VADILLO DE LA GUARE/A', 49),
(255, 'VALCABADO', 49),
(256, 'VALDEFINJAS', 49),
(257, 'VALDESCORRIEL', 49),
(259, 'VALLESA DE LA GUAREÑA', 49),
(260, 'VEGA DE TERA', 49),
(261, 'VEGA DE VILLALOBOS', 49),
(262, 'VEGALATRAVE', 49),
(263, 'VENIALBO', 49),
(264, 'VEZDEMARBAN', 49),
(265, 'VIDAYANES', 49),
(266, 'VIDEMALA', 49),
(267, 'VILLABRAZARO', 49),
(268, 'VILLABUENA DEL PUENTE', 49),
(269, 'VILLADEPERA', 49),
(270, 'VILLAESCUSA', 49),
(271, 'VILLAFAFILA', 49),
(272, 'VILLAFERRUEÑA', 49),
(273, 'VILLAGERIZ', 49),
(274, 'VILLALAZAN', 49),
(275, 'VILLALBA DE LA LAMPREANA', 49),
(276, 'VILLALCAMPO', 49),
(277, 'VILLALOBOS', 49),
(278, 'VILLALONSO', 49),
(279, 'VILLALPANDO', 49),
(280, 'VILLALUBE', 49),
(281, 'VILLAMAYOR DE CAMPOS', 49),
(284, 'VILLAMOR DE LOS ESCUDEROS', 49),
(285, 'VILLANAZAR', 49),
(286, 'VILLANUEVA DE AZOAGUE', 49),
(287, 'VILLANUEVA DE CAMPEAN', 49),
(288, 'VILLANUEVA DE LAS PERAS', 49),
(289, 'VILLANUEVA DEL CAMPO', 49),
(290, 'VILLARALBO', 49),
(291, 'VILLARDECIERVOS', 49),
(292, 'VILLAR DE FALLAVES', 49),
(293, 'VILLAR DEL BUEY', 49),
(294, 'VILLARDIEGUA DE LA RIBERA', 49),
(295, 'VILLARDIGA', 49),
(296, 'VILLARDONDIEGO', 49),
(297, 'VILLARRIN DE CAMPOS', 49),
(298, 'VILLASECO DEL PAN', 49),
(299, 'VILLAVENDIMIO', 49),
(300, 'VILLAVEZA DEL AGUA', 49),
(301, 'VILLAVEZA DE VALVERDE', 49),
(302, 'VIÑAS', 49),
(900, 'ZAMORA', 49),
(1, 'ABRERA', 8),
(2, 'AGUILAR DE SEGARRA', 8),
(3, 'ALELLA', 8),
(4, 'ALPENS', 8),
(5, 'L\' AMETLLA DEL VALLES', 8),
(6, 'ARENYS DE MAR', 8),
(7, 'ARENYS DE MUNT', 8),
(8, 'ARGENÇOLA', 8),
(9, 'ARGENTONA', 8),
(10, 'ARTES', 8),
(11, 'AVIA', 8),
(12, 'AVINYO', 8),
(13, 'AVINYONET DEL PENEDES', 8),
(14, 'AIGUAFREDA', 8),
(15, 'BADALONA', 8),
(16, 'BAGA', 8),
(17, 'BALENYA', 8),
(18, 'BALSARENY', 8),
(900, 'BARCELONA', 8),
(20, 'BEGUES', 8),
(21, 'BELLPRAT', 8),
(22, 'BERGA', 8),
(23, 'BIGUES I RIELLS', 8),
(24, 'BORREDA', 8),
(25, 'EL BRUC', 8),
(26, 'EL BRULL', 8),
(27, 'LES CABANYES', 8),
(28, 'CABRERA D\'ANOIA', 8),
(29, 'CABRERA DE MAR', 8),
(30, 'CABRILS', 8),
(31, 'CALAF', 8),
(32, 'CALDES D\'ESTRAC', 8),
(33, 'CALDES DE MONTBUI', 8),
(34, 'CALDERS', 8),
(35, 'CALELLA', 8),
(36, 'CALONGE DE SEGARRA', 8),
(224, 'CALLDETENES', 8),
(37, 'CALLUS', 8),
(38, 'CAMPINS', 8),
(39, 'CANET DE MAR', 8),
(40, 'CANOVELLES', 8),
(41, 'CANOVES I SAMALUS', 8),
(42, 'CANYELLES', 8),
(43, 'CAPELLADES', 8),
(44, 'CAPOLAT', 8),
(45, 'CARDEDEU', 8),
(46, 'CARDONA', 8),
(47, 'CARME', 8),
(48, 'CASSERRES', 8),
(49, 'CASTELLAR DEL RIU', 8),
(50, 'CASTELLAR DEL VALLES', 8),
(51, 'CASTELLAR DE N\'HUG', 8),
(52, 'CASTELLBELL I EL VILAR', 8),
(53, 'CASTELLBISBAL', 8),
(54, 'CASTELLCIR', 8),
(55, 'CASTELLDEFELS', 8),
(56, 'CASTELL DE L\'ARENY', 8),
(57, 'CASTELLET I LA GORNAL', 8),
(58, 'CASTELLFOLLIT DEL BOIX', 8),
(59, 'CASTELLFOLLIT DE RIUBREGOS', 8),
(60, 'CASTELLGALI', 8),
(61, 'CASTELLNOU DE BAGES', 8),
(62, 'CASTELLOLI', 8),
(63, 'CASTELLTERÇOL', 8),
(64, 'CASTELLVI DE LA MARCA', 8),
(65, 'CASTELLVI DE ROSANES', 8),
(66, 'CENTELLES', 8),
(67, 'CERVELLO', 8),
(68, 'COLLBATO', 8),
(69, 'COLLSUSPINA', 8),
(70, 'COPONS', 8),
(71, 'CORBERA DE LLOBREGAT', 8),
(72, 'CORNELLA DE LLOBREGAT', 8),
(73, 'CUBELLES', 8),
(74, 'DOSRIUS', 8),
(75, 'ESPARREGUERA', 8),
(76, 'ESPLUGUES DE LLOBREGAT', 8),
(77, 'L\' ESPUNYOLA', 8),
(78, 'L\' ESTANY', 8),
(79, 'FIGOLS', 8),
(80, 'FOGARS DE MONTCLUS', 8),
(81, 'FOGARS DE LA SELVA', 8),
(82, 'FOLGUEROLES', 8),
(83, 'FONOLLOSA', 8),
(84, 'FONT-RUBI', 8),
(85, 'LES FRANQUESES DEL VALLES', 8),
(86, 'GALLIFA', 8),
(87, 'LA GARRIGA', 8),
(88, 'GAVA', 8),
(89, 'GAIA', 8),
(90, 'GELIDA', 8),
(91, 'GIRONELLA', 8),
(92, 'GISCLARENY', 8),
(93, 'LA GRANADA', 8),
(94, 'GRANERA', 8),
(95, 'GRANOLLERS', 8),
(96, 'GUALBA', 8),
(97, 'SANT SALVADOR DE GUARDIOLA', 8),
(98, 'GUARDIOLA DE BERGUEDA', 8),
(99, 'GURB', 8),
(100, 'L\'HOSPITALET DE LLOBREGAT', 8),
(101, 'IGUALADA', 8),
(102, 'JORBA', 8),
(103, 'LA LLACUNA', 8),
(104, 'LA LLAGOSTA', 8),
(105, 'LLINARS DEL VALLES', 8),
(106, 'LLIÇA D\' AMUNT', 8),
(107, 'LLIÇA DE VALL', 8),
(108, 'LLUÇA', 8),
(109, 'MALGRAT DE MAR', 8),
(110, 'MALLA', 8),
(111, 'MANLLEU', 8),
(112, 'MANRESA', 8),
(113, 'MARTORELL', 8),
(114, 'MARTORELLES', 8),
(115, 'LES MASIES DE RODA', 8),
(116, 'LES MASIES DE VOLTREGA', 8),
(117, 'EL MASNOU', 8),
(118, 'MASQUEFA', 8),
(119, 'MATADEPERA', 8),
(120, 'MATARO', 8),
(121, 'MEDIONA', 8),
(122, 'MOLINS DE REI', 8),
(123, 'MOLLET DEL VALLES', 8),
(124, 'MONTCADA I REIXAC', 8),
(125, 'MONTGAT', 8),
(126, 'MONISTROL DE MONTSERRAT', 8),
(127, 'MONISTROL DE CALDERS', 8),
(128, 'MUNTANYOLA', 8),
(129, 'MONTCLAR', 8),
(130, 'MONTESQUIU', 8),
(131, 'MONTMAJOR', 8),
(132, 'MONTMANEU', 8),
(133, 'FIGARO I MONTMANY', 8),
(134, 'MONTMELO', 8),
(135, 'MONTORNES DEL VALLES', 8),
(136, 'MONTSENY', 8),
(137, 'MOIA', 8),
(138, 'MURA', 8),
(139, 'NAVARCLES', 8),
(140, 'NAVAS', 8),
(141, 'LA NOU DE BERGUEDA', 8),
(142, 'ODENA', 8),
(143, 'OLVAN', 8),
(144, 'OLERDOLA', 8),
(145, 'OLESA DE BONESVALLS', 8),
(146, 'OLESA DE MONTSERRAT', 8),
(147, 'OLIVELLA', 8),
(148, 'OLOST', 8),
(149, 'ORIS', 8),
(150, 'ORISTA', 8),
(151, 'ORPI', 8),
(152, 'ORRIUS', 8),
(153, 'PACS DEL PENEDES', 8),
(154, 'PALAFOLLS', 8),
(155, 'PALAU-SOLITA I PLEGAMANS', 8),
(156, 'PALLEJA', 8),
(157, 'EL PAPIOL', 8),
(158, 'PARETS DE VALLES', 8),
(159, 'PERAFITA', 8),
(160, 'PIERA', 8),
(161, 'ELS HOSTALETS DE PIEROLA', 8),
(162, 'PINEDA DE MAR', 8),
(163, 'EL PLA DEL PENEDES', 8),
(164, 'LA POBLA DE CLARAMUNT', 8),
(165, 'LA POBLA DE LILLET', 8),
(166, 'POLINYA', 8),
(167, 'PONTONS', 8),
(168, 'EL PRAT DE LLOBREGAT', 8),
(169, 'ELS PRATS DE REI', 8),
(170, 'PRATS DE LLUÇANES', 8),
(171, 'PREMIA DE MAR', 8),
(173, 'PUIGDALBER', 8),
(174, 'PUIG-REIG', 8),
(175, 'PUJALT', 8),
(176, 'LA QUAR', 8),
(177, 'RAJADELL', 8),
(178, 'RELLINARS', 8),
(179, 'RIPOLLET', 8),
(180, 'LA ROCA DEL VALLES', 8),
(181, 'EL PONT DE VILOMARA I ROCAFORT', 8),
(182, 'RODA DE TER', 8),
(183, 'RUBI', 8),
(184, 'RUBIO', 8),
(186, 'SABADELL', 8),
(187, 'SAGAS', 8),
(188, 'SANT PERE SALLAVINERA', 8),
(189, 'SALDES', 8),
(190, 'SALLENT', 8),
(191, 'SANTPEDOR', 8),
(192, 'SANT ISCLE DE VALLALTA', 8),
(193, 'SANT ADRIA DE BESOS', 8),
(194, 'SANT AGUSTI DE LLUÇANES', 8),
(195, 'SANT ANDREU DE LA BARCA', 8),
(196, 'SANT ANDREU DE LLAVANERES', 8),
(197, 'SANT ANTONI DE VILAMAJOR', 8),
(198, 'SANT BARTOMEU DEL GRAU', 8),
(199, 'SANT BOI DE LLOBREGAT', 8),
(200, 'SANT BOI DE LLUÇANES', 8),
(201, 'SANT CELONI', 8),
(202, 'SANT CEBRIA DE VALLALTA', 8),
(203, 'SANT CLIMENT DE LLOBREGAT', 8),
(204, 'SANT CUGAT DEL VALLES', 8),
(205, 'SANT CUGAT DE SESGARRIGUES', 8),
(206, 'SANT ESTEVE DE PALAUTORDERA', 8),
(207, 'SANT ESTEVE SESROVIRES', 8),
(208, 'SANT FOST DE CAMPSENTELLES', 8),
(209, 'SANT FELIU DE CODINES', 8),
(210, 'SANT FELIU DE LLOBREGAT', 8),
(211, 'SANT FELIU SASSERRA', 8),
(212, 'SANT FRUITOS DE BAGES', 8),
(213, 'VILASSAR DE DALT', 8),
(214, 'SANT HIPOLIT DE VOLTREGA', 8),
(215, 'SANT JAUME DE FRONTANYA', 8),
(216, 'SANT JOAN DESPI', 8),
(225, 'SANT JOAN DE VILATORRADA', 8),
(217, 'VILASSAR DE MAR', 8),
(218, 'SANT JULIA DE VILATORTA', 8),
(219, 'SANT JUST DESVERN', 8),
(220, 'SANT LLORENÇ D\' HORTONS', 8),
(221, 'SANT LLORENÇ SAVALL', 8),
(222, 'SANT MARTI DE CENTELLES', 8),
(223, 'SANT MARTI D\'ALBARS', 8),
(226, 'SANT MARTI DE TOUS', 8),
(227, 'SANT MARTI SARROCA', 8),
(228, 'SANT MARTI DE SESGUEIOLES', 8),
(229, 'SANT MATEU DE BAGES', 8),
(230, 'PREMIA DE DALT', 8),
(231, 'SANT PERE DE RIBES', 8),
(232, 'SANT PERE DE RIUDEBITLLES', 8),
(233, 'SANT PERE DE TORELLO', 8),
(234, 'SANT PERE DE VILAMAJOR', 8),
(235, 'SANT POL DE MAR', 8),
(236, 'SANT QUINTI DE MEDIONA', 8),
(237, 'SANT QUIRZE DE BESORA', 8),
(238, 'SANT QUIRZE DEL VALLES', 8),
(239, 'SANT QUIRZE DE SAFAJA', 8),
(240, 'SANT SADURNI D\'ANOIA', 8),
(241, 'SANT SADURNI D\'OSORMOR', 8),
(242, 'MARGANELL', 8),
(243, 'SANTA CECILIA DE VOLTREGA', 8),
(244, 'SANTA COLOMA DE CERVELLO', 8),
(245, 'SANTA COLOMA DE GRAMENET', 8),
(246, 'SANTA EUGENIA DE BERGA', 8),
(247, 'SANTA EULALIA DE RIUPRIMER', 8),
(248, 'SANTA EULALIA DE RONÇANA', 8),
(249, 'SANTA FE DEL PENEDES', 8),
(250, 'SANTA MARGARIDA DE MONTBUI', 8),
(251, 'SANTA MARGARIDA I ELS MONJOS', 8),
(252, 'BARBERA DEL VALLES', 8),
(253, 'SANTA MARIA DE BESORA', 8),
(254, 'ESQUIROL, L\'', 8),
(255, 'SANTA MARIA DE MERLES', 8),
(256, 'SANTA MARIA DE MARTORELLES', 8),
(257, 'SANTA MARIA DE MIRALLES', 8),
(258, 'SANTA MARIA D\'OLO', 8),
(259, 'SANTA MARIA DE PALAUTORDERA', 8),
(260, 'SANTA PERPETUA DE MOGODA', 8),
(261, 'SANTA SUSANNA', 8),
(262, 'SANT VICENÇ DE CASTELLET', 8),
(263, 'SANT VICENÇ DELS HORTS', 8),
(264, 'SANT VICENÇ DE MONTALT', 8),
(265, 'SANT VICENÇ DE TORELLO', 8),
(266, 'CERDANYOLA DEL VALLES', 8),
(267, 'SENTMENAT', 8),
(268, 'CERCS', 8),
(269, 'SEVA', 8),
(270, 'SITGES', 8),
(271, 'SOBREMUNT', 8),
(272, 'SORA', 8),
(273, 'SUBIRATS', 8),
(274, 'SURIA', 8),
(275, 'TAVERNOLES', 8),
(276, 'TAGAMANENT', 8),
(277, 'TALAMANCA', 8),
(278, 'TARADELL', 8),
(279, 'TERRASSA', 8),
(280, 'TAVERTET', 8),
(281, 'TEIA', 8),
(282, 'TIANA', 8),
(283, 'TONA', 8),
(284, 'TORDERA', 8),
(285, 'TORELLO', 8),
(286, 'LA TORRE DE CLARAMUNT', 8),
(287, 'TORRELAVIT', 8),
(288, 'TORRELLES DE FOIX', 8),
(289, 'TORRELLES DE LLOBREGAT', 8),
(290, 'ULLASTRELL', 8),
(291, 'VACARISSES', 8),
(292, 'VALLBONA D\'ANOIA', 8),
(293, 'VALLCEBRE', 8),
(295, 'VALLGORGUINA', 8),
(296, 'VALLIRANA', 8),
(297, 'VALLROMANES', 8),
(298, 'VECIANA', 8),
(299, 'VIC', 8),
(300, 'VILADA', 8),
(301, 'VILADECAVALLS', 8),
(302, 'VILADECANS', 8),
(303, 'VILANOVA DEL CAMI', 8),
(304, 'VILANOVA DE SAU', 8),
(305, 'VILOBI DEL PENEDES', 8),
(306, 'VILAFRANCA DEL PENEDES', 8),
(307, 'VILALBA SASSERRA', 8),
(308, 'VILANOVA I LA GELTRU', 8),
(309, 'VIVER I SERRATEIX', 8),
(185, 'RUPIT I PRUIT', 8),
(310, 'VILANOVA DEL VALLES', 8),
(311, 'SANT JULIA DE CERDANYOLA', 8),
(312, 'BADIA DEL VALLES', 8),
(313, 'LA PALMA DE CERVELLO', 8),
(1, 'AGULLANA', 17),
(2, 'AIGUAVIVA', 17),
(3, 'ALBANYA', 17),
(4, 'ALBONS', 17),
(5, 'EL FAR D\'EMPORDA', 17),
(6, 'ALP', 17),
(7, 'AMER', 17),
(8, 'ANGLES', 17),
(9, 'ARBUCIES', 17),
(10, 'ARGELAGUER', 17),
(11, 'L\'ARMENTERA', 17),
(12, 'AVINYONET PUIGVENTOS', 17),
(14, 'BEGUR', 17),
(15, 'LA VAJOL', 17),
(16, 'BANYOLES', 17),
(18, 'BASCARA', 17),
(21, 'BELLCAIRE EMPORDA', 17),
(22, 'BESALU', 17),
(23, 'BESCANO', 17),
(24, 'BEUDA', 17),
(25, 'LA BISBAL EMPORDA', 17),
(26, 'BLANES', 17),
(27, 'BOLVIR', 17),
(28, 'BORDILS', 17),
(29, 'BORRASSA', 17),
(30, 'BREDA', 17),
(31, 'BRUNYOLA', 17),
(32, 'BOADELLA I LES ESCAULES', 17),
(33, 'CABANES', 17),
(34, 'CABANELLES', 17),
(35, 'CADAQUES', 17),
(37, 'CALDES MALAVELLA', 17),
(38, 'CALONGE', 17),
(39, 'CAMOS', 17),
(40, 'CAMPDEVANOL', 17),
(41, 'CAMPELLES', 17),
(42, 'CAMPLLONG', 17),
(43, 'CAMPRODON', 17),
(44, 'CANET D\'ADRI', 17),
(45, 'CANTALLOPS', 17),
(46, 'CAPMANY', 17),
(47, 'QUERALBS', 17),
(49, 'CASSA SELVA', 17),
(51, 'CASTELLFOLLIT ROCA', 17),
(52, 'CASTELLO D\'EMPURIES', 17),
(53, 'CASTELL-PLATJA D\'ARO', 17),
(54, 'CELRA', 17),
(55, 'CERVIA TER', 17),
(56, 'CISTELLA', 17),
(57, 'SIURANA EMPORDA', 17),
(59, 'COLERA', 17),
(60, 'COLOMERS', 17),
(61, 'CORNELLA DEL TERRI', 17),
(62, 'CORÇA', 17),
(63, 'CRESPIA', 17),
(65, 'DARNIUS', 17),
(66, 'DAS', 17),
(68, 'L\'ESCALA', 17),
(69, 'ESPINELVES', 17),
(70, 'ESPOLLA', 17),
(71, 'ESPONELLA', 17),
(72, 'FIGUERES', 17),
(73, 'FLAÇA', 17),
(74, 'FOIXA', 17),
(36, 'FONTANALS CERDANYA', 17),
(75, 'FONTANILLES', 17),
(76, 'FONTCOBERTA', 17),
(78, 'FORNELLS SELVA', 17),
(79, 'FORTIA', 17),
(81, 'GARRIGAS', 17),
(82, 'GARRIGOLES', 17),
(83, 'GARRIGUELLA', 17),
(84, 'GER', 17),
(85, 'GIRONA', 17),
(86, 'GOMBREN', 17),
(87, 'GUALTA', 17),
(88, 'GUILS CERDANYA', 17),
(89, 'HOSTALRIC', 17),
(90, 'ISOVOL', 17),
(91, 'JAFRE', 17),
(93, 'LA JONQUERA', 17),
(94, 'JUIA', 17),
(95, 'LLADO', 17),
(96, 'LLAGOSTERA', 17),
(97, 'LLAMBILLES', 17),
(98, 'LLANARS', 17),
(99, 'LLANÇA', 17),
(100, 'LLERS', 17),
(101, 'LLIVIA', 17),
(102, 'LLORET DE MAR', 17),
(103, 'LES LLOSSES', 17),
(104, 'MADREMANYA', 17),
(110, 'MAIA MONTCAL', 17),
(105, 'MERANGES', 17),
(106, 'MASARAC', 17),
(107, 'MASSANES', 17),
(108, 'MAÇANET CABRENYS', 17),
(109, 'MAÇANET SELVA', 17),
(112, 'MIERES', 17),
(113, 'MOLLET PERALADA', 17),
(114, 'MOLLO', 17),
(116, 'MONTAGUT I OIX', 17),
(117, 'MONT-RAS', 17),
(118, 'NAVATA', 17),
(119, 'OGASSA', 17),
(121, 'OLOT', 17),
(122, 'ORDIS', 17),
(123, 'OSOR', 17),
(124, 'PALAFRUGELL', 17),
(125, 'PALAMOS', 17),
(126, 'PALAU DE SANTA EULALIA', 17),
(127, 'PALAU SAVERDERA', 17),
(129, 'PALAU SATOR', 17),
(131, 'PALOL REVARDIT', 17),
(132, 'PALS', 17),
(133, 'PARDINES', 17),
(134, 'PARLAVA', 17),
(136, 'PAU', 17),
(137, 'PEDRET MARZA', 17),
(138, 'LA PERA', 17),
(140, 'PERALADA', 17),
(142, 'LES PLANES D\'HOSTOLES', 17),
(143, 'PLANOLES', 17),
(144, 'PONT DE MOLINS', 17),
(145, 'PONTOS', 17),
(146, 'PORQUERES', 17),
(147, 'PORTBOU', 17),
(148, 'LES PRESES', 17),
(149, 'EL PORT SELVA', 17),
(150, 'PUIGCERDA', 17),
(151, 'QUART', 17),
(152, 'RABOS', 17),
(153, 'REGENCOS', 17),
(154, 'RIBES FRESER', 17),
(155, 'RIELLS I VIABREA', 17),
(156, 'RIPOLL', 17),
(157, 'RIUDARENES', 17),
(158, 'RIUDAURA', 17),
(159, 'RIUDELLOTS SELVA', 17),
(160, 'RIUMORS', 17),
(161, 'ROSES', 17),
(162, 'RUPIA', 17),
(163, 'SALES DE LLIERCA', 17),
(164, 'SALT', 17),
(166, 'SANT ANDREU SALOU', 17),
(167, 'SANT CLIMENT SESCEBES', 17),
(169, 'SANT FELIU DE BUIXALLEU', 17),
(170, 'SANT FELIU DE GUIXOLS', 17),
(171, 'SANT FELIU DE PALLEROLS', 17),
(172, 'SANT FERRIOL', 17),
(173, 'SANT GREGORI', 17),
(174, 'SANT HILARI SACALM', 17),
(175, 'SANT JAUME DE LLIERCA', 17),
(176, 'SANT JORDI DESVALLS', 17),
(177, 'SANT JOAN DE LES ABADESSES', 17),
(178, 'SANT JOAN DE MOLLET', 17),
(179, 'SANT JULIA DE RAMIS', 17),
(222, 'VALLFOGONA RIPOLLES', 17),
(180, 'SANT LLORENC DE LA MUGA', 17),
(181, 'SANT MARTI DE LLEMENA', 17),
(182, 'SANT MARTI VELL', 17),
(183, 'SANT MIQUEL DE CAMPMAJOR', 17),
(184, 'SANT MIQUEL DE FLUVIA', 17),
(185, 'SANT MORI', 17),
(186, 'SANT PAU DE SEGURIES', 17),
(187, 'SANT PERE PESCADOR', 17),
(191, 'SANTA COLOMA DE FARNERS', 17),
(192, 'SANTA CRISTINA D\'ARO', 17),
(194, 'SANTA LLOGAIA D\'ALGUEMA', 17),
(195, 'SANT ANIOL DE FINESTRES', 17),
(196, 'SANTA PAU', 17),
(197, 'SANT JOAN LES FONTS', 17),
(198, 'SARRIA DE TER', 17),
(199, 'SAUS, CAMALLERA I LLAMPAIES', 17),
(200, 'LA SELVA DE MAR', 17),
(201, 'LA CELLERA TER', 17),
(202, 'SERINYA', 17),
(203, 'SERRA DARO', 17),
(204, 'SETCASES', 17),
(205, 'SILS', 17),
(206, 'SUSQUEDA', 17),
(207, 'LA TALLADA EMPORDA', 17),
(209, 'TERRADES', 17),
(210, 'TORRENT', 17),
(211, 'TORROELLA FLUVIA', 17),
(212, 'TORROELLA MONTGRI', 17),
(213, 'TORTELLA', 17),
(214, 'TOSES', 17),
(215, 'TOSSA DE MAR', 17),
(216, 'ULTRAMORT', 17),
(217, 'ULLA', 17),
(218, 'ULLASTRET', 17),
(220, 'URUS', 17),
(17, 'LA VALL D\'EN BAS', 17),
(221, 'LA VALL BIANYA', 17),
(223, 'VALL-LLOBREGA', 17),
(224, 'VENTALLO', 17),
(225, 'VERGES', 17),
(226, 'VIDRA', 17),
(227, 'VIDRERES', 17),
(228, 'VILABERTRAN', 17),
(229, 'VILABLAREIX', 17),
(230, 'VILADASENS', 17),
(231, 'VILADAMAT', 17),
(232, 'VILADEMULS', 17),
(234, 'VILADRAU', 17),
(235, 'VILAFANT', 17),
(236, 'VILAUR', 17),
(237, 'VILAJUÏGA', 17),
(238, 'VILALLONGA TER', 17),
(240, 'VILAMACOLUM', 17),
(241, 'VILAMALLA', 17),
(242, 'VILAMANISCLE', 17),
(243, 'VILANANT', 17),
(245, 'VILA-SACRA', 17),
(247, 'VILOPRIU', 17),
(248, 'VILOBI ONYAR', 17),
(249, 'BIURE', 17),
(64, 'CRUNLLES, MONELLS I SANT SADURNI DE L\'HEURA', 17),
(77, 'FORALLAC', 17),
(251, 'SANT JULIA DEL LLOR I BONMATI', 17),
(1, 'ABELLA DE LA CONCA', 25),
(2, 'AGER', 25),
(3, 'AGRAMUNT', 25),
(4, 'ELS ALAMUS', 25),
(5, 'ALAS I CERC', 25),
(6, 'L\'ALBAGES', 25),
(7, 'ALBATARREC', 25),
(8, 'ALBESA', 25),
(9, 'L\'ALBI', 25),
(10, 'ALCANO', 25),
(11, 'ALCARRAS', 25),
(12, 'ALCOLETGE', 25),
(13, 'ALFARRAS', 25),
(14, 'ALFES', 25),
(15, 'ALGERRI', 25),
(16, 'ALGUAIRE', 25),
(17, 'ALINS', 25),
(19, 'ALMACELLES', 25),
(20, 'ALMATRET', 25),
(21, 'ALMENAR', 25),
(22, 'ALOS DE BALAGUER', 25),
(23, 'ALPICAT', 25),
(299, 'ALT ANEU', 25),
(233, 'NAUT ARAN', 25),
(25, 'ANGLESOLA', 25),
(32, 'ARBECA', 25),
(278, 'EL PONT DE BAR', 25),
(36, 'ARRES', 25),
(39, 'ARSEGUEL', 25),
(40, 'ARTESA DE LLEIDA', 25),
(41, 'ARTESA DE SEGRE', 25),
(43, 'LA SENTIU DE SIO', 25),
(44, 'ASPA', 25),
(45, 'AVELLANES I SANTA LINYA', 25),
(46, 'AITONA', 25),
(126, 'BAIX PALLARS', 25),
(49, 'BALAGUER', 25),
(50, 'BARBENS', 25),
(51, 'LA BARONIA DE RIALB', 25),
(52, 'VALL DE BOI', 25),
(53, 'BASSELLA', 25),
(54, 'BAUSEN', 25),
(55, 'BELIANES', 25),
(56, 'BELLCAIRE D\'URGELL', 25),
(57, 'BELL.LLOC D\'URGELL', 25),
(58, 'BELLMUNT', 25),
(59, 'BELLPUIG', 25),
(60, 'BELLVER DE CERDANYA', 25),
(61, 'BELLVIS', 25),
(63, 'BENAVENT DE SEGRIA', 25),
(67, 'BIOSCA', 25),
(68, 'BOVERA', 25),
(69, 'ES BORDES', 25),
(70, 'LES BORGES BLANQUES', 25),
(71, 'BOSSOST', 25),
(72, 'CABANABONA', 25),
(73, 'CABO', 25),
(74, 'CAMARASA', 25),
(75, 'CANEJAN', 25),
(76, 'CASTELLAR DE LA RIBERA', 25),
(79, 'CASTELLDANS', 25),
(80, 'CASTELLNOU DE SEANA', 25),
(81, 'CASTELLO DE FARFANYA', 25),
(82, 'CASTELLSERA', 25),
(83, 'CAVA', 25),
(84, 'CERVERA', 25),
(85, 'CERVIA DE LES GARRIGUES', 25),
(86, 'CIUTADILLA', 25),
(89, 'CLARIANA DE CARDENER', 25),
(91, 'EL COGUL', 25),
(92, 'COLL DE NARGO', 25),
(94, 'CORBINS', 25),
(95, 'CUBELLS', 25),
(102, 'L\'ESPLUGA CALVA', 25),
(104, 'ESPOT', 25),
(107, 'ESTARAS', 25),
(108, 'ESTERRI D\'ANEU', 25),
(109, 'ESTERRI DE CARDOS', 25),
(110, 'ESTAMARIU', 25),
(111, 'FARRERA', 25),
(117, 'LA FLORESTA', 25),
(118, 'FONDARELLA', 25),
(120, 'FORADADA', 25),
(122, 'LA FULIOLA', 25),
(123, 'FULLEDA', 25),
(241, 'GAVET DE LA CONCA', 25),
(128, 'GOLMES', 25),
(129, 'GOSOL', 25),
(130, 'LA GRANADELLA', 25),
(131, 'LA GRANJA D\'ESCARP', 25),
(132, 'GRANYANELLA', 25),
(133, 'GRANYENA DE SEGARRA', 25),
(134, 'GRANYENA DE GARRIGUES', 25),
(138, 'GUIMERA', 25),
(139, 'GUISSONA', 25),
(140, 'GUIXERS', 25),
(142, 'IVARS DE NOGUERA', 25),
(143, 'IVARS D`URGELL', 25),
(144, 'IVORRA', 25),
(146, 'ISONA I CONCA DELLA', 25),
(149, 'JUNCOSA', 25),
(150, 'JUNEDA', 25),
(900, 'LLEIDA', 25),
(152, 'LES', 25),
(153, 'LINYOLA', 25),
(154, 'LLADORRE', 25),
(155, 'LLADURS', 25),
(157, 'LLARDECANS', 25),
(158, 'LLAVORSI', 25),
(159, 'LLES DE CERDANYA', 25),
(162, 'LLIMIANA', 25),
(163, 'LLOBERA', 25),
(164, 'MALDA', 25),
(166, 'MASSALCOREIG', 25),
(167, 'MASSOTERES', 25),
(168, 'MAIALS', 25),
(169, 'MENARGUENS', 25),
(170, 'MIRALCAMP', 25),
(171, 'LA MOLSOSA', 25),
(172, 'MOLLERUSSA', 25),
(174, 'MONTGAI', 25),
(177, 'MONTELLA I MARTINET', 25),
(28, 'MONTFERRER I CASTELLBO', 25),
(178, 'MONTOLIU DE SEGARRA', 25),
(179, 'MONTOLIU DE LLEIDA', 25),
(180, 'MONTORNES DE SEGARRA', 25),
(183, 'NALEC', 25),
(184, 'NAVES', 25),
(186, 'ODEN', 25),
(187, 'OLIANA', 25),
(188, 'OLIOLA', 25),
(189, 'OLIUS', 25),
(190, 'LES OLUGES', 25),
(191, 'ELS OMELLONS', 25),
(192, 'ELS OMELLS DE NA GAIA', 25),
(194, 'ORGANYA', 25),
(196, 'OS DE BALAGUER', 25),
(197, 'OSSO DE SIO', 25),
(198, 'EL PALAU D\'ANGLESOLA', 25),
(90, 'CONCA DE DALT', 25),
(203, 'LA COMA I LA PEDRA', 25),
(204, 'PENELLES', 25),
(206, 'PERAMOLA', 25),
(207, 'PINELL DE SOLSONES', 25),
(208, 'PINOS', 25),
(210, 'EL POAL', 25),
(211, 'LA POBLA DE CERVOLES', 25),
(212, 'BELLAGUARDA', 25),
(213, 'LA POBLA DE SEGUR', 25),
(215, 'PONTS', 25),
(216, 'EL PONT DE SUERT', 25),
(217, 'LA PORTELLA', 25),
(218, 'PRATS I SANSOR', 25),
(219, 'PREIXANA', 25),
(220, 'PREIXENS', 25),
(222, 'PRULLANS', 25),
(223, 'PUIGGROS', 25),
(224, 'PUIGVERD D\'AGRAMUNT', 25),
(225, 'PUIGVERD DE LLEIDA', 25),
(226, 'RIALP', 25),
(209, 'RIBERA D\'URGELLET', 25),
(228, 'RINER', 25),
(232, 'ROSSELLO', 25),
(234, 'SALAS DE PALLARS', 25),
(235, 'SANAUJA', 25),
(236, 'SANT GUIM DE FREIXENET', 25),
(237, 'SANT LLORENÇ DE MORUNYS', 25),
(238, 'SANT RAMON', 25),
(242, 'SANT ESTEVE DE LA SARGA', 25),
(243, 'SANT GUIM DE LA PLANA', 25),
(249, 'SARROCA DE LLEIDA', 25),
(250, 'SARROCA DE BELLERA', 25),
(251, 'SENTERADA', 25),
(252, 'LA SEU D\'URGELL', 25),
(254, 'SEROS', 25),
(255, 'SIDAMON', 25),
(256, 'EL SOLERAS', 25),
(257, 'SOLSONA', 25),
(259, 'SORIGUERA', 25),
(261, 'SORT', 25),
(262, 'SOSES', 25),
(263, 'SUDANELL', 25),
(264, 'SUNYER', 25),
(268, 'TALARN', 25),
(269, 'TALAVERA', 25),
(272, 'TARREGA', 25),
(273, 'TARRES', 25),
(274, 'TARROJA DE SEGARRA', 25),
(275, 'TERMENS', 25),
(276, 'TIRVIA', 25),
(277, 'TIURANA', 25),
(279, 'TORA', 25),
(281, 'ELS TORMS', 25),
(282, 'TORNABOUS', 25),
(283, 'TORREBESSES', 25),
(284, 'LA TORRE DE CABDELLA', 25),
(285, 'TORREFARRERA', 25),
(287, 'TORREGROSSA', 25),
(288, 'TORRELAMEU', 25),
(289, 'TORRES DE SEGRE', 25),
(290, 'TORRE-SERONA', 25),
(295, 'TREMP', 25),
(300, 'VALLBONA DE LES MONGES', 25),
(26, 'LES VALLS DE VALIRA', 25),
(301, 'VALLFOGONA DE BALAGUER', 25),
(303, 'VERDU', 25),
(304, 'VIELHA E MIJARAN', 25),
(306, 'VILAGRASSA', 25),
(307, 'VILALLER', 25),
(309, 'VILAMOS', 25),
(310, 'VILANOVA DE BELLPUIG', 25),
(311, 'VILANOVA DE L\'AGUDA', 25),
(312, 'VILANOVA DE MEIA', 25),
(313, 'VILANOVA DE SEGRIA', 25),
(314, 'VILA-SANA', 25),
(316, 'EL VILOSELL', 25),
(317, 'VILANOVA DE LA BARCA', 25),
(319, 'VINAIXA', 25),
(227, 'VALL DE CARDOS', 25),
(244, 'SANT MARTI DE RIUCORB', 25),
(148, 'LA GUINGUETA D\'ANEU', 25),
(136, 'CASTELL DE MUR', 25),
(240, 'RIBERA D`ONDARA', 25),
(185, 'LES VALLS D\'AGUILAR', 25),
(286, 'TORREFETA I FLOREJACS', 25),
(112, 'FIGOLS I ALINYA', 25),
(302, 'LA VANSA I FORNOLS', 25),
(147, 'JOSA I TUIXEN', 25),
(31, 'ELS PLANS DE SIO', 25),
(321, 'GIMENELLS I PLA DE LA FONT', 25),
(229, 'RIU DE CERDANYA', 25),
(1, 'AIGUAMURCIA', 43),
(2, 'ALBINYANA', 43),
(3, 'L\'ALBIOL', 43),
(4, 'ALCANAR', 43),
(5, 'ALCOVER', 43),
(6, 'ALDOVER', 43),
(7, 'L\'ALEIXAR', 43),
(8, 'ALFARA DE CARLES', 43),
(9, 'ALFORJA', 43),
(10, 'ALIO', 43),
(11, 'ALMOSTER', 43),
(12, 'ALTAFULLA', 43),
(13, 'L\'AMETLLA DE MAR', 43),
(14, 'AMPOSTA', 43),
(15, 'ARBOLI', 43),
(16, 'L\'ARBOÇ', 43),
(17, 'L\'ARGENTERA', 43),
(18, 'ARNES', 43),
(19, 'ASCO', 43),
(20, 'BANYERES DEL PENEDES', 43),
(21, 'BARBERA DE LA CONCA', 43),
(22, 'BATEA', 43),
(23, 'BELLMUNT DEL PRIORAT', 43),
(24, 'BELLVEI', 43),
(25, 'BENIFALLET', 43),
(26, 'BENISSANET', 43),
(27, 'LA BISBAL DE FALSET', 43),
(28, 'LA BISBAL DEL PENEDES', 43),
(29, 'BLANCAFORT', 43),
(30, 'BONASTRE', 43),
(31, 'LES BORGES DEL CAMP', 43),
(32, 'BOT', 43),
(33, 'BOTARELL', 43),
(34, 'BRAFIM', 43),
(35, 'CABACES', 43),
(36, 'CABRA DEL CAMP', 43),
(37, 'CALAFELL', 43),
(38, 'CAMBRILS', 43),
(40, 'CAPAFONTS', 43),
(41, 'CAPÇANES', 43),
(42, 'CASERES', 43),
(43, 'CASTELLVELL DEL CAMP', 43),
(44, 'EL CATLLAR', 43),
(45, 'LA SENIA', 43),
(46, 'COLLDEJOU', 43),
(47, 'CONESA', 43),
(48, 'CONSTANTI', 43),
(49, 'CORBERA D\'EBRE', 43),
(50, 'CORNUDELLA DE MONTSANT', 43),
(51, 'CREIXELL', 43),
(52, 'CUNIT', 43),
(53, 'XERTA', 43),
(54, 'DUESAIGUES', 43),
(55, 'L\'ESPLUGA  DE  FRANCOLI', 43),
(56, 'FALSET', 43),
(57, 'LA FATARELLA', 43),
(58, 'LA FEBRO', 43),
(59, 'LA FIGUERA', 43),
(60, 'FIGUEROLA DEL CAMP', 43),
(61, 'FLIX', 43),
(62, 'FORES', 43),
(63, 'FREGINALS', 43),
(64, 'LA GALERA', 43),
(65, 'GANDESA', 43),
(66, 'GARCIA', 43),
(67, 'ELS GARIDELLS', 43),
(68, 'GINESTAR', 43),
(69, 'GODALL', 43),
(70, 'GRATALLOPS', 43),
(71, 'ELS GUIAMETS', 43),
(72, 'HORTA DE SANT JOAN', 43),
(73, 'EL LLOAR', 43),
(74, 'LLORAC', 43),
(75, 'LLORENÇ DEL PENEDES', 43),
(76, 'MARGALEF', 43),
(77, 'MARÇA', 43),
(78, 'MAS DE BARBERANS', 43),
(79, 'MASDENVERGE', 43),
(80, 'MASLLORENÇ', 43),
(81, 'LA MASO', 43),
(82, 'MASPUJOLS', 43),
(83, 'EL MASROIG', 43),
(84, 'EL MILA', 43),
(85, 'MIRAVET', 43),
(86, 'EL MOLAR', 43),
(87, 'MONTBLANC', 43),
(89, 'MONTBRIO DEL CAMP', 43),
(90, 'MONTFERRI', 43),
(91, 'EL MONTMELL', 43),
(92, 'MONT-RAL', 43),
(93, 'MONT-ROIG DEL CAMP', 43),
(94, 'MORA D\'EBRE', 43),
(95, 'MORA LA NOVA', 43),
(96, 'EL MORELL', 43),
(97, 'LA MORERA DE MONTSANT', 43),
(99, 'LA NOU DE GAIA', 43),
(100, 'NULLES', 43),
(101, 'LA PALMA D\'EBRE', 43),
(102, 'PALLARESOS ELS', 43),
(103, 'PASSANANT I BELLTALL', 43),
(104, 'PAULS', 43),
(105, 'PERAFORT', 43),
(106, 'EL PERELLO', 43),
(107, 'LES PILES', 43),
(108, 'EL PINELL DE BRAI', 43),
(109, 'PIRA', 43),
(110, 'EL PLA DE SANTA MARIA', 43),
(111, 'LA POBLA DE MAFUMET', 43),
(112, 'LA POBLA DE MASSALUCA', 43),
(113, 'LA POBLA DE MONTORNES', 43),
(114, 'POBOLEDA', 43),
(115, 'EL PONT D\'ARMENTERA', 43),
(116, 'PORRERA', 43),
(117, 'PRADELL DE LA TEIXETA', 43),
(118, 'PRADES', 43),
(119, 'PRAT DE COMTE', 43),
(120, 'PRATDIP', 43),
(121, 'PUIGPELAT', 43),
(122, 'QUEROL', 43),
(123, 'RASQUERA', 43),
(124, 'RENAU', 43),
(125, 'REUS', 43),
(126, 'LA RIBA', 43),
(127, 'RIBA-ROJA D\'EBRE', 43),
(128, 'LA RIERA DE GAIA', 43),
(129, 'RIUDECANYES', 43),
(130, 'RIUDECOLS', 43),
(131, 'RIUDOMS', 43),
(132, 'ROCAFORT DE QUERALT', 43),
(133, 'RODA DE BERA', 43),
(134, 'RODONYA', 43),
(135, 'ROQUETES', 43),
(136, 'EL ROURELL', 43),
(137, 'SALOMO', 43),
(138, 'SANT CARLES DE LA RAPITA', 43),
(139, 'SANT JAUME DELS DOMENYS', 43),
(140, 'SANTA BARBARA', 43),
(141, 'SANTA COLOMA DE QUERALT', 43),
(142, 'SANTA OLIVA', 43),
(143, 'PONTILS', 43),
(144, 'SARRAL', 43),
(145, 'SAVALLA DEL COMTAT', 43),
(146, 'LA SECUITA', 43),
(147, 'LA SELVA DEL CAMP', 43),
(148, 'SENAN', 43),
(149, 'SOLIVELLA', 43),
(900, 'TARRAGONA', 43),
(151, 'TIVENYS', 43),
(152, 'TIVISSA', 43),
(153, 'LA TORRE DE FONTAUBELLA', 43),
(154, 'LA TORRE DE L\'ESPANYOL', 43),
(155, 'TORREDEMBARRA', 43),
(156, 'TORROJA DEL PRIORAT', 43),
(157, 'TORTOSA', 43),
(158, 'ULLDECONA', 43),
(159, 'ULLDEMOLINS', 43),
(160, 'VALLCLARA', 43),
(161, 'VALLFOGONA DE RIUCORB', 43),
(162, 'VALLMOLL', 43),
(163, 'VALLS', 43),
(164, 'VANDELLOS-L\'HOSPITALET DE L\'IN', 43),
(165, 'EL VENDRELL', 43),
(166, 'VESPELLA DE GAIA', 43),
(167, 'VILABELLA', 43),
(168, 'VILALLONGA DEL CAMP', 43),
(169, 'VILANOVA D\'ESCORNALBOU', 43),
(170, 'VILANOVA DE PRADES', 43),
(171, 'VILAPLANA', 43),
(172, 'VILA-RODONA', 43),
(173, 'VILA-SECA', 43),
(174, 'VILAVERD', 43),
(175, 'LA VILELLA ALTA', 43),
(176, 'LA VILELLA BAIXA', 43),
(177, 'VILALBA DELS ARCS', 43),
(178, 'VIMBODI I POBLET', 43),
(179, 'VINEBRE', 43),
(180, 'VINYOLS I ELS ARCS', 43),
(181, 'DELTEBRE', 43),
(182, 'SANT JAUME D\'ENVEJA', 43),
(183, 'CAMARLES', 43),
(184, 'L\'ALDEA', 43),
(185, 'SALOU', 43),
(186, 'L\'AMPOLLA', 43),
(39, 'LA CANONJA', 43),
(1, 'ACEDERA', 6),
(2, 'ACEUCHAL', 6),
(3, 'AHILLONES', 6),
(4, 'ALANGE', 6),
(5, 'LA ALBUERA', 6),
(6, 'ALBURQUERQUE', 6),
(7, 'ALCONCHEL', 6),
(8, 'ALCONERA', 6),
(9, 'ALJUCEN', 6),
(10, 'ALMENDRAL', 6),
(11, 'ALMENDRALEJO', 6),
(12, 'ARROYO DE SAN SERVAN', 6),
(13, 'ATALAYA', 6),
(14, 'AZUAGA', 6),
(900, 'BADAJOZ', 6),
(16, 'BARCARROTA', 6),
(17, 'BATERNO', 6),
(18, 'BENQUERENCIA DE LA SERENA', 6),
(19, 'BERLANGA', 6),
(20, 'BIENVENIDA', 6),
(21, 'BODONAL DE LA SIERRA', 6),
(22, 'BURGUILLOS DEL CERRO', 6),
(23, 'CABEZA DEL BUEY', 6),
(24, 'CABEZA LA VACA', 6),
(25, 'CALAMONTE', 6),
(26, 'CALERA DE LEON', 6),
(27, 'CALZADILLA DE LOS BARROS', 6),
(28, 'CAMPANARIO', 6),
(29, 'CAMPILLO DE LLERENA', 6),
(30, 'CAPILLA', 6),
(31, 'CARMONITA', 6),
(32, 'EL CARRASCALEJO', 6),
(33, 'CASAS DE DON PEDRO', 6),
(34, 'CASAS DE REINA', 6),
(35, 'CASTILBLANCO', 6),
(36, 'CASTUERA', 6),
(37, 'LA CODOSERA', 6),
(38, 'CORDOBILLA DE LACARA', 6),
(39, 'LA CORONADA', 6),
(40, 'CORTE DE PELEAS', 6),
(41, 'CRISTINA', 6),
(42, 'CHELES', 6),
(43, 'DON ALVARO', 6),
(44, 'DON BENITO', 6),
(45, 'ENTRIN BAJO', 6),
(46, 'ESPARRAGALEJO', 6),
(47, 'ESPARRAGOSA DE LA SERENA', 6),
(48, 'ESPARRAGOSA DE LARES', 6),
(49, 'FERIA', 6),
(50, 'FREGENAL DE LA SIERRA', 6),
(51, 'FUENLABRADA DE LOS MONTES', 6),
(52, 'FUENTE DE CANTOS', 6),
(53, 'FUENTE DEL ARCO', 6),
(54, 'FUENTE DEL MAESTRE', 6),
(55, 'FUENTES DE LEON', 6),
(56, 'GARBAYUELA', 6),
(57, 'GARLITOS', 6),
(58, 'LA GARROVILLA', 6),
(59, 'GRANJA DE TORREHERMOSA', 6),
(60, 'GUAREÑA', 6),
(61, 'LA HABA', 6),
(62, 'HELECHOSA', 6),
(63, 'HERRERA DEL DUQUE', 6),
(64, 'HIGUERA DE LA SERENA', 6),
(65, 'HIGUERA DE LLERENA', 6),
(66, 'HIGUERA DE VARGAS', 6),
(67, 'HIGUERA LA REAL', 6),
(68, 'HINOJOSA DEL VALLE', 6),
(69, 'HORNACHOS', 6);
INSERT INTO `municipios` (`id`, `nombre`, `id_provincia`) VALUES
(70, 'JEREZ DE LOS CABALLEROS', 6),
(71, 'LA LAPA', 6),
(72, 'LOBON', 6),
(73, 'LLERA', 6),
(74, 'LLERENA', 6),
(75, 'MAGACELA', 6),
(76, 'MAGUILLA', 6),
(77, 'MALCOCINADO', 6),
(78, 'MALPARTIDA DE LA SERENA', 6),
(79, 'MANCHITA', 6),
(80, 'MEDELLIN', 6),
(81, 'MEDINA DE LAS TORRES', 6),
(82, 'MENGABRIL', 6),
(83, 'MERIDA', 6),
(84, 'MIRANDILLA', 6),
(85, 'MONESTERIO', 6),
(86, 'MONTEMOLIN', 6),
(87, 'MONTERRUBIO DE LA SERENA', 6),
(88, 'MONTIJO', 6),
(89, 'LA MORERA', 6),
(90, 'LA NAVA DE SANTIAGO', 6),
(91, 'NAVALVILLAR DE PELA', 6),
(92, 'NOGALES', 6),
(93, 'OLIVA DE LA FRONTERA', 6),
(94, 'OLIVA DE MERIDA', 6),
(95, 'OLIVENZA', 6),
(96, 'ORELLANA DE LA SIERRA', 6),
(97, 'ORELLANA LA VIEJA', 6),
(98, 'PALOMAS', 6),
(99, 'LA PARRA', 6),
(100, 'PEÑALSORDO', 6),
(101, 'PERALEDA DEL ZAUCEJO', 6),
(102, 'PUEBLA DE ALCOCER', 6),
(103, 'PUEBLA DE LA CALZADA', 6),
(104, 'PUEBLA DE LA REINA', 6),
(105, 'PUEBLA DEL MAESTRE', 6),
(106, 'PUEBLA DEL PRIOR', 6),
(107, 'PUEBLA DE OBANDO', 6),
(108, 'PUEBLA DE SANCHO PEREZ', 6),
(109, 'QUINTANA DE LA SERENA', 6),
(110, 'REINA', 6),
(111, 'RENA', 6),
(112, 'RETAMAL', 6),
(113, 'RIBERA DEL FRESNO', 6),
(114, 'RISCO', 6),
(115, 'LA ROCA DE LA SIERRA', 6),
(116, 'SALVALEON', 6),
(117, 'SALVATIERRA DE LOS BARROS', 6),
(118, 'SANCTI-SPIRITUS', 6),
(119, 'SAN PEDRO DE MERIDA', 6),
(120, 'SANTA AMALIA', 6),
(121, 'SANTA MARTA', 6),
(122, 'LOS SANTOS DE MAIMONA', 6),
(123, 'SAN VICENTE DE ALCANTARA', 6),
(124, 'SEGURA DE LEON', 6),
(125, 'SIRUELA', 6),
(126, 'SOLANA DE LOS BARROS', 6),
(127, 'TALARRUBIAS', 6),
(128, 'TALAVERA LA REAL', 6),
(129, 'TALIGA', 6),
(130, 'TAMUREJO', 6),
(131, 'TORRE DE MIGUEL SESMERO', 6),
(132, 'TORREMAYOR', 6),
(133, 'TORREMEGIA', 6),
(134, 'TRASIERRA', 6),
(135, 'TRUJILLANOS', 6),
(136, 'USAGRE', 6),
(137, 'VALDECABALLEROS', 6),
(138, 'VALDETORRES', 6),
(139, 'VALENCIA DE LAS TORRES', 6),
(140, 'VALENCIA DE MOMBUEY', 6),
(141, 'VALENCIA DEL VENTOSO', 6),
(142, 'VALVERDE DE BURGUILLOS', 6),
(143, 'VALVERDE DE LEGANES', 6),
(144, 'VALVERDE DE LLERENA', 6),
(145, 'VALVERDE DE MERIDA', 6),
(146, 'VALLE DE LA SERENA', 6),
(147, 'VALLE DE MATAMOROS', 6),
(148, 'VALLE DE SANTA ANA', 6),
(149, 'VILLAFRANCA DE LOS BARROS', 6),
(150, 'VILLAGARCIA DE LA TORRE', 6),
(151, 'VILLAGONZALO', 6),
(152, 'VILLALBA DE LOS BARROS', 6),
(153, 'VILLANUEVA DE LA SERENA', 6),
(154, 'VILLANUEVA DEL FRESNO', 6),
(155, 'VILLAR DEL REY', 6),
(156, 'VILLAR DE RENA', 6),
(157, 'VILLARTA DE LOS MONTES', 6),
(158, 'ZAFRA', 6),
(159, 'ZAHINOS', 6),
(160, 'ZALAMEA DE LA SERENA', 6),
(161, 'ZARZA-CAPILLA', 6),
(162, 'LA ZARZA', 6),
(169, 'VALDELACALZADA', 6),
(167, 'PUEBLONUEVO', 6),
(165, 'GUADIANA DEL CAUDILLO', 6),
(1, 'ABADIA', 10),
(2, 'ABERTURA', 10),
(3, 'ACEBO', 10),
(4, 'ACEHUCHE', 10),
(5, 'ACEITUNA', 10),
(6, 'AHIGAL', 10),
(7, 'ALBALA', 10),
(8, 'ALCANTARA', 10),
(9, 'ALCOLLARIN', 10),
(10, 'ALCUESCAR', 10),
(11, 'ALDEACENTENERA', 10),
(12, 'ALDEA CANO', 10),
(13, 'LA ALDEA DEL OBISPO', 10),
(14, 'ALDEANUEVA DE LA VERA', 10),
(15, 'ALDEANUEVA DEL CAMINO', 10),
(16, 'ALDEHUELA DEL JERTE', 10),
(17, 'ALIA', 10),
(18, 'ALISEDA', 10),
(19, 'ALMARAZ', 10),
(20, 'ALMOHARIN', 10),
(22, 'ARROYO DE LA LUZ', 10),
(23, 'ARROYOMOLINOS DE LA VERA', 10),
(24, 'ARROYOMOLINOS', 10),
(25, 'BAÑOS DE MONTEMAYOR', 10),
(26, 'BARRADO', 10),
(27, 'BELVIS DE MONROY', 10),
(28, 'BENQUERENCIA', 10),
(29, 'BERROCALEJO', 10),
(30, 'BERZOCANA', 10),
(31, 'BOHONAL DE IBOR', 10),
(32, 'BOTIJA', 10),
(33, 'BROZAS', 10),
(34, 'CABAÑAS DEL CASTILLO', 10),
(35, 'CABEZABELLOSA', 10),
(36, 'CABEZUELA DEL VALLE', 10),
(37, 'CABRERO', 10),
(900, 'CACERES', 10),
(39, 'CACHORRILLA', 10),
(40, 'CADALSO', 10),
(41, 'CALZADILLA', 10),
(42, 'CAMINOMORISCO', 10),
(43, 'CAMPILLO DE DELEITOSA', 10),
(44, 'CAMPO LUGAR', 10),
(45, 'CAÑAMERO', 10),
(46, 'CAÑAVERAL', 10),
(47, 'CARBAJO', 10),
(48, 'CARCABOSO', 10),
(49, 'CARRASCALEJO', 10),
(50, 'CASAR DE CACERES', 10),
(51, 'CASAR DE PALOMERO', 10),
(52, 'CASARES DE LAS HURDES', 10),
(53, 'CASAS DE DON ANTONIO', 10),
(54, 'CASAS DE DON GOMEZ', 10),
(55, 'CASAS DEL CASTAÑAR', 10),
(56, 'CASAS DEL MONTE', 10),
(57, 'CASAS DE MILLAN', 10),
(58, 'CASAS DE MIRAVETE', 10),
(59, 'CASATEJADA', 10),
(60, 'CASILLAS DE CORIA', 10),
(61, 'CASTAÑAR DE IBOR', 10),
(62, 'CECLAVIN', 10),
(63, 'CEDILLO', 10),
(64, 'CEREZO', 10),
(65, 'CILLEROS', 10),
(66, 'COLLADO DE LA VERA', 10),
(67, 'CONQUISTA DE LA SIERRA', 10),
(68, 'CORIA', 10),
(69, 'CUACOS DE YUSTE', 10),
(70, 'LA CUMBRE', 10),
(71, 'DELEITOSA', 10),
(72, 'DESCARGAMARIA', 10),
(73, 'ELJAS', 10),
(74, 'ESCURIAL', 10),
(76, 'FRESNEDOSO DE IBOR', 10),
(77, 'GALISTEO', 10),
(78, 'GARCIAZ', 10),
(79, 'LA GARGANTA', 10),
(80, 'GARGANTA LA OLLA', 10),
(81, 'GARGANTILLA', 10),
(82, 'GARGUERA', 10),
(83, 'GARROVILLAS DE ALCONETAR', 10),
(84, 'GARVIN', 10),
(85, 'GATA', 10),
(86, 'EL GORDO', 10),
(88, 'LA GRANJA', 10),
(90, 'GUADALUPE', 10),
(91, 'GUIJO DE CORIA', 10),
(92, 'GUIJO DE GALISTEO', 10),
(93, 'GUIJO DE GRANADILLA', 10),
(94, 'GUIJO DE SANTA BARBARA', 10),
(95, 'HERGUIJUELA', 10),
(96, 'HERNAN-PEREZ', 10),
(97, 'HERRERA DE ALCANTARA', 10),
(98, 'HERRERUELA', 10),
(99, 'HERVAS', 10),
(100, 'HIGUERA', 10),
(101, 'HINOJAL', 10),
(102, 'HOLGUERA', 10),
(103, 'HOYOS', 10),
(104, 'HUELAGA', 10),
(105, 'IBAHERNANDO', 10),
(106, 'JARAICEJO', 10),
(107, 'JARAIZ DE LA VERA', 10),
(108, 'JARANDILLA DE LA VERA', 10),
(109, 'JARILLA', 10),
(110, 'JERTE', 10),
(111, 'LADRILLAR', 10),
(112, 'LOGROSAN', 10),
(113, 'LOSAR DE LA VERA', 10),
(114, 'MADRIGAL DE LA VERA', 10),
(115, 'MADRIGALEJO', 10),
(116, 'MADROÑERA', 10),
(117, 'MAJADAS', 10),
(118, 'MALPARTIDA DE CACERES', 10),
(119, 'MALPARTIDA DE PLASENCIA', 10),
(120, 'MARCHAGAZ', 10),
(121, 'MATA DE ALCANTARA', 10),
(122, 'MEMBRIO', 10),
(123, 'MESAS DE IBOR', 10),
(124, 'MIAJADAS', 10),
(125, 'MILLANES', 10),
(126, 'MIRABEL', 10),
(127, 'MOHEDAS DE GRANADILLA', 10),
(128, 'MONROY', 10),
(129, 'MONTANCHEZ', 10),
(130, 'MONTEHERMOSO', 10),
(131, 'MORALEJA', 10),
(132, 'MORCILLO', 10),
(133, 'NAVACONCEJO', 10),
(134, 'NAVALMORAL DE LA MATA', 10),
(135, 'NAVALVILLAR DE IBOR', 10),
(136, 'NAVAS DEL MADROÑO', 10),
(137, 'NAVEZUELAS', 10),
(138, 'NUÑOMORAL', 10),
(139, 'OLIVA DE PLASENCIA', 10),
(140, 'PALOMERO', 10),
(141, 'PASARON DE LA VERA', 10),
(142, 'PEDROSO DE ACIM', 10),
(143, 'PERALEDA DE LA MATA', 10),
(144, 'PERALEDA DE SAN ROMAN', 10),
(145, 'PERALES DEL PUERTO', 10),
(146, 'PESCUEZA', 10),
(147, 'LA PESGA', 10),
(148, 'PIEDRAS ALBAS', 10),
(149, 'PINOFRANQUEADO', 10),
(150, 'PIORNAL', 10),
(151, 'PLASENCIA', 10),
(152, 'PLASENZUELA', 10),
(153, 'PORTAJE', 10),
(154, 'PORTEZUELO', 10),
(155, 'POZUELO DE ZARZON', 10),
(156, 'PUERTO DE SANTA CRUZ', 10),
(157, 'REBOLLAR', 10),
(158, 'RIOLOBOS', 10),
(159, 'ROBLEDILLO DE GATA', 10),
(160, 'ROBLEDILLO DE LA VERA', 10),
(161, 'ROBLEDILLO DE TRUJILLO', 10),
(162, 'ROBLEDOLLANO', 10),
(163, 'ROMANGORDO', 10),
(164, 'RUANES', 10),
(165, 'SALORINO', 10),
(166, 'SALVATIERRA DE SANTIAGO', 10),
(167, 'SAN MARTIN DE TREVEJO', 10),
(168, 'SANTA ANA', 10),
(169, 'SANTA CRUZ DE LA SIERRA', 10),
(170, 'SANTA CRUZ DE PANIAGUA', 10),
(171, 'SANTA MARTA DE MAGASCA', 10),
(172, 'SANTIAGO DE ALCANTARA', 10),
(173, 'SANTIAGO DEL CAMPO', 10),
(174, 'SANTIBAÑEZ EL ALTO', 10),
(175, 'SANTIBAÑEZ EL BAJO', 10),
(176, 'SAUCEDILLA', 10),
(177, 'SEGURA DE TORO', 10),
(178, 'SERRADILLA', 10),
(179, 'SERREJON', 10),
(180, 'SIERRA DE FUENTES', 10),
(181, 'TALAVAN', 10),
(183, 'TALAVERUELA DE LA VERA', 10),
(184, 'TALAYUELA', 10),
(185, 'TEJEDA DE TIETAR', 10),
(186, 'TORIL', 10),
(187, 'TORNAVACAS', 10),
(188, 'EL TORNO', 10),
(189, 'TORRECILLA DE LOS ANGELES', 10),
(190, 'TORRECILLAS DE LA TIESA', 10),
(191, 'TORRE DE DON MIGUEL', 10),
(192, 'TORRE DE SANTA MARIA', 10),
(193, 'TORREJONCILLO', 10),
(194, 'TORREJON EL RUBIO', 10),
(195, 'TORREMENGA', 10),
(196, 'TORREMOCHA', 10),
(197, 'TORREORGAZ', 10),
(198, 'TORREQUEMADA', 10),
(199, 'TRUJILLO', 10),
(200, 'VALDASTILLAS', 10),
(201, 'VALDECAÑAS DE TAJO', 10),
(202, 'VALDEFUENTES', 10),
(203, 'VALDEHUNCAR', 10),
(204, 'VALDELACASA DE TAJO', 10),
(205, 'VALDEMORALES', 10),
(206, 'VALDEOBISPO', 10),
(207, 'VALENCIA DE ALCANTARA', 10),
(208, 'VALVERDE DE LA VERA', 10),
(209, 'VALVERDE DEL FRESNO', 10),
(210, 'VIANDAR DE LA VERA', 10),
(211, 'VILLA DEL CAMPO', 10),
(212, 'VILLA DEL REY', 10),
(213, 'VILLAMESIAS', 10),
(214, 'VILLAMIEL', 10),
(215, 'VILLANUEVA DE LA SIERRA', 10),
(216, 'VILLANUEVA DE LA VERA', 10),
(217, 'VILLAR DEL PEDROSO', 10),
(218, 'VILLAR DE PLASENCIA', 10),
(219, 'VILLASBUENAS DE GATA', 10),
(220, 'ZARZA DE GRANADILLA', 10),
(221, 'ZARZA DE MONTANCHEZ', 10),
(222, 'ZARZA LA MAYOR', 10),
(223, 'ZORITA', 10),
(224, 'ALAGON DEL RIO', 10),
(225, 'VEGAVIANA', 10),
(901, 'ROSALEJO', 10),
(226, 'TIETAR', 10),
(227, 'PUEBLONUEVO DE MIRAMONTES', 10),
(1, 'ABEGONDO', 15),
(2, 'AMES', 15),
(3, 'ARANGA', 15),
(4, 'ARES', 15),
(5, 'ARTEIXO', 15),
(6, 'ARZUA', 15),
(7, 'A BAÑA', 15),
(8, 'BERGONDO', 15),
(9, 'BETANZOS', 15),
(10, 'BOIMORTO', 15),
(11, 'BOIRO', 15),
(12, 'BOQUEIXON', 15),
(13, 'BRION', 15),
(14, 'CABANA DE BERGANTIÑOS', 15),
(15, 'CABANAS', 15),
(16, 'CAMARIÑAS', 15),
(17, 'CAMBRE', 15),
(18, 'A CAPELA', 15),
(19, 'CARBALLO', 15),
(20, 'CARNOTA', 15),
(21, 'CARRAL', 15),
(22, 'CEDEIRA', 15),
(23, 'CEE', 15),
(24, 'CERCEDA', 15),
(25, 'CERDIDO', 15),
(26, 'CESURAS', 15),
(27, 'COIROS', 15),
(28, 'CORCUBION', 15),
(29, 'CORISTANCO', 15),
(900, 'A CORUÑA', 15),
(31, 'CULLEREDO', 15),
(32, 'CURTIS', 15),
(33, 'DODRO', 15),
(34, 'DUMBRIA', 15),
(36, 'FENE', 15),
(37, 'FERROL', 15),
(38, 'FISTERRA', 15),
(39, 'FRADES', 15),
(40, 'IRIXOA', 15),
(41, 'LAXE', 15),
(42, 'A LARACHA', 15),
(43, 'LOUSAME', 15),
(44, 'MALPICA DE BERGANTIÑOS', 15),
(45, 'MAÑON', 15),
(46, 'MAZARICOS', 15),
(47, 'MELIDE', 15),
(48, 'MESIA', 15),
(49, 'MIÑO', 15),
(50, 'MOECHE', 15),
(51, 'MONFERO', 15),
(52, 'MUGARDOS', 15),
(53, 'MUXIA', 15),
(54, 'MUROS', 15),
(55, 'NARON', 15),
(56, 'NEDA', 15),
(57, 'NEGREIRA', 15),
(58, 'NOIA', 15),
(59, 'OLEIROS', 15),
(60, 'ORDES', 15),
(61, 'OROSO', 15),
(62, 'ORTIGUEIRA', 15),
(63, 'OUTES', 15),
(64, 'OZA DOS RIOS', 15),
(65, 'PADERNE', 15),
(66, 'PADRON', 15),
(67, 'O PINO', 15),
(68, 'A POBRA DO CARAMIÑAL', 15),
(69, 'PONTECESO', 15),
(70, 'PONTEDEUME', 15),
(71, 'PONTES GARCIA RODRIGUEZ AS', 15),
(72, 'PORTO DO SON', 15),
(73, 'RIANXO', 15),
(74, 'RIBEIRA', 15),
(75, 'ROIS', 15),
(76, 'SADA', 15),
(77, 'SAN SADURNIÑO', 15),
(78, 'SANTA COMBA', 15),
(79, 'SANTIAGO DE COMPOSTELA', 15),
(80, 'SANTISO', 15),
(81, 'SOBRADO', 15),
(82, 'AS SOMOZAS', 15),
(83, 'TEO', 15),
(84, 'TOQUES', 15),
(85, 'TORDOIA', 15),
(86, 'TOURO', 15),
(87, 'TRAZO', 15),
(88, 'VALDOVIÑO', 15),
(89, 'VAL DO DUBRA', 15),
(90, 'VEDRA', 15),
(91, 'VILASANTAR', 15),
(92, 'VILARMAIOR', 15),
(93, 'VIMIANZO', 15),
(94, 'ZAS', 15),
(95, 'CARIÑO', 15),
(1, 'ABADIN', 27),
(2, 'ALFOZ', 27),
(3, 'ANTAS DE ULLA', 27),
(4, 'BALEIRA', 27),
(5, 'BARREIROS', 27),
(6, 'BECERREA', 27),
(7, 'BEGONTE', 27),
(8, 'BOVEDA', 27),
(9, 'CARBALLEDO', 27),
(10, 'CASTRO DE REI', 27),
(11, 'CASTROVERDE', 27),
(12, 'CERVANTES', 27),
(13, 'CERVO', 27),
(14, 'O CORGO', 27),
(15, 'COSPEITO', 27),
(16, 'CHANTADA', 27),
(17, 'FOLGOSO DO COUREL', 27),
(18, 'A FONSAGRADA', 27),
(19, 'FOZ', 27),
(20, 'FRIOL', 27),
(21, 'XERMADE', 27),
(22, 'GUITIRIZ', 27),
(23, 'GUNTIN', 27),
(24, 'O INCIO', 27),
(25, 'XOVE', 27),
(26, 'LANCARA', 27),
(27, 'LOURENZA', 27),
(900, 'LUGO', 27),
(29, 'MEIRA', 27),
(30, 'MONDOÑEDO', 27),
(31, 'MONFORTE DE LEMOS', 27),
(32, 'MONTERROSO', 27),
(33, 'MURAS', 27),
(34, 'NAVIA DE SUARNA', 27),
(35, 'NEGUEIRA DE MUÑIZ', 27),
(37, 'AS NOGAIS', 27),
(38, 'OUROL', 27),
(39, 'OUTEIRO DE REI', 27),
(40, 'PALAS DE REI', 27),
(41, 'PANTON', 27),
(42, 'PARADELA', 27),
(43, 'O PARAMO', 27),
(44, 'A PASTORIZA', 27),
(45, 'PEDRAFITA DO CEBREIRO', 27),
(46, 'POL', 27),
(47, 'A POBRA DO BROLLON', 27),
(48, 'A PONTENOVA', 27),
(49, 'PORTOMARIN', 27),
(50, 'QUIROGA', 27),
(51, 'RIBADEO', 27),
(52, 'RIBAS DE SIL', 27),
(53, 'RIBEIRA DE PIQUIN', 27),
(54, 'RIOTORTO', 27),
(55, 'SAMOS', 27),
(56, 'RABADE', 27),
(57, 'SARRIA', 27),
(58, 'O SAVIÑAO', 27),
(59, 'SOBER', 27),
(60, 'TABOADA', 27),
(61, 'TRABADA', 27),
(62, 'TRIACASTELA', 27),
(63, 'O VALADOURO', 27),
(64, 'O VICEDO', 27),
(65, 'VILALBA', 27),
(67, 'VIVEIRO', 27),
(36, 'BARALLA', 27),
(68, 'BURELA', 27),
(2, 'ALLARIZ', 32),
(3, 'AMOEIRO', 32),
(4, 'A ARNOIA', 32),
(5, 'AVION', 32),
(6, 'BALTAR', 32),
(7, 'BANDE', 32),
(8, 'BAÑOS DE MOLGAS', 32),
(9, 'BARBADAS', 32),
(10, 'O BARCO DE VALDEORRAS', 32),
(11, 'BEADE', 32),
(12, 'BEARIZ', 32),
(13, 'OS BLANCOS', 32),
(14, 'BOBORAS', 32),
(15, 'A BOLA', 32),
(16, 'O BOLO', 32),
(17, 'CALVOS DE RANDIN', 32),
(18, 'CARBALLEDA', 32),
(19, 'CARBALLEDA DE AVIA', 32),
(20, 'O CARBALLIÑO', 32),
(21, 'CARTELLE', 32),
(22, 'CASTRELO DO VAL', 32),
(23, 'CASTRELO DE MIÑO', 32),
(24, 'CASTRO CALDELAS', 32),
(25, 'CELANOVA', 32),
(26, 'CENLLE', 32),
(27, 'COLES', 32),
(28, 'CORTEGADA', 32),
(29, 'CUALEDRO', 32),
(30, 'CHANDREXA DE QUEIXA', 32),
(31, 'ENTRIMO', 32),
(32, 'ESGOS', 32),
(33, 'XINZO DE LIMIA', 32),
(34, 'GOMESENDE', 32),
(35, 'A GUDIÑA', 32),
(36, 'O IRIXO', 32),
(37, 'XUNQUEIRA DE AMBIA', 32),
(38, 'XUNQUEIRA DE ESPADANEDO', 32),
(39, 'LAROUCO', 32),
(40, 'LAZA', 32),
(41, 'LEIRO', 32),
(42, 'LOBEIRA', 32),
(43, 'LOBIOS', 32),
(44, 'MACEDA', 32),
(45, 'MANZANEDA', 32),
(46, 'MASIDE', 32),
(47, 'MELON', 32),
(48, 'A MERCA', 32),
(49, 'A MEZQUITA', 32),
(50, 'MONTEDERRAMO', 32),
(51, 'MONTERREI', 32),
(52, 'MUIÑOS', 32),
(53, 'NOGUEIRA DE RAMUIN', 32),
(54, 'OIMBRA', 32),
(900, 'OURENSE', 32),
(56, 'PADERNE DE ALLARIZ', 32),
(57, 'PADRENDA', 32),
(58, 'PARADA DE SIL', 32),
(59, 'O PEREIRO DE AGUIAR', 32),
(60, 'A PEROXA', 32),
(61, 'PETIN', 32),
(62, 'PIÑOR', 32),
(63, 'PORQUEIRA', 32),
(64, 'A POBRA DE TRIVES', 32),
(65, 'PONTEDEVA', 32),
(66, 'PUNXIN', 32),
(67, 'QUINTELA DE LEIRADO', 32),
(68, 'RAIRIZ DE VEIGA', 32),
(69, 'RAMIRAS', 32),
(70, 'RIBADAVIA', 32),
(71, 'SAN XOAN DE RIO', 32),
(72, 'RIOS', 32),
(73, 'A RUA', 32),
(74, 'RUBIA', 32),
(75, 'SAN AMARO', 32),
(76, 'SAN CIBRAO DAS VIÑAS', 32),
(77, 'SAN CRISTOVO DE CEA', 32),
(78, 'SANDIAS', 32),
(79, 'SARREAUS', 32),
(80, 'TABOADELA', 32),
(81, 'A TEIXEIRA', 32),
(82, 'TOEN', 32),
(83, 'TRASMIRAS', 32),
(84, 'A VEIGA', 32),
(85, 'VEREA', 32),
(86, 'VERIN', 32),
(87, 'VIANA DO BOLO', 32),
(88, 'VILAMARIN', 32),
(89, 'VILAMARTIN DE VALDEORRAS', 32),
(90, 'VILAR DE BARRIO', 32),
(91, 'VILAR DE SANTOS', 32),
(92, 'VILARDEVOS', 32),
(93, 'VILARIÑO DE CONSO', 32),
(1, 'ARBO', 36),
(2, 'BARRO', 36),
(3, 'BAIONA', 36),
(4, 'BUEU', 36),
(5, 'CALDAS DE REIS', 36),
(6, 'CAMBADOS', 36),
(7, 'CAMPO LAMEIRO', 36),
(8, 'CANGAS', 36),
(9, 'A CAÑIZA', 36),
(10, 'CATOIRA', 36),
(11, 'CERDEDO', 36),
(12, 'COTOBADE', 36),
(13, 'O COVELO', 36),
(14, 'CRECENTE', 36),
(15, 'CUNTIS', 36),
(16, 'DOZON', 36),
(17, 'A ESTRADA', 36),
(18, 'FORCAREI', 36),
(19, 'FORNELOS DE MONTES', 36),
(20, 'AGOLADA', 36),
(21, 'GONDOMAR', 36),
(22, 'O GROVE', 36),
(23, 'A GUARDA', 36),
(24, 'LALIN', 36),
(25, 'A LAMA', 36),
(26, 'MARIN', 36),
(27, 'MEAÑO', 36),
(28, 'MEIS', 36),
(29, 'MOAÑA', 36),
(30, 'MONDARIZ', 36),
(31, 'MONDARIZ-BALNEARIO', 36),
(32, 'MORAÑA', 36),
(33, 'MOS', 36),
(34, 'AS NEVES', 36),
(35, 'NIGRAN', 36),
(36, 'OIA', 36),
(37, 'PAZOS DE BORBEN', 36),
(900, 'PONTEVEDRA', 36),
(39, 'O PORRIÑO', 36),
(40, 'PORTAS', 36),
(41, 'POIO', 36),
(42, 'PONTEAREAS', 36),
(43, 'PONTE-CALDELAS', 36),
(44, 'PONTECESURES', 36),
(45, 'REDONDELA', 36),
(46, 'RIBADUMIA', 36),
(47, 'RODEIRO', 36),
(48, 'O ROSAL', 36),
(49, 'SALCEDA DE CASELAS', 36),
(50, 'SALVATERRA DE MIÑO', 36),
(51, 'SANXENXO', 36),
(52, 'SILLEDA', 36),
(53, 'SOUTOMAIOR', 36),
(54, 'TOMIÑO', 36),
(55, 'TUI', 36),
(56, 'VALGA', 36),
(57, 'VIGO', 36),
(58, 'VILABOA', 36),
(59, 'VILA DE CRUCES', 36),
(60, 'VILAGARCIA DE AROUSA', 36),
(61, 'VILANOVA DE AROUSA', 36),
(62, 'ILLA DE AROUSA', 36),
(1, 'LA ACEBEDA', 28),
(2, 'AJALVIR', 28),
(3, 'ALAMEDA DEL VALLE', 28),
(4, 'EL ALAMO', 28),
(5, 'ALCALA DE HENARES', 28),
(6, 'ALCOBENDAS', 28),
(7, 'ALCORCON', 28),
(8, 'ALDEA DEL FRESNO', 28),
(9, 'ALGETE', 28),
(10, 'ALPEDRETE', 28),
(11, 'AMBITE', 28),
(12, 'ANCHUELO', 28),
(13, 'ARANJUEZ', 28),
(14, 'ARGANDA DEL REY', 28),
(15, 'ARROYOMOLINOS', 28),
(16, 'EL ATAZAR', 28),
(17, 'BATRES', 28),
(18, 'BECERRIL DE LA SIERRA', 28),
(19, 'BELMONTE DE TAJO', 28),
(21, 'BERZOSA DE LOZOYA', 28),
(20, 'EL BERRUECO', 28),
(22, 'BOADILLA DEL MONTE', 28),
(23, 'EL BOALO', 28),
(24, 'BRAOJOS', 28),
(25, 'BREA DE TAJO', 28),
(26, 'BRUNETE', 28),
(27, 'BUITRAGO DEL LOZOYA', 28),
(28, 'BUSTARVIEJO', 28),
(29, 'CABANILLAS DE LA SIERRA', 28),
(30, 'LA CABRERA', 28),
(31, 'CADALSO DE LOS VIDRIOS', 28),
(32, 'CAMARMA DE ESTERUELAS', 28),
(33, 'CAMPO REAL', 28),
(34, 'CANENCIA', 28),
(35, 'CARABAÑA', 28),
(36, 'CASARRUBUELOS', 28),
(37, 'CENICIENTOS', 28),
(38, 'CERCEDILLA', 28),
(39, 'CERVERA DE BUITRAGO', 28),
(40, 'CIEMPOZUELOS', 28),
(41, 'COBEÑA', 28),
(42, 'COLMENAR DEL ARROYO', 28),
(43, 'COLMENAR DE OREJA', 28),
(44, 'COLMENAREJO', 28),
(45, 'COLMENAR VIEJO', 28),
(46, 'COLLADO-MEDIANO', 28),
(47, 'COLLADO VILLALBA', 28),
(48, 'CORPA', 28),
(49, 'COSLADA', 28),
(50, 'CUBAS DE LA SAGRA', 28),
(51, 'CHAPINERIA', 28),
(52, 'CHINCHON', 28),
(53, 'DAGANZO DE ARRIBA', 28),
(54, 'EL ESCORIAL', 28),
(55, 'ESTREMERA', 28),
(56, 'FRESNEDILLAS', 28),
(57, 'FRESNO DE TOROTE', 28),
(58, 'FUENLABRADA', 28),
(59, 'FUENTE EL SAZ DE JARAMA', 28),
(60, 'FUENTIDUEÑA DE TAJO', 28),
(61, 'GALAPAGAR', 28),
(62, 'GARGANTA DE LOS MONTES', 28),
(63, 'GARGANTILLA DE LOZOYA', 28),
(64, 'GASCONES', 28),
(65, 'GETAFE', 28),
(66, 'GRIÑON', 28),
(67, 'GUADALIX DE LA SIERRA', 28),
(68, 'GUADARRAMA', 28),
(69, 'LA HIRUELA', 28),
(70, 'HORCAJO DE LA SIERRA-AOSLOS', 28),
(71, 'HORCAJUELO DE LA SIERRA', 28),
(72, 'HOYO DE MANZANARES', 28),
(73, 'HUMANES DE MADRID', 28),
(74, 'LEGANES', 28),
(75, 'LOECHES', 28),
(76, 'LOZOYA', 28),
(78, 'MADARCOS', 28),
(900, 'MADRID', 28),
(80, 'MAJADAHONDA', 28),
(82, 'MANZANARES EL REAL', 28),
(83, 'MECO', 28),
(84, 'MEJORADA DEL CAMPO', 28),
(85, 'MIRAFLORES DE LA SIERRA', 28),
(86, 'EL MOLAR', 28),
(87, 'LOS MOLINOS', 28),
(88, 'MONTEJO DE LA SIERRA', 28),
(89, 'MORALEJA DE ENMEDIO', 28),
(90, 'MORALZARZAL', 28),
(91, 'MORATA DE TAJUÑA', 28),
(92, 'MOSTOLES', 28),
(93, 'NAVACERRADA', 28),
(94, 'NAVALAFUENTE', 28),
(95, 'NAVALAGAMELLA', 28),
(96, 'NAVALCARNERO', 28),
(97, 'NAVARREDONDA Y SAN MAMES', 28),
(99, 'NAVAS DEL REY', 28),
(100, 'NUEVO BAZTAN', 28),
(101, 'OLMEDA DE LAS FUENTES', 28),
(102, 'ORUSCO', 28),
(104, 'PARACUELLOS DE JARAMA', 28),
(106, 'PARLA', 28),
(107, 'PATONES', 28),
(108, 'PEDREZUELA', 28),
(109, 'PELAYOS DE LA PRESA', 28),
(110, 'PERALES DE TAJUÑA', 28),
(111, 'PEZUELA DE LAS TORRES', 28),
(112, 'PINILLA DEL VALLE', 28),
(113, 'PINTO', 28),
(114, 'PIÑUECAR', 28),
(115, 'POZUELO DE ALARCON', 28),
(116, 'POZUELO DEL REY', 28),
(117, 'PRADENA DEL RINCON', 28),
(118, 'PUEBLA DE LA SIERRA', 28),
(119, 'QUIJORNA', 28),
(120, 'RASCAFRIA', 28),
(121, 'REDUEÑA', 28),
(122, 'RIBATEJADA', 28),
(123, 'RIVAS-VACIAMADRID', 28),
(124, 'ROBLEDILLO DE LA JARA', 28),
(125, 'ROBLEDO DE CHAVELA', 28),
(126, 'ROBREGORDO', 28),
(127, 'LAS ROZAS DE MADRID', 28),
(128, 'ROZAS DE PUERTO REAL', 28),
(129, 'SAN AGUSTIN DEL GUADALIX', 28),
(130, 'SAN FERNANDO DE HENARES', 28),
(131, 'SAN LORENZO DE EL ESCORIAL', 28),
(132, 'SAN MARTIN DE LA VEGA', 28),
(133, 'SAN MARTIN DE VALDEIGLESIAS', 28),
(134, 'SAN SEBASTIAN DE LOS REYES', 28),
(135, 'SANTA MARIA DE LA ALAMEDA', 28),
(136, 'SANTORCAZ', 28),
(137, 'LOS SANTOS DE LA HUMOSA', 28),
(138, 'LA SERNA DEL MONTE', 28),
(140, 'SERRANILLOS DEL VALLE', 28),
(141, 'SEVILLA LA NUEVA', 28),
(143, 'SOMOSIERRA', 28),
(144, 'SOTO DEL REAL', 28),
(145, 'TALAMANCA DE JARAMA', 28),
(146, 'TIELMES', 28),
(147, 'TITULCIA', 28),
(148, 'TORREJON DE ARDOZ', 28),
(149, 'TORREJON DE LA CALZADA', 28),
(150, 'TORREJON DE VELASCO', 28),
(151, 'TORRELAGUNA', 28),
(152, 'TORRELODONES', 28),
(153, 'TORREMOCHA DE JARAMA', 28),
(154, 'TORRES DE LA ALAMEDA', 28),
(155, 'VALDARACETE', 28),
(156, 'VALDEAVERO', 28),
(157, 'VALDELAGUNA', 28),
(158, 'VALDEMANCO', 28),
(159, 'VALDEMAQUEDA', 28),
(160, 'VALDEMORILLO', 28),
(161, 'VALDEMORO', 28),
(162, 'VALDEOLMOS-ALALPARDO', 28),
(163, 'VALDEPIELAGOS', 28),
(164, 'VALDETORRES DE JARAMA', 28),
(165, 'VALDILECHA', 28),
(166, 'VALVERDE DE ALCALA', 28),
(167, 'VELILLA DE SAN ANTONIO', 28),
(168, 'EL VELLON', 28),
(169, 'VENTURADA', 28),
(170, 'VILLACONEJOS', 28),
(171, 'VILLA DEL PRADO', 28),
(172, 'VILLALBILLA', 28),
(173, 'VILLAMANRIQUE DE TAJO', 28),
(174, 'VILLAMANTA', 28),
(175, 'VILLAMANTILLA', 28),
(176, 'VILLANUEVA DE LA CAÑADA', 28),
(177, 'VILLANUEVA DEL PARDILLO', 28),
(178, 'VILLANUEVA DE PERALES', 28),
(179, 'VILLAR DEL OLMO', 28),
(180, 'VILLAREJO DE SALVANES', 28),
(181, 'VILLAVICIOSA DE ODON', 28),
(182, 'VILLAVIEJA DE LOZOYA', 28),
(183, 'ZARZALEJO', 28),
(77, 'LOZOYUELA-NAVAS-SIETEIGLESIAS', 28),
(185, 'PUENTES VIEJAS', 28),
(184, 'TRES CANTOS', 28),
(1, 'ABANILLA', 30),
(2, 'ABARAN', 30),
(3, 'AGUILAS', 30),
(4, 'ALBUDEITE', 30),
(5, 'ALCANTARILLA', 30),
(6, 'ALEDO', 30),
(7, 'ALGUAZAS', 30),
(8, 'ALHAMA DE MURCIA', 30),
(9, 'ARCHENA', 30),
(10, 'BENIEL', 30),
(11, 'BLANCA', 30),
(12, 'BULLAS', 30),
(13, 'CALASPARRA', 30),
(14, 'CAMPOS DEL RIO', 30),
(15, 'CARAVACA DE LA CRUZ', 30),
(16, 'CARTAGENA', 30),
(17, 'CEHEGIN', 30),
(18, 'CEUTI', 30),
(19, 'CIEZA', 30),
(20, 'FORTUNA', 30),
(21, 'FUENTE-ALAMO', 30),
(22, 'JUMILLA', 30),
(23, 'LIBRILLA', 30),
(24, 'LORCA', 30),
(25, 'LORQUI', 30),
(26, 'MAZARRON', 30),
(27, 'MOLINA DE SEGURA', 30),
(28, 'MORATALLA', 30),
(29, 'MULA', 30),
(30, 'MURCIA', 30),
(31, 'OJOS', 30),
(32, 'PLIEGO', 30),
(33, 'PUERTO-LUMBRERAS', 30),
(34, 'RICOTE', 30),
(35, 'SAN JAVIER', 30),
(36, 'SAN PEDRO DEL PINATAR', 30),
(37, 'TORRE-PACHECO', 30),
(38, 'LAS TORRES DE COTILLAS', 30),
(39, 'TOTANA', 30),
(40, 'ULEA', 30),
(41, 'LA UNION', 30),
(42, 'VILLANUEVA DEL RIO SEGURA', 30),
(43, 'YECLA', 30),
(44, 'SANTOMERA', 30),
(45, 'LOS ALCAZARES', 30),
(1, 'ABÁIGAR', 31),
(2, 'ABÁRZUZA', 31),
(3, 'ABAURREGAINA/ABAURREA ALTA', 31),
(4, 'ABAURREPEA/ABAURREA BAJA', 31),
(5, 'ABERIN', 31),
(6, 'ABLITAS', 31),
(7, 'ADIÓS', 31),
(8, 'AGUILAR DE CODÉS', 31),
(9, 'AIBAR O OIBAR', 31),
(10, 'ALTSASU/ALSASUA', 31),
(11, 'ALLÍN', 31),
(12, 'ALLO', 31),
(13, 'AMÉSCOA BAJA', 31),
(14, 'ANCÍN', 31),
(15, 'ANDOSILLA', 31),
(16, 'ANSOÁIN', 31),
(17, 'ANUE', 31),
(18, 'AÑORBE', 31),
(19, 'AOIZ O AGOITZ', 31),
(20, 'ARAITZ', 31),
(21, 'ARANARACHE', 31),
(22, 'ARANTZA', 31),
(23, 'ARANGUREN', 31),
(24, 'ARANO', 31),
(25, 'ARAKIL', 31),
(26, 'ARAS', 31),
(27, 'ARBIZU', 31),
(28, 'ARCE O ARTZI', 31),
(29, 'LOS ARCOS', 31),
(30, 'ARELLANO', 31),
(31, 'ARESO', 31),
(32, 'ARGUEDAS', 31),
(33, 'ARIA', 31),
(34, 'ARIBE', 31),
(35, 'ARMAÑANZAS', 31),
(36, 'ARRÓNIZ', 31),
(37, 'ARRUAZU', 31),
(38, 'ARTAJONA', 31),
(39, 'ARTAZU', 31),
(40, 'ATEZ', 31),
(41, 'AYEGUI', 31),
(42, 'AZAGRA', 31),
(43, 'AZUELO', 31),
(44, 'BAKAIKU', 31),
(45, 'BARÁSOAIN', 31),
(46, 'BARBARIN', 31),
(47, 'BARGOTA', 31),
(48, 'BARILLAS', 31),
(49, 'BASABURUA', 31),
(50, 'BAZTAN', 31),
(51, 'BEIRE', 31),
(52, 'BELASCOÁIN', 31),
(53, 'BERBINZANA', 31),
(54, 'BERTIZARANA', 31),
(55, 'BETELU', 31),
(56, 'BIURRUN-OLCOZ', 31),
(57, 'BUÑUEL', 31),
(58, 'AURITZ/BURGUETE', 31),
(59, 'BURGUI O BURGI', 31),
(60, 'BURLADA O BURLATA', 31),
(61, 'EL BUSTO', 31),
(62, 'CABANILLAS', 31),
(63, 'CABREDO', 31),
(64, 'CADREITA', 31),
(65, 'CAPARROSO', 31),
(66, 'CÁRCAR', 31),
(67, 'CARCASTILLO', 31),
(68, 'CASCANTE', 31),
(69, 'CÁSEDA', 31),
(70, 'CASTEJÓN', 31),
(71, 'CASTILLO-NUEVO', 31),
(72, 'CINTRUÉNIGO', 31),
(73, 'ZIORDIA', 31),
(74, 'CIRAUQUI', 31),
(75, 'CIRIZA', 31),
(76, 'CIZUR', 31),
(77, 'CORELLA', 31),
(78, 'CORTES', 31),
(79, 'DESOJO', 31),
(80, 'DICASTILLO', 31),
(81, 'DONAMARIA', 31),
(82, 'ETXALAR', 31),
(83, 'ECHARRI', 31),
(84, 'ETXARRI-ARANATZ', 31),
(85, 'ETXAURI', 31),
(86, 'EGÜÉS', 31),
(87, 'ELGORRIAGA', 31),
(88, 'NOÁIN (VALLE DE ELORZ) O NOAIN (ELORTZIBAR)', 31),
(89, 'ENÉRIZ', 31),
(90, 'ERATSUN', 31),
(91, 'ERGOIENA', 31),
(92, 'ERRO', 31),
(93, 'EZCÁROZ O EZKAROZE', 31),
(94, 'ESLAVA', 31),
(95, 'ESPARZA', 31),
(96, 'ESPRONCEDA', 31),
(97, 'ESTELLA O LIZARRA', 31),
(98, 'ESTERIBAR', 31),
(99, 'ETAYO', 31),
(100, 'EULATE', 31),
(101, 'EZCABARTE', 31),
(102, 'EZKURRA', 31),
(103, 'EZPROGUI', 31),
(104, 'FALCES', 31),
(105, 'FITERO', 31),
(106, 'FONTELLAS', 31),
(107, 'FUNES', 31),
(108, 'FUSTIÑANA', 31),
(109, 'GALAR', 31),
(110, 'GALLIPIENZO', 31),
(111, 'GALLUÉS O GALOZE', 31),
(112, 'GARAIOA', 31),
(113, 'GARDE', 31),
(114, 'GARÍNOAIN', 31),
(115, 'GARRALDA', 31),
(116, 'GENEVILLA', 31),
(117, 'GOIZUETA', 31),
(118, 'GOÑI', 31),
(119, 'GÜESA O GORZA', 31),
(120, 'GUESÁLAZ', 31),
(121, 'GUIRGUILLANO', 31),
(122, 'HUARTE O UHARTE', 31),
(123, 'UHARTE-ARAKIL', 31),
(124, 'IBARGOITI', 31),
(125, 'IGÚZQUIZA', 31),
(126, 'IMOTZ', 31),
(127, 'IRAÑETA', 31),
(128, 'ISABA O IZABA', 31),
(129, 'ITUREN', 31),
(130, 'ITURMENDI', 31),
(131, 'IZA', 31),
(132, 'IZAGAONDOA', 31),
(133, 'IZALZU O ITZALTZU', 31),
(134, 'JAURRIETA', 31),
(135, 'JAVIER', 31),
(136, 'JUSLAPEÑA', 31),
(137, 'LABAIEN', 31),
(138, 'LAKUNTZA', 31),
(139, 'LANA', 31),
(140, 'LANTZ', 31),
(141, 'LAPOBLACIÓN', 31),
(142, 'LARRAGA', 31),
(143, 'LARRAONA', 31),
(144, 'LARRAUN', 31),
(145, 'LAZAGURRÍA', 31),
(146, 'LEACHE', 31),
(147, 'LEGARDA', 31),
(148, 'LEGARIA', 31),
(149, 'LEITZA', 31),
(150, 'LEOZ', 31),
(151, 'LERGA', 31),
(152, 'LERÍN', 31),
(153, 'LESAKA', 31),
(154, 'LEZÁUN', 31),
(155, 'LIÉDENA', 31),
(156, 'LIZOÁIN', 31),
(157, 'LODOSA', 31),
(158, 'LÓNGUIDA O LONGIDA', 31),
(159, 'LUMBIER', 31),
(160, 'LUQUIN', 31),
(161, 'MAÑERU', 31),
(162, 'MARAÑÓN', 31),
(163, 'MARCILLA', 31),
(164, 'MÉLIDA', 31),
(165, 'MENDAVIA', 31),
(166, 'MENDAZA', 31),
(167, 'MENDIGORRÍA', 31),
(168, 'METAUTEN', 31),
(169, 'MILAGRO', 31),
(170, 'MIRAFUENTES', 31),
(171, 'MIRANDA DE ARGA', 31),
(172, 'MONREAL', 31),
(173, 'MONTEAGUDO', 31),
(174, 'MORENTIN', 31),
(175, 'MUÉS', 31),
(176, 'MURCHANTE', 31),
(177, 'MURIETA', 31),
(178, 'MURILLO EL CUENDE', 31),
(179, 'MURILLO EL FRUTO', 31),
(180, 'MURUZÁBAL', 31),
(181, 'NAVASCUÉS', 31),
(182, 'NAZAR', 31),
(183, 'OBANOS', 31),
(184, 'OCO', 31),
(185, 'OCHAGAVÍA', 31),
(186, 'ODIETA', 31),
(187, 'OITZ', 31),
(188, 'OLÁIBAR', 31),
(189, 'OLAZTI/OLAZAGUTÍA', 31),
(190, 'OLEJUA', 31),
(191, 'OLITE', 31),
(192, 'OLÓRIZ', 31),
(193, 'OLZA', 31),
(194, 'OLLO', 31),
(195, 'ORBAITZETA', 31),
(196, 'ORBARA', 31),
(197, 'ORÍSOAIN', 31),
(198, 'ORONZ', 31),
(199, 'OROZ-BETELU', 31),
(200, 'OTEIZA', 31),
(201, 'PAMPLONA O IRUÑA', 31),
(202, 'PERALTA', 31),
(203, 'PETILLA DE ARAGÓN', 31),
(204, 'PIEDRAMILLERA', 31),
(205, 'PITILLAS', 31),
(206, 'PUENTE LA REINA O GARES', 31),
(207, 'PUEYO', 31),
(208, 'RIBAFORADA', 31),
(209, 'ROMANZADO', 31),
(210, 'RONCAL O ERRONKARI', 31),
(211, 'ORREAGA/RONCESVALLES', 31),
(212, 'SADA', 31),
(213, 'SALDÍAS', 31),
(214, 'SALINAS DE ORO', 31),
(215, 'SAN ADRIÁN', 31),
(216, 'SANGÜESA O ZANGOZA', 31),
(217, 'SAN MARTÍN DE UNX', 31),
(219, 'SANSOL', 31),
(220, 'SANTACARA', 31),
(221, 'DONEZTEBE/SANTESTEBAN', 31),
(222, 'SARRIÉS O SARTZE', 31),
(223, 'SARTAGUDA', 31),
(224, 'SESMA', 31),
(225, 'SORLADA', 31),
(226, 'SUNBILLA', 31),
(227, 'TAFALLA', 31),
(228, 'TIEBAS-MURUARTE DE RETA', 31),
(229, 'TIRAPU', 31),
(230, 'TORRALBA DEL RÍO', 31),
(231, 'TORRES DEL RÍO', 31),
(232, 'TUDELA', 31),
(233, 'TULEBRAS', 31),
(234, 'ÚCAR', 31),
(235, 'UJUÉ', 31),
(236, 'ULTZAMA', 31),
(237, 'UNCITI', 31),
(238, 'UNZUÉ', 31),
(239, 'URDAZUBI/URDAX', 31),
(240, 'URDIAIN', 31),
(241, 'URRAÚL ALTO', 31),
(242, 'URRAÚL BAJO', 31),
(243, 'URROZ-VILLA', 31),
(244, 'URROTZ', 31),
(245, 'URZAINQUI', 31),
(246, 'UTERGA', 31),
(247, 'UZTÁRROZ O UZTARROZE', 31),
(248, 'LUZAIDE/VALCARLOS', 31),
(249, 'VALTIERRA', 31),
(250, 'BERA/VERA DE BIDASOA', 31),
(251, 'VIANA', 31),
(252, 'VIDÁNGOZ O BIDANKOZE', 31),
(253, 'BIDAURRETA', 31),
(254, 'VILLAFRANCA', 31),
(255, 'VILLAMAYOR DE MONJARDÍN', 31),
(256, 'HIRIBERRI/VILLANUEVA DE AEZKOA', 31),
(257, 'VILLATUERTA', 31),
(258, 'VILLAVA O ATARRABIA', 31),
(259, 'IGANTZI', 31),
(260, 'YERRI', 31),
(261, 'YESA', 31),
(262, 'ZABALZA', 31),
(263, 'ZUBIETA', 31),
(264, 'ZUGARRAMURDI', 31),
(265, 'ZÚÑIGA', 31),
(502, 'FACERÍA 2', 31),
(508, 'FACERÍA 8', 31),
(509, 'FACERÍA 9', 31),
(510, 'FACERÍA 10', 31),
(511, 'FACERÍA 11', 31),
(514, 'FACERÍA 14', 31),
(515, 'FACERÍA 15', 31),
(516, 'FACERÍA 16', 31),
(517, 'FACERÍA 17', 31),
(518, '\"FACERÍA 18 \"\"REMENDÍA\"\"\"', 31),
(521, 'FACERÍA 21', 31),
(522, 'FACERÍA 22', 31),
(523, 'MONTE COMÚN DE LAS AMÉSCOAS', 31),
(524, '\"FACERÍA 24 \"\"LARRAIZA\"', 31),
(526, 'FACERÍA 26', 31),
(527, 'FACERÍA 27', 31),
(528, 'FACERÍA 28', 31),
(529, '\"FACERÍA 29 \"\"ARAMBELTZ\"\"\"', 31),
(530, '\"FACERÍA 30 \"\"SAMINDIETA\"\"\"', 31),
(531, 'FACERÍA 31', 31),
(532, 'FACERÍA 32', 31),
(535, 'FACERÍA 35', 31),
(536, 'FACERÍA 36', 31),
(537, 'FACERÍA 37', 31),
(538, 'FACERÍA 38', 31),
(539, 'FACERÍA 39', 31),
(540, 'FACERÍA 40', 31),
(541, 'FACERÍA 41', 31),
(542, 'FACERÍA 42', 31),
(543, 'FACERÍA 43', 31),
(544, 'FACERÍA 44', 31),
(545, 'FACERÍA 45', 31),
(546, 'FACERÍA 46', 31),
(549, 'FACERÍA 49', 31),
(550, 'FACERÍA 50', 31),
(552, 'FACERÍA 52', 31),
(553, 'FACERÍA 53', 31),
(555, 'FACERÍA 55', 31),
(556, 'FACERÍA 56', 31),
(562, 'FACERÍA 62', 31),
(563, 'FACERÍA 63', 31),
(565, 'FACERÍA 65', 31),
(567, 'FACERÍA 67', 31),
(570, 'FACERÍA 70', 31),
(571, 'FACERÍA 71', 31),
(574, 'FACERÍA 74', 31),
(575, 'FACERÍA 75', 31),
(576, 'FACERÍA 76', 31),
(579, 'FACERÍA 79', 31),
(581, 'FACERÍA 81', 31),
(582, 'FACERÍA 82', 31),
(583, 'FACERÍA 83', 31),
(584, 'FACERÍA 84', 31),
(585, 'FACERÍA 85', 31),
(586, 'FACERÍA 86', 31),
(587, 'FACERÍA 87', 31),
(588, 'FACERÍA 88', 31),
(591, 'FACERÍA 91', 31),
(592, 'FACERÍA 92', 31),
(603, 'FACERÍA 103', 31),
(604, 'FACERÍA 104', 31),
(605, 'FACERÍA 105', 31),
(606, 'FACERÍA 106', 31),
(607, 'FACERÍA 107', 31),
(608, 'FACERÍA 108', 31),
(690, 'BARDENAS REALES', 31),
(691, 'SIERRA DE ANDÍA', 31),
(692, 'SIERRA DE ARALAR', 31),
(693, 'SIERRA DE LÓQUIZ', 31),
(694, 'SIERRA DE URBASA', 31),
(901, 'BARAÑÁIN', 31),
(902, 'BERRIOPLANO', 31),
(903, 'BERRIOZAR', 31),
(904, 'IRURTZUN', 31),
(905, 'BERIÁIN', 31),
(906, 'ORCOYEN', 31),
(907, 'ZIZUR MAYOR O ZIZUR NAGUSIA', 31),
(908, 'LEKUNBERRI', 31),
(64, 'COMUNIDAD DE LAÑO PIPAON Y PEÑACERRADA', 1),
(65, 'PARZONERIA DE ENTZIA', 1),
(1, 'ALEGRÍA-DULANTZI', 1),
(2, 'AMURRIO', 1),
(3, 'ARAMAIO', 1),
(4, 'ARTZINIEGA', 1),
(6, 'ARMIÑON', 1),
(8, 'ARRAZUA-UBARRUNDIA', 1),
(9, 'ASPARRENA', 1),
(10, 'AYALA/AIARA', 1),
(11, 'BAÑOS DE EBRO/MAÑUETA', 1),
(13, 'BARRUNDIA', 1),
(14, 'BERANTEVILLA', 1),
(16, 'BERNEDO', 1),
(17, 'CAMPEZO/KANPEZU', 1),
(18, 'ZIGOITIA', 1),
(19, 'KRIPAN', 1),
(20, 'KUARTANGO', 1),
(21, 'ELBURGO/BURGELU', 1),
(22, 'ELCIEGO', 1),
(23, 'ELVILLAR/BILAR', 1),
(27, 'IRURAIZ-GAUNA', 1),
(28, 'LABASTIDA', 1),
(30, 'LAGRÁN', 1),
(31, 'LAGUARDIA', 1),
(32, 'LANCIEGO/LANTZIEGO', 1),
(33, 'LAPUEBLA DE LABARCA', 1),
(34, 'LEZA', 1),
(36, 'LLODIO', 1),
(37, 'ARRAIA-MAEZTU', 1),
(39, 'MOREDA DE ÁLAVA', 1),
(41, 'NAVARIDAS', 1),
(42, 'OKONDO', 1),
(43, 'OYÓN-OION', 1),
(44, 'PEÑACERRADA-URIZAHARRA', 1),
(46, 'RIBERA ALTA', 1),
(47, 'RIBERA BAJA/ERRIBERA BEITIA', 1),
(49, 'AÑANA', 1),
(51, 'SALVATIERRA/AGURAIN', 1),
(52, 'SAMANIEGO', 1),
(53, 'SAN MILLÁN/DONEMILIAGA', 1),
(54, 'URKABUSTAIZ', 1),
(55, 'VALDEGOVÍA', 1),
(56, 'HARANA/VALLE DE ARANA', 1),
(57, 'VILLABUENA DE ÁLAVA/ESKUERNAGA', 1),
(58, 'LEGUTIANO', 1),
(59, 'VITORIA-GASTEIZ', 1),
(60, 'YÉCORA/IEKORA', 1),
(61, 'ZALDUONDO', 1),
(62, 'ZAMBRANA', 1),
(63, 'ZUIA', 1),
(26, 'IRUÑA OKA/IRUÑA DE OCA', 1),
(35, 'LANTARÓN', 1),
(98, 'ALZANIA', 20),
(99, 'SIERRA DE ARALAR', 20),
(1, 'ABALTZISKETA', 20),
(2, 'ADUNA', 20),
(3, 'AIZARNAZABAL', 20),
(4, 'ALBIZTUR', 20),
(5, 'ALEGIA', 20),
(6, 'ALKIZA', 20),
(7, 'ALTZO', 20),
(8, 'AMEZKETA', 20),
(9, 'ANDOAIN', 20),
(10, 'ANOETA', 20),
(11, 'ANTZUOLA', 20),
(12, 'ARAMA', 20),
(13, 'ARETXABALETA', 20),
(14, 'ASTEASU', 20),
(15, 'ATAUN', 20),
(16, 'AIA', 20),
(17, 'AZKOITIA', 20),
(18, 'AZPEITIA', 20),
(19, 'BEASAIN', 20),
(20, 'BEIZAMA', 20),
(21, 'BELAUNTZA', 20),
(22, 'BERASTEGI', 20),
(23, 'BERROBI', 20),
(24, 'BIDEGOIAN', 20),
(25, 'ZEGAMA', 20),
(26, 'ZERAIN', 20),
(27, 'ZESTOA', 20),
(28, 'ZIZURKIL', 20),
(29, 'DEBA', 20),
(30, 'EIBAR', 20),
(31, 'ELDUAIN', 20),
(32, 'ELGOIBAR', 20),
(33, 'ELGETA', 20),
(34, 'ESKORIATZA', 20),
(35, 'EZKIO-ITSASO', 20),
(36, 'HONDARRIBIA', 20),
(37, 'GAINTZA', 20),
(38, 'GABIRIA', 20),
(39, 'GETARIA', 20),
(40, 'HERNANI', 20),
(41, 'HERNIALDE', 20),
(42, 'IBARRA', 20),
(43, 'IDIAZABAL', 20),
(44, 'IKAZTEGIETA', 20),
(45, 'IRUN', 20),
(46, 'IRURA', 20),
(47, 'ITSASONDO', 20),
(48, 'LARRAUL', 20),
(49, 'LAZKAO', 20),
(50, 'LEABURU', 20),
(51, 'LEGAZPI', 20),
(52, 'LEGORRETA', 20),
(53, 'LEZO', 20),
(54, 'LIZARTZA', 20),
(55, 'ARRASATE/MONDRAGÓN', 20),
(56, 'MUTRIKU', 20),
(57, 'MUTILOA', 20),
(58, 'OLABERRIA', 20),
(59, 'OÑATI', 20),
(60, 'OREXA', 20),
(61, 'ORIO', 20),
(62, 'ORMAIZTEGI', 20),
(63, 'OIARTZUN', 20),
(64, 'PASAIA', 20),
(65, 'SORALUZE/PLACENCIA DE LAS ARMAS', 20),
(66, 'ERREZIL', 20),
(67, 'ERRENTERIA', 20),
(68, 'LEINTZ-GATZAGA', 20),
(69, 'DONOSTIA-SAN SEBASTIÁN', 20),
(70, 'SEGURA', 20),
(71, 'TOLOSA', 20),
(72, 'URNIETA', 20),
(73, 'USURBIL', 20),
(74, 'BERGARA', 20),
(75, 'VILLABONA', 20),
(76, 'ORDIZIA', 20),
(77, 'URRETXU', 20),
(78, 'ZALDIBIA', 20),
(79, 'ZARAUTZ', 20),
(80, 'ZUMARRAGA', 20),
(81, 'ZUMAIA', 20),
(82, 'MENDARO', 20),
(83, 'LASARTE-ORIA', 20),
(84, 'ASTIGARRAGA', 20),
(85, 'BALIARRAIN', 20),
(86, 'ORENDAIN', 20),
(87, 'ALTZAGA', 20),
(88, 'GAZTELU', 20),
(1, 'ABADIÐO', 48),
(2, 'ABANTO Y CIÉRVANA-ABANTO ZIERBENA', 48),
(3, 'AMOREBIETA-ETXANO', 48),
(4, 'AMOROTO', 48),
(5, 'ARAKALDO', 48),
(6, 'ARANTZAZU', 48),
(7, 'MUNITIBAR-ARBATZEGI GERRIKAITZ', 48),
(8, 'ARTZENTALES', 48),
(9, 'ARRANKUDIAGA', 48),
(10, 'ARRIETA', 48),
(11, 'ARRIGORRIAGA', 48),
(12, 'BAKIO', 48),
(13, 'BARAKALDO', 48),
(14, 'BARRIKA', 48),
(15, 'BASAURI', 48),
(16, 'BERANGO', 48),
(17, 'BERMEO', 48),
(18, 'BERRIATUA', 48),
(19, 'BERRIZ', 48),
(20, 'BILBAO', 48),
(21, 'BUSTURIA', 48),
(22, 'KARRANTZA HARANA/VALLE DE CARRANZA', 48),
(23, 'ARTEA', 48),
(24, 'ZEANURI', 48),
(25, 'ZEBERIO', 48),
(26, 'DIMA', 48),
(27, 'DURANGO', 48),
(28, 'EA', 48),
(29, 'ETXEBARRI ANTEIGLESIA DE SAN ESTEBAN-ETXEBARRI DONEZTEBEKO ELIZATEA', 48),
(30, 'ETXEBARRIA', 48),
(31, 'ELANTXOBE', 48),
(32, 'ELORRIO', 48),
(33, 'EREÐO', 48),
(34, 'ERMUA', 48),
(35, 'FRUIZ', 48),
(36, 'GALDAKAO', 48),
(37, 'GALDAMES', 48),
(38, 'GAMIZ-FIKA', 48),
(39, 'GARAY', 48),
(40, 'GATIKA', 48),
(41, 'GAUTEGIZ ARTEAGA', 48),
(42, 'GORDEXOLA', 48),
(43, 'GORLIZ', 48),
(44, 'GETXO', 48),
(45, 'G_EÐES', 48),
(46, 'GERNIKA-LUMO', 48),
(47, 'GIZABURUAGA', 48),
(48, 'IBARRANGELU', 48),
(49, 'ISPASTER', 48),
(50, 'IZURTZA', 48),
(51, 'LANESTOSA', 48),
(52, 'LARRABETZU', 48),
(53, 'LAUKIZ', 48),
(54, 'LEIOA', 48),
(55, 'LEMOA', 48),
(56, 'LEMOIZ', 48),
(57, 'LEKEITIO', 48),
(58, 'MALLABIA', 48),
(59, 'MAÐARIA', 48),
(60, 'MARKINA-XEMEIN', 48),
(61, 'MARURI-JATABE', 48),
(62, 'MENDATA', 48),
(63, 'MENDEXA', 48),
(64, 'MEÐAKA', 48),
(65, 'UGAO-MIRABALLES', 48),
(66, 'MORGA', 48),
(67, 'MUXIKA', 48),
(68, 'MUNDAKA', 48),
(69, 'MUNGIA', 48),
(70, 'AULESTI', 48),
(71, 'MUSKIZ', 48),
(72, 'OTXANDIO', 48),
(73, 'ONDARROA', 48),
(74, 'URDUÐA-ORDUÐA', 48),
(75, 'OROZKO', 48),
(76, 'SUKARRIETA', 48),
(77, 'PLENTZIA', 48),
(78, 'PORTUGALETE', 48),
(79, 'ERRIGOITI', 48),
(80, 'VALLE DE TRÁPAGA-TRAPAGARAN', 48),
(81, 'LEZAMA', 48),
(82, 'SANTURTZI', 48),
(83, 'ORTUELLA', 48),
(84, 'SESTAO', 48),
(85, 'SOPELANA', 48),
(86, 'SOPUERTA', 48),
(87, 'TRUCIOS-TURTZIOZ', 48),
(88, 'UBIDE', 48),
(89, 'URDULIZ', 48),
(90, 'BALMASEDA', 48),
(91, 'ATXONDO', 48),
(92, 'BEDIA', 48),
(93, 'AREATZA', 48),
(94, 'IGORRE', 48),
(95, 'ZALDIBAR', 48),
(96, 'ZALLA', 48),
(97, 'ZARATAMO', 48),
(901, 'DERIO', 48),
(902, 'ERANDIO', 48),
(903, 'LOIU', 48),
(904, 'SONDIKA', 48),
(905, 'ZAMUDIO', 48),
(906, 'FORUA', 48),
(907, 'KORTEZUBI', 48),
(908, 'MURUETA', 48),
(909, 'NABARNIZ', 48),
(910, 'IURRETA', 48),
(911, 'AJANGIZ', 48),
(912, 'ALONSOTEGI', 48),
(913, 'ZIERBENA', 48),
(914, 'ARRATZU', 48),
(915, 'ZIORTZA-BOLIBAR', 48),
(1, 'ABALOS', 26),
(2, 'AGONCILLO', 26),
(3, 'AGUILAR DEL RIO ALHAMA', 26),
(4, 'AJAMIL DE CAMEROS', 26),
(5, 'ALBELDA DE IREGUA', 26),
(6, 'ALBERITE', 26),
(7, 'ALCANADRE', 26),
(8, 'ALDEANUEVA DE EBRO', 26),
(9, 'ALESANCO', 26),
(10, 'ALESON', 26),
(11, 'ALFARO', 26),
(12, 'ALMARZA DE CAMEROS', 26),
(13, 'ANGUCIANA', 26),
(14, 'ANGUIANO', 26),
(15, 'ARENZANA DE ABAJO', 26),
(16, 'ARENZANA DE ARRIBA', 26),
(17, 'ARNEDILLO', 26),
(18, 'ARNEDO', 26),
(19, 'ARRUBAL', 26),
(20, 'AUSEJO', 26),
(21, 'AUTOL', 26),
(22, 'AZOFRA', 26),
(23, 'BADARAN', 26),
(24, 'BAÑARES', 26),
(25, 'BAÑOS DE RIOJA', 26),
(26, 'BAÑOS DE RIO TOBIA', 26),
(27, 'BERCEO', 26),
(28, 'BERGASA', 26),
(29, 'BERGASILLAS BAJERA', 26),
(30, 'BEZARES', 26),
(31, 'BOBADILLA', 26),
(32, 'BRIEVA DE CAMEROS', 26),
(33, 'BRIÑAS', 26),
(34, 'BRIONES', 26),
(35, 'CABEZON DE CAMEROS', 26),
(36, 'CALAHORRA', 26),
(37, 'CAMPROVIN', 26),
(38, 'CANALES DE LA SIERRA', 26),
(39, 'CANILLAS DE RIO TUERTO', 26),
(40, 'CAÑAS', 26),
(41, 'CARDENAS', 26),
(42, 'CASALARREINA', 26),
(43, 'CASTAÑARES DE RIOJA', 26),
(44, 'CASTROVIEJO', 26),
(45, 'CELLORIGO', 26),
(46, 'CENICERO', 26),
(47, 'CERVERA DEL RIO ALHAMA', 26),
(48, 'CIDAMON', 26),
(49, 'CIHURI', 26),
(50, 'CIRUEÑA', 26),
(51, 'CLAVIJO', 26),
(52, 'CORDOVIN', 26),
(53, 'CORERA', 26),
(54, 'CORNAGO', 26),
(55, 'CORPORALES', 26),
(56, 'CUZCURRITA DE RIO TIRON', 26),
(57, 'DAROCA DE RIOJA', 26),
(58, 'ENCISO', 26),
(59, 'ENTRENA', 26),
(60, 'ESTOLLO', 26),
(61, 'EZCARAY', 26),
(62, 'FONCEA', 26),
(63, 'FONZALECHE', 26),
(64, 'FUENMAYOR', 26),
(65, 'GALBARRULI', 26),
(66, 'GALILEA', 26),
(67, 'GALLINERO DE CAMEROS', 26),
(68, 'GIMILEO', 26),
(69, 'GRAÑON', 26),
(70, 'GRAVALOS', 26),
(71, 'HARO', 26),
(72, 'HERCE', 26),
(73, 'HERRAMELLURI', 26),
(74, 'HERVIAS', 26),
(75, 'HORMILLA', 26),
(76, 'HORMILLEJA', 26),
(77, 'HORNILLOS DE CAMEROS', 26),
(78, 'HORNOS DE MONCALVILLO', 26),
(79, 'HUERCANOS', 26),
(80, 'IGEA', 26),
(81, 'JALON DE CAMEROS', 26),
(82, 'LAGUNA DE CAMEROS', 26),
(83, 'LAGUNILLA DEL JUBERA', 26),
(84, 'LARDERO', 26),
(86, 'LEDESMA DE LA COGOLLA', 26),
(87, 'LEIVA', 26),
(88, 'LEZA DE RIO LEZA', 26),
(900, 'LOGROÑO', 26),
(91, 'LUMBRERAS', 26),
(92, 'MANJARRES', 26),
(93, 'MANSILLA', 26),
(94, 'MANZANARES DE RIOJA', 26),
(95, 'MATUTE', 26),
(96, 'MEDRANO', 26),
(99, 'MUNILLA', 26),
(100, 'MURILLO DE RIO LEZA', 26),
(101, 'MURO DE AGUAS', 26),
(102, 'MURO EN CAMEROS', 26),
(103, 'NAJERA', 26),
(104, 'NALDA', 26),
(105, 'NAVAJUN', 26),
(106, 'NAVARRETE', 26),
(107, 'NESTARES', 26),
(108, 'NIEVA DE CAMEROS', 26),
(97, 'OCON', 26),
(109, 'OCHANDURI', 26),
(110, 'OJACASTRO', 26),
(111, 'OLLAURI', 26),
(112, 'ORTIGOSA DE CAMEROS', 26),
(113, 'PAZUENGOS', 26),
(114, 'PEDROSO', 26),
(115, 'PINILLOS', 26),
(117, 'PRADEJON', 26),
(118, 'PRADILLO', 26),
(119, 'PREJANO', 26),
(120, 'QUEL', 26),
(121, 'RABANERA', 26),
(122, 'EL RASILLO DE CAMEROS', 26),
(123, 'EL REDAL', 26),
(124, 'RIBAFRECHA', 26),
(125, 'RINCON DE SOTO', 26),
(126, 'ROBRES DEL CASTILLO', 26),
(127, 'RODEZNO', 26),
(128, 'SAJAZARRA', 26),
(129, 'SAN ASENSIO', 26),
(130, 'SAN MILLAN DE LA COGOLLA', 26),
(131, 'SAN MILLAN DE YECORA', 26),
(132, 'SAN ROMAN DE CAMEROS', 26),
(134, 'SANTA COLOMA', 26),
(135, 'SANTA ENGRACIA DEL JUBERA', 26),
(136, 'SANTA EULALIA BAJERA', 26),
(138, 'SANTO DOMINGO DE LA CALZADA', 26),
(139, 'SAN TORCUATO', 26),
(140, 'SANTURDE DE RIOJA', 26),
(141, 'SANTURDEJO', 26),
(142, 'SAN VICENTE DE LA SONSIERRA', 26),
(143, 'SOJUELA', 26),
(144, 'SORZANO', 26),
(145, 'SOTES', 26),
(146, 'SOTO EN CAMEROS', 26),
(147, 'TERROBA', 26),
(148, 'TIRGO', 26),
(149, 'TOBIA', 26),
(150, 'TORMANTOS', 26),
(151, 'TORRECILLA EN CAMEROS', 26),
(152, 'TORRECILLA SOBRE ALESANCO', 26),
(153, 'TORRE EN CAMEROS', 26),
(154, 'TORREMONTALBO', 26),
(155, 'TREVIANA', 26),
(157, 'TRICIO', 26),
(158, 'TUDELILLA', 26),
(160, 'URUÑUELA', 26),
(161, 'VALDEMADERA', 26),
(162, 'VALGAÑON', 26),
(163, 'VENTOSA', 26),
(164, 'VENTROSA', 26),
(165, 'VIGUERA', 26),
(167, 'VILLALBA DE RIOJA', 26),
(168, 'VILLALOBAR DE RIOJA', 26),
(169, 'VILLAMEDIANA DE IREGUA', 26),
(170, 'VILLANUEVA DE CAMEROS', 26),
(171, 'EL VILLAR DE ARNEDO', 26),
(172, 'VILLAR DE TORRE', 26),
(173, 'VILLAREJO', 26),
(174, 'VILLARROYA', 26),
(175, 'VILLARTA-QUINTANA', 26),
(176, 'VILLAVELAYO', 26),
(177, 'VILLAVERDE DE RIOJA', 26),
(178, 'VILLOSLADA DE CAMEROS', 26),
(179, 'VINIEGRA DE ABAJO', 26),
(180, 'VINIEGRA DE ARRIBA', 26),
(181, 'ZARRATON', 26),
(182, 'ZARZOSA', 26),
(184, 'ZORRAQUIN', 26),
(1, 'ADSUBIA', 3),
(2, 'AGOST', 3),
(3, 'AGRES', 3),
(4, 'AIGUES', 3),
(5, 'ALBATERA', 3),
(6, 'ALCALALI', 3),
(7, 'ALCOCER DE PLANES', 3),
(8, 'ALCOLEJA', 3),
(9, 'ALCOY/ALCOI', 3),
(10, 'ALFAFARA', 3),
(11, 'L`ALFAS DEL PI', 3),
(12, 'ALGORFA', 3),
(13, 'ALGUEÑA', 3),
(900, 'ALICANTE/ALACANT', 3),
(15, 'ALMORADI', 3),
(16, 'ALMUDAINA', 3),
(17, 'L\'ALQUERIA D\'ASNAR', 3),
(18, 'ALTEA', 3),
(19, 'ASPE', 3),
(20, 'BALONES', 3),
(21, 'BANYERES DE MARIOLA', 3),
(22, 'BENASAU', 3),
(23, 'BENEIXAMA', 3),
(24, 'BENEJUZAR', 3),
(25, 'BENFERRI', 3),
(26, 'BENIARBEIG', 3),
(27, 'BENIARDA', 3),
(28, 'BENIARRES', 3),
(29, 'BENIGEMBLA', 3),
(30, 'BENIDOLEIG', 3),
(31, 'BENIDORM', 3),
(32, 'BENIFALLIM', 3),
(33, 'BENIFATO', 3),
(34, 'BENIJOFAR', 3),
(35, 'BENILLOBA', 3),
(36, 'BENILLUP', 3),
(37, 'BENIMANTELL', 3),
(38, 'BENIMARFULL', 3),
(39, 'BENIMASSOT', 3),
(40, 'BENIMELI', 3),
(41, 'BENISSA', 3),
(42, 'BENITACHELL / EL POBLE NOU', 3),
(43, 'BIAR', 3),
(44, 'BIGASTRO', 3),
(45, 'BOLULLA', 3),
(46, 'BUSOT', 3),
(47, 'CALP', 3),
(48, 'CALLOSA D\'EN SARRIA', 3),
(49, 'CALLOSA DE SEGURA', 3),
(50, 'EL CAMPELLO', 3),
(51, 'CAMPO DE MIRRA / EL CAMP DE MI', 3),
(52, 'CAÑADA', 3),
(53, 'CASTALLA', 3),
(54, 'CASTELL DE CASTELLS', 3),
(55, 'CATRAL', 3),
(56, 'COCENTAINA', 3),
(57, 'CONFRIDES', 3),
(58, 'COX', 3),
(59, 'CREVILLENT', 3),
(60, 'QUATRETONDETA', 3),
(61, 'DAYA NUEVA', 3),
(62, 'DAYA VIEJA', 3),
(63, 'DENIA', 3),
(64, 'DOLORES', 3),
(65, 'ELCHE/ELX', 3),
(66, 'ELDA', 3),
(67, 'FACHECA', 3),
(68, 'FAMORCA', 3),
(69, 'FINESTRAT', 3),
(70, 'FORMENTERA DEL SEGURA', 3),
(71, 'GATA DE GORGOS', 3),
(72, 'GAIANES', 3),
(73, 'GORGA', 3),
(74, 'GRANJA DE ROCAMORA', 3),
(75, 'EL CASTELL DE GUADALEST', 3),
(76, 'GUARDAMAR DEL SEGURA', 3),
(77, 'EL FONDO DE LES NEUS / HONDON', 3),
(78, 'HONDON DE LOS FRAILES', 3),
(79, 'IBI', 3),
(80, 'JACARILLA', 3),
(81, 'XALO', 3),
(82, 'JAVEA/XABIA', 3),
(83, 'JIJONA/XIXONA', 3),
(84, 'LORCHA/L\'ORXA', 3),
(85, 'LLIBER', 3),
(86, 'MILLENA', 3),
(88, 'MONFORTE DEL CID', 3),
(89, 'MONOVAR/MONOVER', 3),
(90, 'MUTXAMEL', 3),
(91, 'MURLA', 3),
(92, 'MURO DE ALCOY', 3),
(93, 'NOVELDA', 3),
(94, 'LA NUCIA', 3),
(95, 'ONDARA', 3),
(96, 'ONIL', 3),
(97, 'ORBA', 3),
(98, 'ORXETA', 3),
(99, 'ORIHUELA', 3),
(100, 'PARCENT', 3),
(101, 'PEDREGUER', 3),
(102, 'PEGO', 3),
(103, 'PENAGUILA', 3),
(104, 'PETRER', 3),
(105, 'EL PINOS / PINOSO', 3),
(106, 'PLANES', 3),
(107, 'POLOP', 3),
(109, 'RAFAL', 3),
(110, 'EL RAFOL D\'ALMUNIA', 3),
(111, 'REDOVAN', 3),
(112, 'RELLEU', 3),
(113, 'ROJALES', 3),
(114, 'LA ROMANA', 3),
(115, 'SAGRA', 3),
(116, 'SALINAS', 3),
(117, 'SANET Y NEGRALS', 3),
(118, 'SAN FULGENCIO', 3),
(119, 'SANT JOAN D\'ALACANT', 3),
(120, 'SAN MIGUEL DE SALINAS', 3),
(121, 'SANTA POLA', 3),
(122, 'SAN VICENTE DEL RASPEIG / SANT', 3),
(123, 'SAX', 3),
(124, 'SELLA', 3),
(125, 'SENIJA', 3),
(127, 'TARBENA', 3),
(128, 'TEULADA', 3),
(129, 'TIBI', 3),
(130, 'TOLLOS', 3),
(131, 'TORMOS', 3),
(132, 'TORREMANZANAS / LA TORRE DE', 3),
(133, 'TORREVIEJA', 3),
(134, 'LA VALL D\' ALCALA', 3),
(135, 'LA VALL D\' EBO', 3),
(136, 'VALL DE GALLINERA', 3),
(137, 'LA VALL DE LAGUAR', 3),
(138, 'EL VERGER', 3),
(139, 'VILLAJOYOSA / LA VILA JOIOSA', 3),
(140, 'VILLENA', 3),
(126, 'ELS POBLETS', 3),
(142, 'PILAR DE LA HORADADA', 3),
(141, 'LOS MONTESINOS', 3),
(143, 'SAN ISIDRO', 3),
(1, 'ATZENETA DEL MAESTRAT', 12),
(2, 'AIN', 12),
(3, 'ALBOCASSER', 12),
(4, 'ALCALA DE XIVERT', 12),
(5, 'L\'ALCORA', 12),
(6, 'ALCUDIA DE VEO', 12),
(7, 'ALFONDEGUILLA', 12),
(8, 'ALGIMIA DE ALMONACID', 12),
(9, 'ALMAZORA / ALMASSORA', 12),
(10, 'ALMEDIJAR', 12),
(11, 'ALMENARA', 12),
(12, 'ALTURA', 12),
(13, 'ARAÑUEL', 12),
(14, 'ARES DEL MAESTRAT', 12),
(15, 'ARGELITA', 12),
(16, 'ARTANA', 12),
(17, 'AYODAR', 12),
(18, 'AZUEBAR', 12),
(20, 'BARRACAS', 12),
(21, 'BETXI', 12),
(22, 'BEJIS', 12),
(24, 'BENAFER', 12),
(25, 'BENAFIGOS', 12),
(26, 'BENASAL', 12),
(27, 'BENICARLO', 12),
(28, 'BENICASIM / BENICASSIM', 12),
(29, 'BENLLOCH', 12),
(31, 'BORRIOL', 12),
(32, 'BORRIANA / BURRIANA', 12),
(33, 'CABANES', 12),
(34, 'CALIG', 12),
(36, 'CANET LO ROIG', 12),
(37, 'CASTELL DE CABRES', 12),
(38, 'CASTELLFORT', 12),
(39, 'CASTELLNOVO', 12),
(900, 'CASTELLO DE LA PLANA', 12),
(41, 'CASTILLO DE VILLAMALEFA', 12),
(42, 'CATI', 12),
(43, 'CAUDIEL', 12),
(44, 'CERVERA DEL MAESTRE', 12),
(45, 'CINCTORRES', 12),
(46, 'CIRAT', 12),
(48, 'CORTES DE ARENOSO', 12),
(49, 'COSTUR', 12),
(50, 'COVES DE VINROMA LES', 12),
(51, 'CULLA', 12),
(52, 'CHERT / XERT', 12),
(53, 'CHILCHES/XILXES', 12),
(55, 'CHODOS / XODOS', 12),
(56, 'CHOVAR', 12),
(57, 'ESLIDA', 12),
(58, 'ESPADILLA', 12),
(59, 'FANZARA', 12),
(60, 'FIGUEROLES', 12),
(61, 'FORCALL', 12),
(63, 'FUENTE LA REINA', 12),
(64, 'FUENTES DE AYODAR', 12),
(65, 'GAIBIEL', 12),
(67, 'GELDO', 12),
(68, 'HERBES', 12),
(69, 'HIGUERAS', 12),
(70, 'LA JANA', 12),
(71, 'JERICA', 12),
(72, 'LUCENA DEL CID', 12),
(73, 'LUDIENTE', 12),
(74, 'LA LLOSA', 12),
(75, 'LA MATA', 12),
(76, 'MATET', 12),
(77, 'MONCOFA', 12),
(78, 'MONTAN', 12),
(79, 'MONTANEJOS', 12),
(80, 'MORELLA', 12),
(81, 'NAVAJAS', 12),
(82, 'NULES', 12),
(83, 'OLOCAU DEL REY', 12),
(84, 'ONDA', 12),
(85, 'ORPESA/OROPESA DEL MAR', 12),
(87, 'PALANQUES', 12),
(88, 'PAVIAS', 12),
(89, 'PENISCOLA / PEÑISCOLA', 12),
(90, 'PINA DE MONTALGRAO', 12),
(91, 'PORTELL DE MORELLA', 12),
(92, 'PUEBLA DE ARENOSO', 12),
(93, 'LA POBLA DE BENIFASSA', 12),
(94, 'LA POBLA TORNESA', 12),
(95, 'RIBESALBES', 12),
(96, 'ROSSELL', 12),
(97, 'SACAÑET', 12),
(98, 'LA SALZADELLA', 12),
(99, 'SANT JORDI/SAN JORGE', 12),
(100, 'SANT MATEU', 12),
(101, 'SAN RAFAEL DEL RIO', 12),
(102, 'SANTA MAGDALENA DE PULPIS', 12),
(103, 'LA SERRATELLA', 12),
(104, 'SEGORBE', 12),
(105, 'SIERRA-ENGARCERAN', 12),
(106, 'SONEJA', 12),
(107, 'SOT DE FERRER', 12),
(108, 'SUERAS', 12),
(109, 'TALES', 12),
(110, 'TERESA', 12),
(111, 'TIRIG', 12),
(112, 'TODOLELLA', 12),
(113, 'TOGA', 12),
(114, 'TORAS', 12),
(115, 'EL TORO', 12),
(116, 'TORRALBA DEL PINAR', 12),
(117, 'TORREBLANCA', 12),
(118, 'TORRECHIVA', 12),
(119, 'LA TORRE D\'EN BESORA', 12),
(120, 'TORRE D\'EN DOMENEC', 12),
(121, 'TRAIGUERA', 12),
(122, 'USERAS / LES USERES', 12),
(123, 'VALLAT', 12),
(124, 'VALL D\'ALBA', 12),
(125, 'VALL DE ALMONACID', 12),
(126, 'LA VALL D\'UIXO', 12),
(127, 'VALLIBONA', 12),
(128, 'VILAFAMES', 12),
(129, 'VILAFRANCA/VILLAFRANCA DEL CID', 12),
(130, 'VILLAHERMOSA DEL RIO', 12),
(131, 'VILLAMALUR', 12),
(132, 'VILANOVA D\'ALCOLEA', 12),
(133, 'VILLANUEVA DE VIVER', 12),
(134, 'VILAR DE CANES', 12),
(135, 'VILA-REAL', 12),
(136, 'LA VILAVELLA', 12),
(137, 'VILLORES', 12),
(138, 'VINAROS', 12),
(139, 'VISTABELLA DEL MAESTRAZGO', 12),
(140, 'VIVER', 12),
(141, 'ZORITA DEL MAESTRAZGO', 12),
(142, 'ZUCAINA', 12),
(143, 'ALQUERIAS DEL NIÑO PERDIDO', 12),
(144, 'SANT JOAN DE MORO', 12),
(1, 'ADEMUZ', 46),
(2, 'ADOR', 46),
(3, 'ATZENETA D\'ALBAIDA', 46),
(4, 'AGULLENT', 46),
(5, 'ALAQUAS', 46),
(6, 'ALBAIDA', 46),
(7, 'ALBAL', 46),
(8, 'ALBALAT DE LA RIBERA', 46),
(9, 'ALBALAT DELS SORELLS', 46),
(10, 'ALBALAT DELS TARONGERS', 46),
(11, 'ALBERIC', 46),
(12, 'ALBORACHE', 46),
(13, 'ALBORAYA', 46),
(14, 'ALBUIXECH', 46),
(15, 'ALCASSER', 46),
(16, 'ALCANTERA DE XUQUER', 46),
(17, 'ALZIRA', 46),
(18, 'ALCUBLAS', 46),
(19, 'L\'ALCUDIA', 46),
(20, 'L\'ALCUDIA DE CRESPINS', 46),
(21, 'ALDAIA', 46),
(22, 'ALFAFAR', 46),
(23, 'ALFAUIR', 46),
(24, 'ALFARA DE LA BARONIA', 46),
(25, 'ALFARA DEL PATRIARCA', 46),
(26, 'ALFARP', 46),
(27, 'ALFARRASI', 46),
(28, 'ALGAR DE PALANCIA', 46),
(29, 'ALGEMESI', 46),
(30, 'ALGIMIA DE ALFARA', 46),
(31, 'ALGINET', 46),
(32, 'ALMASSERA', 46),
(33, 'ALMISERA', 46),
(34, 'ALMOINES', 46),
(35, 'ALMUSSAFES', 46),
(36, 'ALPUENTE', 46),
(37, 'L\'ALQUERIA DE LA COMTESSA', 46),
(38, 'ANDILLA', 46),
(39, 'ANNA', 46),
(40, 'ANTELLA', 46),
(41, 'ARAS DE LOS OLMOS', 46),
(42, 'AIELO DE MALFERIT', 46),
(43, 'AIELO DE RUGAT', 46),
(44, 'AYORA', 46),
(45, 'BARXETA', 46),
(46, 'BARX', 46),
(47, 'BELGIDA', 46),
(48, 'BELLREGUARD', 46),
(49, 'BELLUS', 46),
(50, 'BENAGEBER', 46),
(51, 'BENAGUASIL', 46),
(52, 'BENAVITES', 46),
(53, 'BENEIXIDA', 46),
(54, 'BENETUSSER', 46),
(55, 'BENIARJO', 46),
(56, 'BENIATJAR', 46),
(57, 'BENICOLET', 46),
(58, 'BENIFAIRO DE LES VALLS', 46),
(59, 'BENIFAIRO DE LA VALLDIGNA', 46),
(60, 'BENIFAIO', 46),
(61, 'BENIFLA', 46),
(62, 'BENIGANIM', 46),
(63, 'BENIMODO', 46),
(64, 'BENIMUSLEM', 46),
(66, 'BENIPARRELL', 46),
(68, 'BENIRREDRA', 46),
(69, 'BENISANO', 46),
(70, 'BENISSODA', 46),
(71, 'BENISUERA', 46),
(72, 'BETERA', 46),
(73, 'BICORP', 46),
(74, 'BOCAIRENT', 46),
(75, 'BOLBAITE', 46),
(76, 'BONREPOS I MIRAMBELL', 46),
(77, 'BUFALI', 46),
(78, 'BUGARRA', 46),
(79, 'BUÑOL', 46),
(80, 'BURJASSOT', 46),
(81, 'CALLES', 46),
(82, 'CAMPORROBLES', 46),
(83, 'CANALS', 46),
(84, 'CANET D\'EN BERENGUER', 46),
(85, 'CARCAIXENT', 46),
(86, 'CARCER', 46),
(87, 'CARLET', 46),
(88, 'CARRICOLA', 46),
(89, 'CASAS ALTAS', 46),
(90, 'CASAS BAJAS', 46),
(91, 'CASINOS', 46),
(92, 'CASTELLO DE RUGAT', 46),
(93, 'CASTELLONET DE LA CONQUESTA', 46),
(94, 'CASTIELFABIB', 46),
(95, 'CATADAU', 46),
(96, 'CATARROJA', 46),
(97, 'CAUDETE DE LAS FUENTES', 46),
(98, 'CERDA', 46),
(99, 'COFRENTES', 46),
(100, 'CORBERA', 46),
(101, 'CORTES DE PALLAS', 46),
(102, 'COTES', 46),
(103, 'QUART DE LES VALLS', 46),
(104, 'QUART DE POBLET', 46),
(105, 'QUARTELL', 46),
(106, 'QUATRETONDA', 46),
(107, 'CULLERA', 46),
(108, 'CHELVA', 46),
(109, 'CHELLA', 46),
(110, 'CHERA', 46),
(111, 'CHESTE', 46),
(112, 'XIRIVELLA', 46),
(113, 'CHIVA', 46),
(114, 'CHULILLA', 46),
(115, 'DAIMUS', 46),
(116, 'DOMEÑO', 46),
(117, 'DOS AGUAS', 46),
(118, 'L\'ELIANA', 46),
(119, 'EMPERADOR', 46),
(120, 'ENGUERA', 46),
(121, 'L\'ENOVA', 46),
(122, 'ESTIVELLA', 46),
(123, 'ESTUBENY', 46),
(124, 'FAURA', 46),
(125, 'FAVARA', 46),
(126, 'FONTANARS DELS ALFORINS', 46),
(127, 'FORTALENY', 46),
(128, 'FOIOS', 46),
(129, 'LA FONT D\'EN CARROS', 46),
(130, 'LA FONT DE LA FIGUERA', 46),
(131, 'FUENTERROBLES', 46),
(132, 'GAVARDA', 46),
(133, 'GANDIA', 46),
(134, 'GENOVES', 46),
(135, 'GESTALGAR', 46),
(136, 'GILET', 46),
(137, 'GODELLA', 46),
(138, 'GODELLETA', 46),
(139, 'LA GRANJA DE LA COSTERA', 46),
(140, 'GUADASSEQUIES', 46),
(141, 'GUADASSUAR', 46),
(142, 'GUARDAMAR DE LA SAFOR', 46),
(143, 'HIGUERUELAS', 46),
(144, 'JALANCE', 46),
(145, 'XERACO', 46),
(146, 'JARAFUEL', 46),
(147, 'XATIVA', 46),
(148, 'XERESA', 46),
(149, 'LLIRIA', 46),
(150, 'LORIGUILLA', 46),
(151, 'LOSA DEL OBISPO', 46),
(152, 'LLUTXENT', 46),
(153, 'LLOCNOU D\'EN FENOLLET', 46),
(154, 'LLOCNOU DE LA CORONA', 46),
(155, 'LLOCNOU DE SANT JERONI', 46),
(156, 'LLANERA DE RANES', 46),
(157, 'LLAURI', 46),
(158, 'LLOMBAI', 46),
(159, 'LA LLOSA DE RANES', 46),
(160, 'MACASTRE', 46),
(161, 'MANISES', 46),
(162, 'MANUEL', 46),
(163, 'MARINES', 46),
(164, 'MASSALAVES', 46),
(165, 'MASSALFASSAR', 46),
(166, 'MASSAMAGRELL', 46),
(167, 'MASSANASSA', 46),
(168, 'MELIANA', 46),
(169, 'MILLARES', 46),
(170, 'MIRAMAR', 46),
(171, 'MISLATA', 46),
(172, 'MOIXENT / MOGENTE', 46),
(173, 'MONCADA', 46),
(174, 'MONTSERRAT', 46),
(175, 'MONTAVERNER', 46),
(176, 'MONTESA', 46),
(177, 'MONTITXELVO/MONTICHELVO', 46),
(178, 'MONTROI/MONTROY', 46),
(179, 'MUSEROS', 46),
(180, 'NAQUERA', 46),
(181, 'NAVARRES', 46),
(182, 'NOVELE / NOVETLE', 46),
(183, 'OLIVA', 46),
(184, 'OLOCAU', 46),
(185, 'L\'OLLERIA', 46),
(186, 'ONTINYENT', 46),
(187, 'OTOS', 46),
(188, 'PAIPORTA', 46),
(189, 'PALMA DE GANDIA', 46),
(190, 'PALMERA', 46),
(191, 'EL PALOMAR', 46),
(192, 'PATERNA', 46),
(193, 'PEDRALBA', 46),
(194, 'PETRES', 46),
(195, 'PICANYA', 46),
(196, 'PICASSENT', 46),
(197, 'PILES', 46),
(198, 'PINET', 46),
(199, 'POLINYA DE XUQUER', 46),
(200, 'POTRIES', 46),
(201, 'LA POBLA DE FARNALS', 46),
(202, 'LA POBLA DEL DUC', 46),
(203, 'PUEBLA DE SAN MIGUEL', 46),
(204, 'LA POBLA DE VALLBONA', 46),
(205, 'LA POBLA LLARGA', 46),
(206, 'EL PUIG DE SANTA MARIA', 46),
(207, 'PUÇOL', 46),
(208, 'QUESA', 46),
(209, 'RAFELBUNYOL', 46),
(210, 'RAFELCOFER', 46),
(211, 'RAFELGUARAF', 46),
(212, 'RAFOL DE SALEM', 46),
(213, 'REAL DE GANDIA', 46),
(214, 'REAL', 46),
(215, 'REQUENA', 46),
(216, 'RIBA-ROJA DE TURIA', 46),
(217, 'RIOLA', 46),
(218, 'ROCAFORT', 46),
(219, 'ROTGLA I CORBERA', 46),
(220, 'ROTOVA', 46),
(221, 'RUGAT', 46),
(222, 'SAGUNTO / SAGUNT', 46),
(223, 'SALEM', 46),
(224, 'SANT JOANET', 46),
(225, 'SEDAVI', 46),
(226, 'SEGART', 46),
(227, 'SELLENT', 46),
(228, 'SEMPERE', 46),
(229, 'SENYERA', 46),
(230, 'SERRA', 46),
(231, 'SIETE AGUAS', 46),
(232, 'SILLA', 46),
(233, 'SIMAT DE LA VALLDIGNA', 46),
(234, 'SINARCAS', 46),
(235, 'SOLLANA', 46),
(236, 'SOT DE CHERA', 46),
(237, 'SUECA', 46),
(238, 'SUMACARCER', 46),
(239, 'TAVERNES BLANQUES', 46),
(240, 'TAVERNES DE LA VALLDIGNA', 46),
(241, 'TERESA DE COFRENTES', 46),
(242, 'TERRATEIG', 46),
(243, 'TITAGUAS', 46),
(244, 'TORREBAJA', 46),
(245, 'TORRELLA', 46),
(246, 'TORRENT', 46),
(247, 'TORRES TORRES', 46),
(248, 'TOUS', 46),
(249, 'TUEJAR', 46),
(250, 'TURIS', 46),
(251, 'UTIEL', 46),
(900, 'VALENCIA', 46),
(253, 'VALLADA', 46),
(254, 'VALLANCA', 46),
(255, 'VALLES', 46),
(256, 'VENTA DEL MORO', 46),
(257, 'VILALLONGA/VILLALONGA', 46),
(258, 'VILAMARXANT', 46),
(259, 'VILLANUEVA DE CASTELLON', 46),
(260, 'VILLAR DEL ARZOBISPO', 46),
(261, 'VILLARGORDO DEL CABRIEL', 46),
(262, 'VINALESA', 46),
(263, 'YATOVA', 46),
(264, 'LA YESA', 46),
(265, 'ZARRA', 46);
INSERT INTO `municipios` (`id`, `nombre`, `id_provincia`) VALUES
(266, 'GATOVA', 46),
(267, 'SAN ANTONIO DE BENAGEBER', 46),
(268, 'BENICULL DE XUQUER', 46);

-- --------------------------------------------------------

--
-- Estructura de tabla para la tabla `parcelas`
--

CREATE TABLE `parcelas` (
  `id` int(11) NOT NULL,
  `nombre` varchar(100) DEFAULT NULL,
  `id_agricultor` int(11) NOT NULL,
  `numero_sigpac` int(11) DEFAULT NULL,
  `provincia` int(11) NOT NULL,
  `municipio` int(11) NOT NULL,
  `poligono` int(11) NOT NULL,
  `parcela` int(11) NOT NULL,
  `ref_catastral` varchar(255) DEFAULT NULL,
  `zona` int(11) DEFAULT NULL,
  `agregado` int(11) DEFAULT NULL,
  `recinto` decimal(10,2) DEFAULT NULL,
  `superficie` decimal(10,2) DEFAULT NULL COMMENT 'ha',
  `ancho_caseta` decimal(4,2) DEFAULT NULL COMMENT 'ancho de la caseta de riego',
  `largo_caseta` decimal(4,2) DEFAULT NULL COMMENT 'largo de la caseta de riego',
  `alto_caseta` decimal(4,2) DEFAULT NULL COMMENT 'alto de la caseta de riego'
) ENGINE=InnoDB DEFAULT CHARSET=utf8mb4 COLLATE=utf8mb4_general_ci;

--
-- Volcado de datos para la tabla `parcelas`
--

INSERT INTO `parcelas` (`id`, `nombre`, `id_agricultor`, `numero_sigpac`, `provincia`, `municipio`, `poligono`, `parcela`, `ref_catastral`, `zona`, `agregado`, `recinto`, `superficie`, `ancho_caseta`, `largo_caseta`, `alto_caseta`) VALUES
(1, 'Fanega los Naranjos', 2, NULL, 6, 6, 3, 22, NULL, NULL, NULL, NULL, '3.10', '2.50', '4.00', '2.20'),
(2, 'Cortijo alegre', 3, NULL, 6, 6, 3, 1, NULL, NULL, NULL, NULL, '25.00', NULL, NULL, NULL);

-- --------------------------------------------------------

--
-- Estructura de tabla para la tabla `password_resets`
--

CREATE TABLE `password_resets` (
  `email` varchar(255) NOT NULL,
  `token` varchar(255) NOT NULL,
  `created_at` timestamp NULL DEFAULT NULL
) ENGINE=InnoDB DEFAULT CHARSET=utf8mb4 COLLATE=utf8mb4_unicode_ci;

-- --------------------------------------------------------

--
-- Estructura de tabla para la tabla `personal_access_tokens`
--

CREATE TABLE `personal_access_tokens` (
  `id` bigint(20) UNSIGNED NOT NULL,
  `tokenable_type` varchar(255) NOT NULL,
  `tokenable_id` bigint(20) UNSIGNED NOT NULL,
  `name` varchar(255) NOT NULL,
  `token` varchar(64) NOT NULL,
  `abilities` text DEFAULT NULL,
  `last_used_at` timestamp NULL DEFAULT NULL,
  `created_at` timestamp NULL DEFAULT NULL,
  `updated_at` timestamp NULL DEFAULT NULL
) ENGINE=InnoDB DEFAULT CHARSET=utf8mb4 COLLATE=utf8mb4_unicode_ci;

-- --------------------------------------------------------

--
-- Estructura de tabla para la tabla `provincias`
--

CREATE TABLE `provincias` (
  `id_provincia` int(11) NOT NULL,
  `nombre` varchar(255) NOT NULL
) ENGINE=InnoDB DEFAULT CHARSET=utf8mb4 COLLATE=utf8mb4_general_ci;

--
-- Volcado de datos para la tabla `provincias`
--

INSERT INTO `provincias` (`id_provincia`, `nombre`) VALUES
(1, 'ÁLAVA'),
(2, 'ALBACETE'),
(3, 'ALICANTE'),
(4, 'ALMERÍA'),
(5, 'AVILA'),
(6, 'BADAJOZ'),
(7, 'BALEARES'),
(8, 'BARCELONA'),
(9, 'BURGOS'),
(10, 'CÁCERES'),
(11, 'CÁDIZ'),
(12, 'CASTELLÓN'),
(13, 'CIUDAD REAL'),
(14, 'CÓRDOBA'),
(15, 'LA CORUÑA'),
(16, 'CUENCA'),
(17, 'GERONA'),
(18, 'GRANADA'),
(19, 'GUADALAJARA'),
(20, 'GUIPUZCOA'),
(21, 'HUELVA'),
(22, 'HUESCA'),
(23, 'JAÉN'),
(24, 'LEÓN'),
(25, 'LERIDA'),
(26, 'LA RIOJA'),
(27, 'LUGO'),
(28, 'MADRID'),
(29, 'MÁLAGA'),
(30, 'MURCIA'),
(31, 'NAVARRA'),
(32, 'OURENSE'),
(33, 'ASTURIAS'),
(34, 'PALENCIA'),
(35, 'LAS PALMAS'),
(36, 'PONTEVEDRA'),
(37, 'SALAMANCA'),
(38, 'SANTA CRUZ DE TENERIFE'),
(39, 'CANTABRIA'),
(40, 'SEGOVIA'),
(41, 'SEVILLA'),
(42, 'SORIA'),
(43, 'TARRAGONA'),
(44, 'TERUEL'),
(45, 'TOLEDO'),
(46, 'VALENCIA'),
(47, 'VALLADOLID'),
(48, 'VIZCAYA'),
(49, 'ZAMORA'),
(50, 'ZARAGOZA');

-- --------------------------------------------------------

--
-- Estructura de tabla para la tabla `riegos`
--

CREATE TABLE `riegos` (
  `id` tinyint(5) NOT NULL,
  `nombre` varchar(255) NOT NULL
) ENGINE=InnoDB DEFAULT CHARSET=utf8mb4 COLLATE=utf8mb4_general_ci;

--
-- Volcado de datos para la tabla `riegos`
--

INSERT INTO `riegos` (`id`, `nombre`) VALUES
(1, 'Sistema de riego de arboles con goteros autocompensados pinchados'),
(2, 'Sistema de riego de arboles con goteros integrados'),
(3, 'Sistema de riego de arboles con goteros integrados (Tira de pollo)');

-- --------------------------------------------------------

--
-- Estructura de tabla para la tabla `users`
--

CREATE TABLE `users` (
  `id` int(11) NOT NULL,
  `nombre` varchar(255) NOT NULL,
  `email` varchar(255) NOT NULL,
  `password` varchar(255) NOT NULL,
  `rol` int(3) NOT NULL DEFAULT 0,
  `created_at` timestamp NOT NULL DEFAULT current_timestamp() ON UPDATE current_timestamp(),
  `updated_at` timestamp NULL DEFAULT NULL,
  `dni` varchar(10) DEFAULT NULL,
  `fecha_baja` timestamp NULL DEFAULT NULL,
  `n_referencia` varchar(100) DEFAULT NULL,
  `telefono` varchar(40) DEFAULT NULL,
  `remember_token` varchar(100) DEFAULT NULL,
  `updated_pass` timestamp NULL DEFAULT current_timestamp() COMMENT 'Fecha de la ultima renovación de contraseña'
) ENGINE=InnoDB DEFAULT CHARSET=utf8mb4 COLLATE=utf8mb4_general_ci;

--
-- Volcado de datos para la tabla `users`
--

INSERT INTO `users` (`id`, `nombre`, `email`, `password`, `rol`, `created_at`, `updated_at`, `dni`, `fecha_baja`, `n_referencia`, `telefono`, `remember_token`, `updated_pass`) VALUES
(1, 'John Updated', 'john.updated@exaMmple.com', '$2y$10$v941e9hve7OdXKgKJSGgNOq6psMHrF2gEIsw6bvu8dzZqBdbR3z.K', 1, '2024-11-07 10:28:30', '2024-11-07 08:43:27', NULL, NULL, NULL, NULL, NULL, '0000-00-00 00:00:00'),
(2, 'Ale', 'ale@example.com', '$2y$10$Qpf1ngDwyVvV.4Wf/6WmoOw.7omW4Hrmpe.h0FkX3ibOwChqWg.vK', 1, '2024-11-07 10:28:30', '2024-10-24 05:26:15', NULL, NULL, NULL, NULL, NULL, '0000-00-00 00:00:00'),
(3, 'Alejandro', 'approyectos@ventumidc.es', '$2y$10$M03HkDXEEzsX8X5LZKkwNOdN1w7b2KGCcklBn53674HAbwZZtwXDe', 1, '2024-11-11 10:32:01', '2024-11-11 09:32:01', NULL, NULL, NULL, NULL, NULL, '2024-10-30 16:18:06'),
(4, 'Ruben', 'rgproyectos@ventumidc.es', '$2y$10$cJf/EXKBXDZEcuiy.XTPY.m1M/0gZGgeLtQm9MS8ZTIHrUXq2rTca', 1, '2024-11-07 10:28:30', '2024-11-05 06:53:37', NULL, NULL, NULL, NULL, NULL, '2024-11-05 07:53:37'),
(5, 'Al adin', 'jsfproyectos@ventumidc.es', '$2y$10$atHTeggG0zahapfeRKrjfOc/q7a.WwrZ/VuH5.KJaTCs04iI5Ch4m', 1, '2024-11-07 10:28:30', '2024-11-05 07:34:49', NULL, NULL, NULL, NULL, NULL, '2024-11-05 08:34:49'),
(8, 'Migue', 'mmproyectos@ventumidc.es', '$2y$10$a2Ja2p271dct5CsPT8eNbe3IXTGhSd/hBlPA5ER6IWSGaNOUvOB7u', 0, '2024-11-05 07:38:50', '2024-11-05 07:38:50', NULL, NULL, NULL, NULL, NULL, '2024-11-05 08:38:50'),
(9, 'aaaa', 'aaa@aaa', '$2y$10$f3oGNN9I9WmBCh9E9tQ7MOs7Qv9fvrAQiNyeVR7047B8yTFLQJZKm', 0, '2024-11-06 08:21:18', '2024-11-06 08:21:18', '123213', NULL, NULL, NULL, NULL, '2024-11-06 09:21:18'),
(10, 'aaaa', 'aaa@aa1', '$2y$10$jtAD8Vs.1TpeETKWLskg0.pECAdBZiwDx25jdgQrvcw2rBbDoSjES', 0, '2024-11-06 08:22:08', '2024-11-06 08:22:08', '123123', NULL, NULL, NULL, NULL, '2024-11-06 09:22:08'),
(11, 'bbb', 'bbb@b', '$2y$10$c65I6p5wLv33NhEH/NFVRuaYIDXgxJMsoQraqvS.X6I7eFA.eDuFC', 0, '2024-11-06 08:23:21', '2024-11-06 08:23:21', '123123', NULL, NULL, NULL, NULL, '2024-11-06 09:23:21'),
(12, 'ccc2cc', 'cc@c', '$2y$10$pLYCTa8OIeF.ar/KFNrI7u/5WV2P.s1VQ.ncmZBoxJ4fPoKjKUh2i', 0, '2024-11-06 08:24:00', '2024-11-06 08:24:00', '123123', NULL, NULL, NULL, NULL, '2024-11-06 09:24:00'),
(13, '123123123', 'asdom@gasinda', '$2y$10$FmFR/1ZJ601FjEPrD7MxpukAAjsCPPpoQmrRLGT8FfgIYaDndoQO6', 0, '2024-11-06 08:24:57', '2024-11-06 08:24:57', '123', NULL, NULL, NULL, NULL, '2024-11-06 09:24:57'),
(14, '123123', '123123@123123', '$2y$10$DxgeNVG52tR0emGTInTzMew1hWD1v.ao2ShkW8C8nz4Dxzs1XuRUS', 0, '2024-11-06 08:26:51', '2024-11-06 08:26:51', 'asdasd', NULL, NULL, NULL, NULL, '2024-11-06 09:26:51'),
(15, 'asodnqowind', '123123@asdsa123', '$2y$10$67ZN9lWQbbGnjVfWz3aHluqCAWG1Iawwdg1ptXXtdcTBZ54YKePvG', 0, '2024-11-06 08:28:28', '2024-11-06 08:28:28', '123123', NULL, NULL, NULL, NULL, '2024-11-06 09:28:28'),
(16, 'm1', 'm@m', '$2y$10$HW3/WWBGPAyVq5DBgak8juQCLeXN3vC2LOCrGAIFrS0bRAnN3GPKy', 3, '2024-11-20 10:05:16', '2024-11-20 09:05:16', '123123', NULL, NULL, NULL, NULL, '2024-11-06 09:29:09');

--
-- Índices para tablas volcadas
--

--
-- Indices de la tabla `agricultores`
--
ALTER TABLE `agricultores`
  ADD PRIMARY KEY (`id`),
  ADD KEY `id_usuario` (`id_usuario`);

--
-- Indices de la tabla `aperos`
--
ALTER TABLE `aperos`
  ADD PRIMARY KEY (`id`);

--
-- Indices de la tabla `aperos_agricultor`
--
ALTER TABLE `aperos_agricultor`
  ADD KEY `id_apero` (`id_apero`,`id_agricultor`),
  ADD KEY `id_agricultor` (`id_agricultor`);

--
-- Indices de la tabla `aperos_cultivo`
--
ALTER TABLE `aperos_cultivo`
  ADD PRIMARY KEY (`id_apero`,`id_cultivo_parcela`),
  ADD KEY `id_parcela` (`id_cultivo_parcela`,`id_apero`),
  ADD KEY `aperos_cultivo_ibfk_2` (`id_apero`),
  ADD KEY `id_maquina` (`id_maquina`);

--
-- Indices de la tabla `cultivos`
--
ALTER TABLE `cultivos`
  ADD PRIMARY KEY (`id`);

--
-- Indices de la tabla `cultivo_parcela`
--
ALTER TABLE `cultivo_parcela`
  ADD PRIMARY KEY (`id`),
  ADD KEY `fk_id_parcela_cultivo` (`id_parcela`,`id_cultivo`),
  ADD KEY `espaldera` (`espaldera`),
  ADD KEY `sistema_riego` (`sistema_riego`,`bomba`),
  ADD KEY `bomba` (`bomba`),
  ADD KEY `id_cultivo` (`id_cultivo`);

--
-- Indices de la tabla `espalderas`
--
ALTER TABLE `espalderas`
  ADD PRIMARY KEY (`id`);

--
-- Indices de la tabla `failed_jobs`
--
ALTER TABLE `failed_jobs`
  ADD PRIMARY KEY (`id`),
  ADD UNIQUE KEY `failed_jobs_uuid_unique` (`uuid`);

--
-- Indices de la tabla `fertilizantes_cultivo`
--
ALTER TABLE `fertilizantes_cultivo`
  ADD KEY `id_parcela` (`id_cultivo_parcela`);

--
-- Indices de la tabla `filtros`
--
ALTER TABLE `filtros`
  ADD PRIMARY KEY (`id`);

--
-- Indices de la tabla `filtros_parcela`
--
ALTER TABLE `filtros_parcela`
  ADD KEY `id_parcela` (`id_parcela`,`id_filtro`),
  ADD KEY `id_filtro` (`id_filtro`);

--
-- Indices de la tabla `fitosanitarios`
--
ALTER TABLE `fitosanitarios`
  ADD PRIMARY KEY (`id`);

--
-- Indices de la tabla `fitosanitarios_cultivo`
--
ALTER TABLE `fitosanitarios_cultivo`
  ADD KEY `fk_id_parcela_fito` (`id_cultivo_parcela`),
  ADD KEY `fk_id_fito_parcela` (`id_fitosanitario`);

--
-- Indices de la tabla `grupos_bombeo`
--
ALTER TABLE `grupos_bombeo`
  ADD PRIMARY KEY (`id`);

--
-- Indices de la tabla `maquinaria`
--
ALTER TABLE `maquinaria`
  ADD PRIMARY KEY (`id`);

--
-- Indices de la tabla `maquinaria_agricultor`
--
ALTER TABLE `maquinaria_agricultor`
  ADD KEY `id_maquina` (`id_maquina`,`id_agricultor`),
  ADD KEY `id_agricultor` (`id_agricultor`);

--
-- Indices de la tabla `maquinaria_cultivo`
--
ALTER TABLE `maquinaria_cultivo`
  ADD KEY `id_parcela` (`id_cultivo_parcela`,`id_maquina`);

--
-- Indices de la tabla `migrations`
--
ALTER TABLE `migrations`
  ADD PRIMARY KEY (`id`);

--
-- Indices de la tabla `municipios`
--
ALTER TABLE `municipios`
  ADD KEY `id` (`id`,`id_provincia`),
  ADD KEY `id_provincia` (`id_provincia`);

--
-- Indices de la tabla `parcelas`
--
ALTER TABLE `parcelas`
  ADD PRIMARY KEY (`id`),
  ADD KEY `id_agricultor` (`id_agricultor`),
  ADD KEY `provincia` (`provincia`,`municipio`),
  ADD KEY `municipio` (`municipio`);

--
-- Indices de la tabla `password_resets`
--
ALTER TABLE `password_resets`
  ADD KEY `password_resets_email_index` (`email`);

--
-- Indices de la tabla `personal_access_tokens`
--
ALTER TABLE `personal_access_tokens`
  ADD PRIMARY KEY (`id`),
  ADD UNIQUE KEY `personal_access_tokens_token_unique` (`token`),
  ADD KEY `personal_access_tokens_tokenable_type_tokenable_id_index` (`tokenable_type`,`tokenable_id`);

--
-- Indices de la tabla `provincias`
--
ALTER TABLE `provincias`
  ADD PRIMARY KEY (`id_provincia`);

--
-- Indices de la tabla `riegos`
--
ALTER TABLE `riegos`
  ADD PRIMARY KEY (`id`);

--
-- Indices de la tabla `users`
--
ALTER TABLE `users`
  ADD PRIMARY KEY (`id`);

--
-- AUTO_INCREMENT de las tablas volcadas
--

--
-- AUTO_INCREMENT de la tabla `agricultores`
--
ALTER TABLE `agricultores`
  MODIFY `id` int(11) NOT NULL AUTO_INCREMENT, AUTO_INCREMENT=11;

--
-- AUTO_INCREMENT de la tabla `aperos`
--
ALTER TABLE `aperos`
  MODIFY `id` int(11) NOT NULL AUTO_INCREMENT, AUTO_INCREMENT=51;

--
-- AUTO_INCREMENT de la tabla `cultivos`
--
ALTER TABLE `cultivos`
  MODIFY `id` int(11) NOT NULL AUTO_INCREMENT, AUTO_INCREMENT=7;

--
-- AUTO_INCREMENT de la tabla `cultivo_parcela`
--
ALTER TABLE `cultivo_parcela`
  MODIFY `id` int(11) NOT NULL AUTO_INCREMENT COMMENT 'Tiene un identificador unico ya que esto representa el cultivo hasta sobre el cual se va a calcular el ciclo de vida y puede cambiar cada año', AUTO_INCREMENT=4;

--
-- AUTO_INCREMENT de la tabla `espalderas`
--
ALTER TABLE `espalderas`
  MODIFY `id` tinyint(3) NOT NULL AUTO_INCREMENT, AUTO_INCREMENT=3;

--
-- AUTO_INCREMENT de la tabla `failed_jobs`
--
ALTER TABLE `failed_jobs`
  MODIFY `id` bigint(20) UNSIGNED NOT NULL AUTO_INCREMENT;

--
-- AUTO_INCREMENT de la tabla `filtros`
--
ALTER TABLE `filtros`
  MODIFY `id` int(11) NOT NULL AUTO_INCREMENT, AUTO_INCREMENT=46;

--
-- AUTO_INCREMENT de la tabla `fitosanitarios`
--
ALTER TABLE `fitosanitarios`
  MODIFY `id` int(11) NOT NULL AUTO_INCREMENT, AUTO_INCREMENT=83;

--
-- AUTO_INCREMENT de la tabla `grupos_bombeo`
--
ALTER TABLE `grupos_bombeo`
  MODIFY `id` int(11) NOT NULL AUTO_INCREMENT, AUTO_INCREMENT=70;

--
-- AUTO_INCREMENT de la tabla `maquinaria`
--
ALTER TABLE `maquinaria`
  MODIFY `id` int(11) NOT NULL AUTO_INCREMENT, AUTO_INCREMENT=17;

--
-- AUTO_INCREMENT de la tabla `migrations`
--
ALTER TABLE `migrations`
  MODIFY `id` int(10) UNSIGNED NOT NULL AUTO_INCREMENT, AUTO_INCREMENT=5;

--
-- AUTO_INCREMENT de la tabla `parcelas`
--
ALTER TABLE `parcelas`
  MODIFY `id` int(11) NOT NULL AUTO_INCREMENT, AUTO_INCREMENT=3;

--
-- AUTO_INCREMENT de la tabla `personal_access_tokens`
--
ALTER TABLE `personal_access_tokens`
  MODIFY `id` bigint(20) UNSIGNED NOT NULL AUTO_INCREMENT;

--
-- AUTO_INCREMENT de la tabla `riegos`
--
ALTER TABLE `riegos`
  MODIFY `id` tinyint(5) NOT NULL AUTO_INCREMENT, AUTO_INCREMENT=5;

--
-- AUTO_INCREMENT de la tabla `users`
--
ALTER TABLE `users`
  MODIFY `id` int(11) NOT NULL AUTO_INCREMENT, AUTO_INCREMENT=17;

--
-- Restricciones para tablas volcadas
--

--
-- Filtros para la tabla `agricultores`
--
ALTER TABLE `agricultores`
  ADD CONSTRAINT `agricultores_ibfk_1` FOREIGN KEY (`id_usuario`) REFERENCES `users` (`id`) ON UPDATE CASCADE;

--
-- Filtros para la tabla `aperos_agricultor`
--
ALTER TABLE `aperos_agricultor`
  ADD CONSTRAINT `aperos_agricultor_ibfk_2` FOREIGN KEY (`id_apero`) REFERENCES `aperos` (`id`) ON DELETE CASCADE ON UPDATE CASCADE,
  ADD CONSTRAINT `aperos_agricultor_ibfk_3` FOREIGN KEY (`id_agricultor`) REFERENCES `users` (`id`) ON DELETE CASCADE ON UPDATE CASCADE;

--
-- Filtros para la tabla `aperos_cultivo`
--
ALTER TABLE `aperos_cultivo`
  ADD CONSTRAINT `aperos_cultivo_ibfk_1` FOREIGN KEY (`id_cultivo_parcela`) REFERENCES `cultivo_parcela` (`id`),
  ADD CONSTRAINT `aperos_cultivo_ibfk_2` FOREIGN KEY (`id_apero`) REFERENCES `aperos` (`id`),
  ADD CONSTRAINT `aperos_cultivo_ibfk_3` FOREIGN KEY (`id_maquina`) REFERENCES `maquinaria` (`id`) ON DELETE CASCADE ON UPDATE CASCADE;

--
-- Filtros para la tabla `cultivo_parcela`
--
ALTER TABLE `cultivo_parcela`
  ADD CONSTRAINT `cultivo_parcela_ibfk_1` FOREIGN KEY (`bomba`) REFERENCES `grupos_bombeo` (`id`) ON DELETE SET NULL ON UPDATE SET NULL,
  ADD CONSTRAINT `cultivo_parcela_ibfk_2` FOREIGN KEY (`id_parcela`) REFERENCES `parcelas` (`id`),
  ADD CONSTRAINT `cultivo_parcela_ibfk_3` FOREIGN KEY (`id_cultivo`) REFERENCES `cultivos` (`id`),
  ADD CONSTRAINT `cultivo_parcela_ibfk_4` FOREIGN KEY (`sistema_riego`) REFERENCES `riegos` (`id`),
  ADD CONSTRAINT `cultivo_parcela_ibfk_5` FOREIGN KEY (`espaldera`) REFERENCES `espalderas` (`id`);

--
-- Filtros para la tabla `fertilizantes_cultivo`
--
ALTER TABLE `fertilizantes_cultivo`
  ADD CONSTRAINT `fertilizantes_cultivo_ibfk_1` FOREIGN KEY (`id_cultivo_parcela`) REFERENCES `cultivo_parcela` (`id`);

--
-- Filtros para la tabla `filtros_parcela`
--
ALTER TABLE `filtros_parcela`
  ADD CONSTRAINT `filtros_parcela_ibfk_1` FOREIGN KEY (`id_parcela`) REFERENCES `parcelas` (`id`),
  ADD CONSTRAINT `filtros_parcela_ibfk_2` FOREIGN KEY (`id_filtro`) REFERENCES `filtros` (`id`);

--
-- Filtros para la tabla `fitosanitarios_cultivo`
--
ALTER TABLE `fitosanitarios_cultivo`
  ADD CONSTRAINT `fitosanitarios_cultivo_ibfk_1` FOREIGN KEY (`id_fitosanitario`) REFERENCES `fitosanitarios` (`id`),
  ADD CONSTRAINT `fitosanitarios_cultivo_ibfk_2` FOREIGN KEY (`id_cultivo_parcela`) REFERENCES `cultivo_parcela` (`id`);

--
-- Filtros para la tabla `maquinaria_agricultor`
--
ALTER TABLE `maquinaria_agricultor`
  ADD CONSTRAINT `maquinaria_agricultor_ibfk_1` FOREIGN KEY (`id_maquina`) REFERENCES `maquinaria` (`id`) ON DELETE CASCADE ON UPDATE CASCADE,
  ADD CONSTRAINT `maquinaria_agricultor_ibfk_2` FOREIGN KEY (`id_agricultor`) REFERENCES `users` (`id`) ON DELETE CASCADE ON UPDATE CASCADE;

--
-- Filtros para la tabla `maquinaria_cultivo`
--
ALTER TABLE `maquinaria_cultivo`
  ADD CONSTRAINT `maquinaria_cultivo_usos` FOREIGN KEY (`id_cultivo_parcela`) REFERENCES `cultivo_parcela` (`id`);

--
-- Filtros para la tabla `municipios`
--
ALTER TABLE `municipios`
  ADD CONSTRAINT `municipios_ibfk_1` FOREIGN KEY (`id_provincia`) REFERENCES `provincias` (`id_provincia`) ON DELETE CASCADE ON UPDATE CASCADE;

--
-- Filtros para la tabla `parcelas`
--
ALTER TABLE `parcelas`
  ADD CONSTRAINT `parcelas_ibfk_2` FOREIGN KEY (`provincia`) REFERENCES `provincias` (`id_provincia`),
  ADD CONSTRAINT `parcelas_ibfk_5` FOREIGN KEY (`municipio`) REFERENCES `municipios` (`id`),
  ADD CONSTRAINT `parcelas_ibfk_6` FOREIGN KEY (`id_agricultor`) REFERENCES `users` (`id`) ON DELETE CASCADE ON UPDATE CASCADE;
COMMIT;

/*!40101 SET CHARACTER_SET_CLIENT=@OLD_CHARACTER_SET_CLIENT */;
/*!40101 SET CHARACTER_SET_RESULTS=@OLD_CHARACTER_SET_RESULTS */;
/*!40101 SET COLLATION_CONNECTION=@OLD_COLLATION_CONNECTION */;
